[2026-01-10 10:46:19] Incoming request
Data: Array
(
    [action] => check_unread
)

[2026-01-10 10:46:19] Database connection successful
[2026-01-10 10:46:19] Action received
Data: check_unread
[2026-01-10 10:46:26] Incoming request
Data: Array
(
    [action] => check_unread
)

[2026-01-10 10:46:26] Database connection successful
[2026-01-10 10:46:26] Action received
Data: check_unread
[2026-01-10 10:46:30] Incoming request
Data: Array
(
    [action] => check_unread
)

[2026-01-10 10:46:30] Database connection successful
[2026-01-10 10:46:30] Action received
Data: check_unread
[2026-01-10 10:46:40] Incoming request
Data: Array
(
    [action] => check_unread
)

[2026-01-10 10:46:40] Database connection successful
[2026-01-10 10:46:40] Action received
Data: check_unread
[2026-01-10 10:46:44] Incoming request
Data: Array
(
    [action] => check_unread
)

[2026-01-10 10:46:44] Database connection successful
[2026-01-10 10:46:44] Action received
Data: check_unread
[2026-01-10 10:46:54] Incoming request
Data: Array
(
    [action] => check_unread
)

[2026-01-10 10:46:54] Database connection successful
[2026-01-10 10:46:54] Action received
Data: check_unread
[2026-01-10 10:47:05] Incoming request
Data: Array
(
    [action] => check_unread
)

[2026-01-10 10:47:05] Database connection successful
[2026-01-10 10:47:05] Action received
Data: check_unread
[2026-01-10 10:47:05] Incoming request
Data: Array
(
    [action] => check_unread
)

[2026-01-10 10:47:05] Database connection successful
[2026-01-10 10:47:05] Action received
Data: check_unread
[2026-01-10 10:47:10] Incoming request
Data: Array
(
    [action] => check_unread
)

[2026-01-10 10:47:10] Database connection successful
[2026-01-10 10:47:10] Action received
Data: check_unread
[2026-01-10 10:47:12] Incoming request
Data: Array
(
    [action] => check_unread
)

[2026-01-10 10:47:12] Database connection successful
[2026-01-10 10:47:12] Action received
Data: check_unread
[2026-01-10 10:47:12] Incoming request
Data: Array
(
    [action] => check_unread
)

[2026-01-10 10:47:12] Database connection successful
[2026-01-10 10:47:12] Action received
Data: check_unread
[2026-01-10 10:47:42] Incoming request
Data: Array
(
    [action] => check_unread
)

[2026-01-10 10:47:42] Database connection successful
[2026-01-10 10:47:42] Action received
Data: check_unread
[2026-01-10 10:47:42] Incoming request
Data: Array
(
    [action] => check_unread
)

[2026-01-10 10:47:42] Database connection successful
[2026-01-10 10:47:42] Action received
Data: check_unread
[2026-01-10 10:48:13] Incoming request
Data: Array
(
    [action] => check_unread
)

[2026-01-10 10:48:13] Database connection successful
[2026-01-10 10:48:13] Action received
Data: check_unread
[2026-01-10 10:48:14] Incoming request
Data: Array
(
    [action] => check_unread
)

[2026-01-10 10:48:14] Database connection successful
[2026-01-10 10:48:14] Action received
Data: check_unread
[2026-01-10 10:48:45] Incoming request
Data: Array
(
    [action] => check_unread
)

[2026-01-10 10:48:45] Database connection successful
[2026-01-10 10:48:45] Action received
Data: check_unread
[2026-01-10 10:48:45] Incoming request
Data: Array
(
    [action] => check_unread
)

[2026-01-10 10:48:45] Database connection successful
[2026-01-10 10:48:45] Action received
Data: check_unread
[2026-01-10 10:49:18] Incoming request
Data: Array
(
    [action] => check_unread
)

[2026-01-10 10:49:18] Database connection successful
[2026-01-10 10:49:18] Action received
Data: check_unread
[2026-01-10 10:49:18] Incoming request
Data: Array
(
    [action] => check_unread
)

[2026-01-10 10:49:18] Database connection successful
[2026-01-10 10:49:18] Action received
Data: check_unread
[2026-01-10 10:49:36] Incoming request
Data: Array
(
    [action] => check_unread
)

[2026-01-10 10:49:36] Database connection successful
[2026-01-10 10:49:36] Action received
Data: check_unread
[2026-01-10 10:49:36] Incoming request
Data: Array
(
    [action] => check_unread
)

[2026-01-10 10:49:36] Database connection successful
[2026-01-10 10:49:36] Action received
Data: check_unread
[2026-01-10 10:50:14] Incoming request
Data: Array
(
    [action] => check_unread
)

[2026-01-10 10:50:14] Database connection successful
[2026-01-10 10:50:14] Action received
Data: check_unread
[2026-01-10 10:50:14] Incoming request
Data: Array
(
    [action] => check_unread
)

[2026-01-10 10:50:14] Database connection successful
[2026-01-10 10:50:14] Action received
Data: check_unread
[2026-01-10 10:50:37] Incoming request
Data: Array
(
    [action] => check_unread
)

[2026-01-10 10:50:37] Database connection successful
[2026-01-10 10:50:37] Action received
Data: check_unread
[2026-01-10 10:50:37] Incoming request
Data: Array
(
    [action] => check_unread
)

[2026-01-10 10:50:37] Database connection successful
[2026-01-10 10:50:37] Action received
Data: check_unread
[2026-01-10 10:51:07] Incoming request
Data: Array
(
    [action] => check_unread
)

[2026-01-10 10:51:07] Database connection successful
[2026-01-10 10:51:07] Action received
Data: check_unread
[2026-01-10 10:51:07] Incoming request
Data: Array
(
    [action] => check_unread
)

[2026-01-10 10:51:07] Database connection successful
[2026-01-10 10:51:07] Action received
Data: check_unread
[2026-01-10 10:51:37] Incoming request
Data: Array
(
    [action] => check_unread
)

[2026-01-10 10:51:37] Database connection successful
[2026-01-10 10:51:37] Action received
Data: check_unread
[2026-01-10 10:51:37] Incoming request
Data: Array
(
    [action] => check_unread
)

[2026-01-10 10:51:37] Database connection successful
[2026-01-10 10:51:37] Action received
Data: check_unread
[2026-01-10 10:52:07] Incoming request
Data: Array
(
    [action] => check_unread
)

[2026-01-10 10:52:07] Database connection successful
[2026-01-10 10:52:07] Action received
Data: check_unread
[2026-01-10 10:52:07] Incoming request
Data: Array
(
    [action] => check_unread
)

[2026-01-10 10:52:07] Database connection successful
[2026-01-10 10:52:07] Action received
Data: check_unread
[2026-01-10 10:52:37] Incoming request
Data: Array
(
    [action] => check_unread
)

[2026-01-10 10:52:37] Database connection successful
[2026-01-10 10:52:37] Action received
Data: check_unread
[2026-01-10 10:52:37] Incoming request
Data: Array
(
    [action] => check_unread
)

[2026-01-10 10:52:37] Database connection successful
[2026-01-10 10:52:37] Action received
Data: check_unread
[2026-01-10 10:52:43] Incoming request
Data: Array
(
    [action] => check_unread
)

[2026-01-10 10:52:43] Database connection successful
[2026-01-10 10:52:43] Action received
Data: check_unread
[2026-01-10 10:52:45] Incoming request
Data: Array
(
    [action] => check_unread
)

[2026-01-10 10:52:45] Database connection successful
[2026-01-10 10:52:45] Action received
Data: check_unread
[2026-01-10 10:53:03] Incoming request
Data: Array
(
    [action] => check_unread
)

[2026-01-10 10:53:03] Database connection successful
[2026-01-10 10:53:03] Action received
Data: check_unread
[2026-01-10 10:53:03] Incoming request
Data: Array
(
    [action] => check_unread
)

[2026-01-10 10:53:03] Database connection successful
[2026-01-10 10:53:03] Action received
Data: check_unread
[2026-01-10 10:53:07] Incoming request
Data: Array
(
    [action] => check_unread
)

[2026-01-10 10:53:07] Database connection successful
[2026-01-10 10:53:07] Action received
Data: check_unread
[2026-01-10 10:53:07] Incoming request
Data: Array
(
    [action] => check_unread
)

[2026-01-10 10:53:07] Database connection successful
[2026-01-10 10:53:07] Action received
Data: check_unread
[2026-01-10 10:53:10] Incoming request
Data: Array
(
    [action] => check_unread
)

[2026-01-10 10:53:10] Database connection successful
[2026-01-10 10:53:10] Action received
Data: check_unread
[2026-01-10 10:53:16] Incoming request
Data: Array
(
    [action] => check_unread
)

[2026-01-10 10:53:16] Database connection successful
[2026-01-10 10:53:16] Action received
Data: check_unread
[2026-01-10 10:53:16] Incoming request
Data: Array
(
    [action] => check_unread
)

[2026-01-10 10:53:16] Database connection successful
[2026-01-10 10:53:16] Action received
Data: check_unread
[2026-01-10 10:53:21] Incoming request
Data: Array
(
    [action] => check_unread
)

[2026-01-10 10:53:21] Database connection successful
[2026-01-10 10:53:21] Action received
Data: check_unread
[2026-01-10 10:53:37] Incoming request
Data: Array
(
    [action] => check_unread
)

[2026-01-10 10:53:37] Database connection successful
[2026-01-10 10:53:37] Action received
Data: check_unread
[2026-01-10 10:53:37] Incoming request
Data: Array
(
    [action] => check_unread
)

[2026-01-10 10:53:37] Database connection successful
[2026-01-10 10:53:37] Action received
Data: check_unread
[2026-01-10 10:53:46] Incoming request
Data: Array
(
    [action] => check_unread
)

[2026-01-10 10:53:46] Database connection successful
[2026-01-10 10:53:46] Action received
Data: check_unread
[2026-01-10 10:53:46] Incoming request
Data: Array
(
    [action] => check_unread
)

[2026-01-10 10:53:46] Database connection successful
[2026-01-10 10:53:46] Action received
Data: check_unread
[2026-01-10 10:54:07] Incoming request
Data: Array
(
    [action] => check_unread
)

[2026-01-10 10:54:07] Database connection successful
[2026-01-10 10:54:07] Action received
Data: check_unread
[2026-01-10 10:54:07] Incoming request
Data: Array
(
    [action] => check_unread
)

[2026-01-10 10:54:07] Database connection successful
[2026-01-10 10:54:07] Action received
Data: check_unread
[2026-01-10 10:54:16] Incoming request
Data: Array
(
    [action] => check_unread
)

[2026-01-10 10:54:16] Database connection successful
[2026-01-10 10:54:16] Action received
Data: check_unread
[2026-01-10 10:54:16] Incoming request
Data: Array
(
    [action] => check_unread
)

[2026-01-10 10:54:16] Database connection successful
[2026-01-10 10:54:16] Action received
Data: check_unread
[2026-01-10 10:54:37] Incoming request
Data: Array
(
    [action] => check_unread
)

[2026-01-10 10:54:37] Database connection successful
[2026-01-10 10:54:37] Action received
Data: check_unread
[2026-01-10 10:54:37] Incoming request
Data: Array
(
    [action] => check_unread
)

[2026-01-10 10:54:37] Database connection successful
[2026-01-10 10:54:37] Action received
Data: check_unread
[2026-01-10 10:54:46] Incoming request
Data: Array
(
    [action] => check_unread
)

[2026-01-10 10:54:46] Database connection successful
[2026-01-10 10:54:46] Action received
Data: check_unread
[2026-01-10 10:54:46] Incoming request
Data: Array
(
    [action] => check_unread
)

[2026-01-10 10:54:46] Database connection successful
[2026-01-10 10:54:46] Action received
Data: check_unread
[2026-01-10 10:55:16] Incoming request
Data: Array
(
    [action] => check_unread
)

[2026-01-10 10:55:16] Database connection successful
[2026-01-10 10:55:16] Action received
Data: check_unread
[2026-01-10 10:55:16] Incoming request
Data: Array
(
    [action] => check_unread
)

[2026-01-10 10:55:16] Database connection successful
[2026-01-10 10:55:16] Action received
Data: check_unread
[2026-01-10 10:55:38] Incoming request
Data: Array
(
    [action] => check_unread
)

[2026-01-10 10:55:38] Database connection successful
[2026-01-10 10:55:38] Action received
Data: check_unread
[2026-01-10 10:55:38] Incoming request
Data: Array
(
    [action] => check_unread
)

[2026-01-10 10:55:38] Database connection successful
[2026-01-10 10:55:38] Action received
Data: check_unread
[2026-01-10 10:55:38] Incoming request
Data: Array
(
    [action] => check_unread
)

[2026-01-10 10:55:38] Database connection successful
[2026-01-10 10:55:38] Action received
Data: check_unread
[2026-01-10 10:55:38] Incoming request
Data: Array
(
    [action] => check_unread
)

[2026-01-10 10:55:38] Database connection successful
[2026-01-10 10:55:38] Action received
Data: check_unread
[2026-01-10 10:56:39] Incoming request
Data: Array
(
    [action] => check_unread
)

[2026-01-10 10:56:39] Database connection successful
[2026-01-10 10:56:39] Action received
Data: check_unread
[2026-01-10 10:56:39] Incoming request
Data: Array
(
    [action] => check_unread
)

[2026-01-10 10:56:39] Database connection successful
[2026-01-10 10:56:39] Action received
Data: check_unread
[2026-01-10 10:57:39] Incoming request
Data: Array
(
    [action] => check_unread
)

[2026-01-10 10:57:39] Database connection successful
[2026-01-10 10:57:39] Action received
Data: check_unread
[2026-01-10 10:57:39] Incoming request
Data: Array
(
    [action] => check_unread
)

[2026-01-10 10:57:39] Database connection successful
[2026-01-10 10:57:39] Action received
Data: check_unread
[2026-01-10 10:57:40] Incoming request
Data: Array
(
    [action] => check_unread
)

[2026-01-10 10:57:40] Database connection successful
[2026-01-10 10:57:40] Action received
Data: check_unread
[2026-01-10 10:57:40] Incoming request
Data: Array
(
    [action] => check_unread
)

[2026-01-10 10:57:40] Database connection successful
[2026-01-10 10:57:40] Action received
Data: check_unread
[2026-01-10 10:58:09] Incoming request
Data: Array
(
    [action] => check_unread
)

[2026-01-10 10:58:09] Database connection successful
[2026-01-10 10:58:09] Action received
Data: check_unread
[2026-01-10 10:58:09] Incoming request
Data: Array
(
    [action] => check_unread
)

[2026-01-10 10:58:09] Database connection successful
[2026-01-10 10:58:09] Action received
Data: check_unread
[2026-01-10 10:58:39] Incoming request
Data: Array
(
    [action] => check_unread
)

[2026-01-10 10:58:39] Database connection successful
[2026-01-10 10:58:39] Action received
Data: check_unread
[2026-01-10 10:58:39] Incoming request
Data: Array
(
    [action] => check_unread
)

[2026-01-10 10:58:39] Database connection successful
[2026-01-10 10:58:39] Action received
Data: check_unread
[2026-01-10 10:58:41] Incoming request
Data: Array
(
    [action] => check_unread
)

[2026-01-10 10:58:41] Database connection successful
[2026-01-10 10:58:41] Action received
Data: check_unread
[2026-01-10 10:58:41] Incoming request
Data: Array
(
    [action] => check_unread
)

[2026-01-10 10:58:41] Database connection successful
[2026-01-10 10:58:41] Action received
Data: check_unread
[2026-01-10 10:59:37] Incoming request
Data: Array
(
    [action] => check_unread
)

[2026-01-10 10:59:37] Database connection successful
[2026-01-10 10:59:37] Action received
Data: check_unread
[2026-01-10 10:59:37] Incoming request
Data: Array
(
    [action] => check_unread
)

[2026-01-10 10:59:37] Database connection successful
[2026-01-10 10:59:37] Action received
Data: check_unread
[2026-01-10 10:59:39] Incoming request
Data: Array
(
    [action] => check_unread
)

[2026-01-10 10:59:39] Database connection successful
[2026-01-10 10:59:39] Action received
Data: check_unread
[2026-01-10 10:59:39] Incoming request
Data: Array
(
    [action] => check_unread
)

[2026-01-10 10:59:39] Database connection successful
[2026-01-10 10:59:39] Action received
Data: check_unread
[2026-01-10 10:59:42] Incoming request
Data: Array
(
    [action] => check_unread
)

[2026-01-10 10:59:42] Database connection successful
[2026-01-10 10:59:42] Action received
Data: check_unread
[2026-01-10 10:59:42] Incoming request
Data: Array
(
    [action] => check_unread
)

[2026-01-10 10:59:42] Database connection successful
[2026-01-10 10:59:42] Action received
Data: check_unread
[2026-01-10 10:59:51] Incoming request
Data: Array
(
    [action] => check_unread
)

[2026-01-10 10:59:51] Database connection successful
[2026-01-10 10:59:51] Action received
Data: check_unread
[2026-01-10 10:59:51] Incoming request
Data: Array
(
    [action] => check_unread
)

[2026-01-10 10:59:51] Database connection successful
[2026-01-10 10:59:51] Action received
Data: check_unread
[2026-01-10 10:59:59] Incoming request
Data: Array
(
    [action] => check_unread
)

[2026-01-10 10:59:59] Database connection successful
[2026-01-10 10:59:59] Action received
Data: check_unread
[2026-01-10 11:00:03] Incoming request
Data: Array
(
    [action] => check_unread
)

[2026-01-10 11:00:03] Database connection successful
[2026-01-10 11:00:03] Action received
Data: check_unread
[2026-01-10 11:00:03] Incoming request
Data: Array
(
    [action] => check_unread
)

[2026-01-10 11:00:03] Database connection successful
[2026-01-10 11:00:03] Action received
Data: check_unread
[2026-01-10 11:00:33] Incoming request
Data: Array
(
    [action] => check_unread
)

[2026-01-10 11:00:33] Database connection successful
[2026-01-10 11:00:33] Action received
Data: check_unread
[2026-01-10 11:00:33] Incoming request
Data: Array
(
    [action] => check_unread
)

[2026-01-10 11:00:33] Database connection successful
[2026-01-10 11:00:33] Action received
Data: check_unread
[2026-01-10 11:00:43] Incoming request
Data: Array
(
    [action] => check_unread
)

[2026-01-10 11:00:43] Database connection successful
[2026-01-10 11:00:43] Action received
Data: check_unread
[2026-01-10 11:00:43] Incoming request
Data: Array
(
    [action] => check_unread
)

[2026-01-10 11:00:43] Database connection successful
[2026-01-10 11:00:43] Action received
Data: check_unread
[2026-01-10 11:01:03] Incoming request
Data: Array
(
    [action] => check_unread
)

[2026-01-10 11:01:03] Database connection successful
[2026-01-10 11:01:03] Action received
Data: check_unread
[2026-01-10 11:01:03] Incoming request
Data: Array
(
    [action] => check_unread
)

[2026-01-10 11:01:03] Database connection successful
[2026-01-10 11:01:03] Action received
Data: check_unread
[2026-01-10 11:01:33] Incoming request
Data: Array
(
    [action] => check_unread
)

[2026-01-10 11:01:33] Database connection successful
[2026-01-10 11:01:33] Action received
Data: check_unread
[2026-01-10 11:01:33] Incoming request
Data: Array
(
    [action] => check_unread
)

[2026-01-10 11:01:33] Database connection successful
[2026-01-10 11:01:33] Action received
Data: check_unread
[2026-01-10 11:01:44] Incoming request
Data: Array
(
    [action] => check_unread
)

[2026-01-10 11:01:44] Database connection successful
[2026-01-10 11:01:44] Action received
Data: check_unread
[2026-01-10 11:01:44] Incoming request
Data: Array
(
    [action] => check_unread
)

[2026-01-10 11:01:44] Database connection successful
[2026-01-10 11:01:44] Action received
Data: check_unread
[2026-01-10 11:02:25] Incoming request
Data: Array
(
    [action] => check_unread
)

[2026-01-10 11:02:25] Database connection successful
[2026-01-10 11:02:25] Action received
Data: check_unread
[2026-01-10 11:02:25] Incoming request
Data: Array
(
    [action] => check_unread
)

[2026-01-10 11:02:25] Database connection successful
[2026-01-10 11:02:25] Action received
Data: check_unread
[2026-01-10 11:02:45] Incoming request
Data: Array
(
    [action] => check_unread
)

[2026-01-10 11:02:45] Database connection successful
[2026-01-10 11:02:45] Action received
Data: check_unread
[2026-01-10 11:02:45] Incoming request
Data: Array
(
    [action] => check_unread
)

[2026-01-10 11:02:45] Database connection successful
[2026-01-10 11:02:45] Action received
Data: check_unread
[2026-01-10 11:03:46] Incoming request
Data: Array
(
    [action] => check_unread
)

[2026-01-10 11:03:46] Database connection successful
[2026-01-10 11:03:46] Action received
Data: check_unread
[2026-01-10 11:03:46] Incoming request
Data: Array
(
    [action] => check_unread
)

[2026-01-10 11:03:46] Database connection successful
[2026-01-10 11:03:46] Action received
Data: check_unread
[2026-01-10 11:03:46] Incoming request
Data: Array
(
    [action] => check_unread
)

[2026-01-10 11:03:46] Database connection successful
[2026-01-10 11:03:46] Action received
Data: check_unread
[2026-01-10 11:03:59] Incoming request
Data: Array
(
    [action] => check_unread
)

[2026-01-10 11:03:59] Database connection successful
[2026-01-10 11:03:59] Action received
Data: check_unread
[2026-01-10 11:04:14] Incoming request
Data: Array
(
    [action] => check_unread
)

[2026-01-10 11:04:14] Database connection successful
[2026-01-10 11:04:14] Action received
Data: check_unread
[2026-01-10 11:04:14] Incoming request
Data: Array
(
    [action] => check_unread
)

[2026-01-10 11:04:14] Database connection successful
[2026-01-10 11:04:14] Action received
Data: check_unread
[2026-01-10 11:04:18] Incoming request
Data: Array
(
    [action] => check_unread
)

[2026-01-10 11:04:18] Database connection successful
[2026-01-10 11:04:18] Action received
Data: check_unread
[2026-01-10 11:04:18] Incoming request
Data: Array
(
    [action] => check_unread
)

[2026-01-10 11:04:18] Database connection successful
[2026-01-10 11:04:18] Action received
Data: check_unread
[2026-01-10 11:04:47] Incoming request
Data: Array
(
    [action] => check_unread
)

[2026-01-10 11:04:47] Database connection successful
[2026-01-10 11:04:47] Action received
Data: check_unread
[2026-01-10 11:04:47] Incoming request
Data: Array
(
    [action] => check_unread
)

[2026-01-10 11:04:47] Database connection successful
[2026-01-10 11:04:47] Action received
Data: check_unread
[2026-01-10 11:04:48] Incoming request
Data: Array
(
    [action] => check_unread
)

[2026-01-10 11:04:48] Database connection successful
[2026-01-10 11:04:48] Action received
Data: check_unread
[2026-01-10 11:04:48] Incoming request
Data: Array
(
    [action] => check_unread
)

[2026-01-10 11:04:48] Database connection successful
[2026-01-10 11:04:48] Action received
Data: check_unread
[2026-01-10 11:05:18] Incoming request
Data: Array
(
    [action] => check_unread
)

[2026-01-10 11:05:18] Database connection successful
[2026-01-10 11:05:18] Action received
Data: check_unread
[2026-01-10 11:05:18] Incoming request
Data: Array
(
    [action] => check_unread
)

[2026-01-10 11:05:18] Database connection successful
[2026-01-10 11:05:18] Action received
Data: check_unread
[2026-01-10 11:05:33] Incoming request
Data: Array
(
    [action] => check_unread
)

[2026-01-10 11:05:33] Database connection successful
[2026-01-10 11:05:33] Action received
Data: check_unread
[2026-01-10 11:05:33] Incoming request
Data: Array
(
    [action] => check_unread
)

[2026-01-10 11:05:33] Database connection successful
[2026-01-10 11:05:33] Action received
Data: check_unread
[2026-01-10 11:05:48] Incoming request
Data: Array
(
    [action] => check_unread
)

[2026-01-10 11:05:48] Database connection successful
[2026-01-10 11:05:48] Action received
Data: check_unread
[2026-01-10 11:05:48] Incoming request
Data: Array
(
    [action] => check_unread
)

[2026-01-10 11:05:48] Database connection successful
[2026-01-10 11:05:48] Action received
Data: check_unread
[2026-01-10 11:06:03] Incoming request
Data: Array
(
    [action] => check_unread
)

[2026-01-10 11:06:03] Database connection successful
[2026-01-10 11:06:03] Action received
Data: check_unread
[2026-01-10 11:06:03] Incoming request
Data: Array
(
    [action] => check_unread
)

[2026-01-10 11:06:03] Database connection successful
[2026-01-10 11:06:03] Action received
Data: check_unread
[2026-01-10 11:06:33] Incoming request
Data: Array
(
    [action] => check_unread
)

[2026-01-10 11:06:33] Database connection successful
[2026-01-10 11:06:33] Action received
Data: check_unread
[2026-01-10 11:06:33] Incoming request
Data: Array
(
    [action] => check_unread
)

[2026-01-10 11:06:33] Database connection successful
[2026-01-10 11:06:33] Action received
Data: check_unread
[2026-01-10 11:06:49] Incoming request
Data: Array
(
    [action] => check_unread
)

[2026-01-10 11:06:49] Database connection successful
[2026-01-10 11:06:49] Action received
Data: check_unread
[2026-01-10 11:06:49] Incoming request
Data: Array
(
    [action] => check_unread
)

[2026-01-10 11:06:49] Database connection successful
[2026-01-10 11:06:49] Action received
Data: check_unread
[2026-01-10 11:07:03] Incoming request
Data: Array
(
    [action] => check_unread
)

[2026-01-10 11:07:03] Database connection successful
[2026-01-10 11:07:03] Action received
Data: check_unread
[2026-01-10 11:07:03] Incoming request
Data: Array
(
    [action] => check_unread
)

[2026-01-10 11:07:03] Database connection successful
[2026-01-10 11:07:03] Action received
Data: check_unread
[2026-01-10 11:07:13] Incoming request
Data: Array
(
    [action] => check_unread
)

[2026-01-10 11:07:13] Database connection successful
[2026-01-10 11:07:13] Action received
Data: check_unread
[2026-01-10 11:07:13] Incoming request
Data: Array
(
    [action] => check_unread
)

[2026-01-10 11:07:13] Database connection successful
[2026-01-10 11:07:13] Action received
Data: check_unread
[2026-01-10 11:07:19] Incoming request
Data: Array
(
    [action] => check_unread
)

[2026-01-10 11:07:19] Database connection successful
[2026-01-10 11:07:19] Action received
Data: check_unread
[2026-01-10 11:07:19] Incoming request
Data: Array
(
    [action] => check_unread
)

[2026-01-10 11:07:19] Database connection successful
[2026-01-10 11:07:19] Action received
Data: check_unread
[2026-01-10 11:07:49] Incoming request
Data: Array
(
    [action] => check_unread
)

[2026-01-10 11:07:49] Database connection successful
[2026-01-10 11:07:49] Action received
Data: check_unread
[2026-01-10 11:07:49] Incoming request
Data: Array
(
    [action] => check_unread
)

[2026-01-10 11:07:49] Database connection successful
[2026-01-10 11:07:49] Action received
Data: check_unread
[2026-01-10 11:08:11] Incoming request
Data: Array
(
    [action] => check_unread
)

[2026-01-10 11:08:11] Database connection successful
[2026-01-10 11:08:11] Action received
Data: check_unread
[2026-01-10 11:08:11] Incoming request
Data: Array
(
    [action] => check_unread
)

[2026-01-10 11:08:11] Database connection successful
[2026-01-10 11:08:11] Action received
Data: check_unread
[2026-01-10 11:08:19] Incoming request
Data: Array
(
    [action] => check_unread
)

[2026-01-10 11:08:19] Database connection successful
[2026-01-10 11:08:19] Action received
Data: check_unread
[2026-01-10 11:08:19] Incoming request
Data: Array
(
    [action] => check_unread
)

[2026-01-10 11:08:19] Database connection successful
[2026-01-10 11:08:19] Action received
Data: check_unread
[2026-01-10 11:08:41] Incoming request
Data: Array
(
    [action] => check_unread
)

[2026-01-10 11:08:41] Database connection successful
[2026-01-10 11:08:41] Action received
Data: check_unread
[2026-01-10 11:08:41] Incoming request
Data: Array
(
    [action] => check_unread
)

[2026-01-10 11:08:41] Database connection successful
[2026-01-10 11:08:41] Action received
Data: check_unread
[2026-01-10 11:08:50] Incoming request
Data: Array
(
    [action] => check_unread
)

[2026-01-10 11:08:50] Database connection successful
[2026-01-10 11:08:50] Action received
Data: check_unread
[2026-01-10 11:08:50] Incoming request
Data: Array
(
    [action] => check_unread
)

[2026-01-10 11:08:50] Database connection successful
[2026-01-10 11:08:50] Action received
Data: check_unread
[2026-01-10 11:09:03] Incoming request
Data: Array
(
    [action] => check_unread
)

[2026-01-10 11:09:03] Database connection successful
[2026-01-10 11:09:03] Action received
Data: check_unread
[2026-01-10 11:09:03] Incoming request
Data: Array
(
    [action] => check_unread
)

[2026-01-10 11:09:03] Database connection successful
[2026-01-10 11:09:03] Action received
Data: check_unread
[2026-01-10 11:09:11] Incoming request
Data: Array
(
    [action] => check_unread
)

[2026-01-10 11:09:11] Database connection successful
[2026-01-10 11:09:11] Action received
Data: check_unread
[2026-01-10 11:09:11] Incoming request
Data: Array
(
    [action] => check_unread
)

[2026-01-10 11:09:11] Database connection successful
[2026-01-10 11:09:11] Action received
Data: check_unread
[2026-01-10 11:09:34] Incoming request
Data: Array
(
    [action] => check_unread
)

[2026-01-10 11:09:34] Database connection successful
[2026-01-10 11:09:34] Action received
Data: check_unread
[2026-01-10 11:09:34] Incoming request
Data: Array
(
    [action] => check_unread
)

[2026-01-10 11:09:34] Database connection successful
[2026-01-10 11:09:34] Action received
Data: check_unread
[2026-01-10 11:09:41] Incoming request
Data: Array
(
    [action] => check_unread
)

[2026-01-10 11:09:41] Database connection successful
[2026-01-10 11:09:41] Action received
Data: check_unread
[2026-01-10 11:09:41] Incoming request
Data: Array
(
    [action] => check_unread
)

[2026-01-10 11:09:41] Database connection successful
[2026-01-10 11:09:41] Action received
Data: check_unread
[2026-01-10 11:09:46] Incoming request
Data: Array
(
    [action] => check_unread
)

[2026-01-10 11:09:46] Database connection successful
[2026-01-10 11:09:46] Action received
Data: check_unread
[2026-01-10 11:09:46] Incoming request
Data: Array
(
    [action] => check_unread
)

[2026-01-10 11:09:46] Database connection successful
[2026-01-10 11:09:46] Action received
Data: check_unread
[2026-01-10 11:09:52] Incoming request
Data: Array
(
    [action] => check_unread
)

[2026-01-10 11:09:52] Database connection successful
[2026-01-10 11:09:52] Action received
Data: check_unread
[2026-01-10 11:09:52] Incoming request
Data: Array
(
    [action] => check_unread
)

[2026-01-10 11:09:52] Database connection successful
[2026-01-10 11:09:52] Action received
Data: check_unread
[2026-01-10 11:10:04] Incoming request
Data: Array
(
    [action] => check_unread
)

[2026-01-10 11:10:04] Database connection successful
[2026-01-10 11:10:04] Action received
Data: check_unread
[2026-01-10 11:10:04] Incoming request
Data: Array
(
    [action] => check_unread
)

[2026-01-10 11:10:04] Database connection successful
[2026-01-10 11:10:04] Action received
Data: check_unread
[2026-01-10 11:10:33] Incoming request
Data: Array
(
    [action] => check_unread
)

[2026-01-10 11:10:33] Database connection successful
[2026-01-10 11:10:33] Action received
Data: check_unread
[2026-01-10 11:10:33] Incoming request
Data: Array
(
    [action] => check_unread
)

[2026-01-10 11:10:33] Database connection successful
[2026-01-10 11:10:33] Action received
Data: check_unread
[2026-01-10 11:11:03] Incoming request
Data: Array
(
    [action] => check_unread
)

[2026-01-10 11:11:03] Database connection successful
[2026-01-10 11:11:03] Action received
Data: check_unread
[2026-01-10 11:11:03] Incoming request
Data: Array
(
    [action] => check_unread
)

[2026-01-10 11:11:03] Database connection successful
[2026-01-10 11:11:03] Action received
Data: check_unread
[2026-01-10 11:11:21] Incoming request
Data: Array
(
    [action] => check_unread
)

[2026-01-10 11:11:21] Database connection successful
[2026-01-10 11:11:21] Action received
Data: check_unread
[2026-01-10 11:11:21] Incoming request
Data: Array
(
    [action] => check_unread
)

[2026-01-10 11:11:21] Database connection successful
[2026-01-10 11:11:21] Action received
Data: check_unread
[2026-01-10 11:11:51] Incoming request
Data: Array
(
    [action] => check_unread
)

[2026-01-10 11:11:51] Database connection successful
[2026-01-10 11:11:51] Action received
Data: check_unread
[2026-01-10 11:11:51] Incoming request
Data: Array
(
    [action] => check_unread
)

[2026-01-10 11:11:51] Database connection successful
[2026-01-10 11:11:51] Action received
Data: check_unread
[2026-01-10 11:11:55] Incoming request
Data: Array
(
    [action] => check_unread
)

[2026-01-10 11:11:55] Database connection successful
[2026-01-10 11:11:55] Action received
Data: check_unread
[2026-01-10 11:11:55] Incoming request
Data: Array
(
    [action] => check_unread
)

[2026-01-10 11:11:55] Database connection successful
[2026-01-10 11:11:55] Action received
Data: check_unread
[2026-01-10 11:12:21] Incoming request
Data: Array
(
    [action] => check_unread
)

[2026-01-10 11:12:21] Database connection successful
[2026-01-10 11:12:21] Action received
Data: check_unread
[2026-01-10 11:12:21] Incoming request
Data: Array
(
    [action] => check_unread
)

[2026-01-10 11:12:21] Database connection successful
[2026-01-10 11:12:21] Action received
Data: check_unread
[2026-01-10 11:12:41] Incoming request
Data: Array
(
    [action] => check_unread
)

[2026-01-10 11:12:41] Database connection successful
[2026-01-10 11:12:41] Action received
Data: check_unread
[2026-01-10 11:12:41] Incoming request
Data: Array
(
    [action] => check_unread
)

[2026-01-10 11:12:41] Database connection successful
[2026-01-10 11:12:41] Action received
Data: check_unread
[2026-01-10 11:13:11] Incoming request
Data: Array
(
    [action] => check_unread
)

[2026-01-10 11:13:11] Database connection successful
[2026-01-10 11:13:11] Action received
Data: check_unread
[2026-01-10 11:13:11] Incoming request
Data: Array
(
    [action] => check_unread
)

[2026-01-10 11:13:11] Database connection successful
[2026-01-10 11:13:11] Action received
Data: check_unread
[2026-01-10 11:13:42] Incoming request
Data: Array
(
    [action] => check_unread
)

[2026-01-10 11:13:42] Database connection successful
[2026-01-10 11:13:42] Action received
Data: check_unread
[2026-01-10 11:13:42] Incoming request
Data: Array
(
    [action] => check_unread
)

[2026-01-10 11:13:42] Database connection successful
[2026-01-10 11:13:42] Action received
Data: check_unread
[2026-01-10 11:14:12] Incoming request
Data: Array
(
    [action] => check_unread
)

[2026-01-10 11:14:12] Database connection successful
[2026-01-10 11:14:12] Action received
Data: check_unread
[2026-01-10 11:14:12] Incoming request
Data: Array
(
    [action] => check_unread
)

[2026-01-10 11:14:12] Database connection successful
[2026-01-10 11:14:12] Action received
Data: check_unread
[2026-01-10 11:14:42] Incoming request
Data: Array
(
    [action] => check_unread
)

[2026-01-10 11:14:42] Database connection successful
[2026-01-10 11:14:42] Action received
Data: check_unread
[2026-01-10 11:14:42] Incoming request
Data: Array
(
    [action] => check_unread
)

[2026-01-10 11:14:42] Database connection successful
[2026-01-10 11:14:42] Action received
Data: check_unread
[2026-01-10 11:15:11] Incoming request
Data: Array
(
    [action] => check_unread
)

[2026-01-10 11:15:11] Database connection successful
[2026-01-10 11:15:11] Action received
Data: check_unread
[2026-01-10 11:15:11] Incoming request
Data: Array
(
    [action] => check_unread
)

[2026-01-10 11:15:11] Database connection successful
[2026-01-10 11:15:11] Action received
Data: check_unread
[2026-01-10 11:15:41] Incoming request
Data: Array
(
    [action] => check_unread
)

[2026-01-10 11:15:41] Database connection successful
[2026-01-10 11:15:41] Action received
Data: check_unread
[2026-01-10 11:15:41] Incoming request
Data: Array
(
    [action] => check_unread
)

[2026-01-10 11:15:41] Database connection successful
[2026-01-10 11:15:41] Action received
Data: check_unread
[2026-01-10 11:16:11] Incoming request
Data: Array
(
    [action] => check_unread
)

[2026-01-10 11:16:11] Database connection successful
[2026-01-10 11:16:11] Action received
Data: check_unread
[2026-01-10 11:16:11] Incoming request
Data: Array
(
    [action] => check_unread
)

[2026-01-10 11:16:11] Database connection successful
[2026-01-10 11:16:11] Action received
Data: check_unread
[2026-01-10 11:25:20] Incoming request
Data: Array
(
    [action] => check_unread
)

[2026-01-10 11:25:20] Database connection successful
[2026-01-10 11:25:20] Action received
Data: check_unread
[2026-01-10 11:25:50] Incoming request
Data: Array
(
    [action] => check_unread
)

[2026-01-10 11:25:50] Database connection successful
[2026-01-10 11:25:50] Action received
Data: check_unread
[2026-01-10 11:26:20] Incoming request
Data: Array
(
    [action] => check_unread
)

[2026-01-10 11:26:20] Database connection successful
[2026-01-10 11:26:20] Action received
Data: check_unread
[2026-01-10 11:26:50] Incoming request
Data: Array
(
    [action] => check_unread
)

[2026-01-10 11:26:50] Database connection successful
[2026-01-10 11:26:50] Action received
Data: check_unread
[2026-01-10 11:27:20] Incoming request
Data: Array
(
    [action] => check_unread
)

[2026-01-10 11:27:20] Database connection successful
[2026-01-10 11:27:20] Action received
Data: check_unread
[2026-01-10 11:27:50] Incoming request
Data: Array
(
    [action] => check_unread
)

[2026-01-10 11:27:50] Database connection successful
[2026-01-10 11:27:50] Action received
Data: check_unread
[2026-01-10 11:28:20] Incoming request
Data: Array
(
    [action] => check_unread
)

[2026-01-10 11:28:20] Database connection successful
[2026-01-10 11:28:20] Action received
Data: check_unread
[2026-01-10 11:29:20] Incoming request
Data: Array
(
    [action] => check_unread
)

[2026-01-10 11:29:20] Database connection successful
[2026-01-10 11:29:20] Action received
Data: check_unread
[2026-01-10 11:30:20] Incoming request
Data: Array
(
    [action] => check_unread
)

[2026-01-10 11:30:20] Database connection successful
[2026-01-10 11:30:20] Action received
Data: check_unread
[2026-01-10 11:31:20] Incoming request
Data: Array
(
    [action] => check_unread
)

[2026-01-10 11:31:20] Database connection successful
[2026-01-10 11:31:20] Action received
Data: check_unread
[2026-01-10 11:32:20] Incoming request
Data: Array
(
    [action] => check_unread
)

[2026-01-10 11:32:20] Database connection successful
[2026-01-10 11:32:20] Action received
Data: check_unread
[2026-01-10 11:33:21] Incoming request
Data: Array
(
    [action] => check_unread
)

[2026-01-10 11:33:21] Database connection successful
[2026-01-10 11:33:21] Action received
Data: check_unread
[2026-01-10 11:34:20] Incoming request
Data: Array
(
    [action] => check_unread
)

[2026-01-10 11:34:20] Database connection successful
[2026-01-10 11:34:20] Action received
Data: check_unread
[2026-01-10 11:35:02] Incoming request
Data: Array
(
    [action] => check_unread
)

[2026-01-10 11:35:02] Database connection successful
[2026-01-10 11:35:02] Action received
Data: check_unread
[2026-01-10 11:35:05] Incoming request
Data: Array
(
    [action] => check_unread
)

[2026-01-10 11:35:05] Database connection successful
[2026-01-10 11:35:05] Action received
Data: check_unread
[2026-01-10 11:40:17] Incoming request
Data: Array
(
    [action] => check_unread
)

[2026-01-10 11:40:17] Database connection successful
[2026-01-10 11:40:17] Action received
Data: check_unread
[2026-01-10 11:40:17] Incoming request
Data: Array
(
    [action] => check_unread
)

[2026-01-10 11:40:17] Database connection successful
[2026-01-10 11:40:17] Action received
Data: check_unread
[2026-01-10 11:40:47] Incoming request
Data: Array
(
    [action] => check_unread
)

[2026-01-10 11:40:47] Database connection successful
[2026-01-10 11:40:47] Action received
Data: check_unread
[2026-01-10 11:40:47] Incoming request
Data: Array
(
    [action] => check_unread
)

[2026-01-10 11:40:47] Database connection successful
[2026-01-10 11:40:47] Action received
Data: check_unread
[2026-01-10 11:41:17] Incoming request
Data: Array
(
    [action] => check_unread
)

[2026-01-10 11:41:17] Database connection successful
[2026-01-10 11:41:17] Action received
Data: check_unread
[2026-01-10 11:41:17] Incoming request
Data: Array
(
    [action] => check_unread
)

[2026-01-10 11:41:17] Database connection successful
[2026-01-10 11:41:17] Action received
Data: check_unread
[2026-01-10 11:41:47] Incoming request
Data: Array
(
    [action] => check_unread
)

[2026-01-10 11:41:47] Database connection successful
[2026-01-10 11:41:47] Action received
Data: check_unread
[2026-01-10 11:41:47] Incoming request
Data: Array
(
    [action] => check_unread
)

[2026-01-10 11:41:47] Database connection successful
[2026-01-10 11:41:47] Action received
Data: check_unread
[2026-01-10 11:42:17] Incoming request
Data: Array
(
    [action] => check_unread
)

[2026-01-10 11:42:17] Database connection successful
[2026-01-10 11:42:17] Action received
Data: check_unread
[2026-01-10 11:42:17] Incoming request
Data: Array
(
    [action] => check_unread
)

[2026-01-10 11:42:17] Database connection successful
[2026-01-10 11:42:17] Action received
Data: check_unread
[2026-01-10 11:42:47] Incoming request
Data: Array
(
    [action] => check_unread
)

[2026-01-10 11:42:47] Database connection successful
[2026-01-10 11:42:47] Action received
Data: check_unread
[2026-01-10 11:42:47] Incoming request
Data: Array
(
    [action] => check_unread
)

[2026-01-10 11:42:47] Database connection successful
[2026-01-10 11:42:47] Action received
Data: check_unread
[2026-01-10 11:43:17] Incoming request
Data: Array
(
    [action] => check_unread
)

[2026-01-10 11:43:17] Database connection successful
[2026-01-10 11:43:17] Action received
Data: check_unread
[2026-01-10 11:43:17] Incoming request
Data: Array
(
    [action] => check_unread
)

[2026-01-10 11:43:17] Database connection successful
[2026-01-10 11:43:17] Action received
Data: check_unread
[2026-01-10 11:43:47] Incoming request
Data: Array
(
    [action] => check_unread
)

[2026-01-10 11:43:47] Database connection successful
[2026-01-10 11:43:47] Action received
Data: check_unread
[2026-01-10 11:43:48] Incoming request
Data: Array
(
    [action] => check_unread
)

[2026-01-10 11:43:48] Database connection successful
[2026-01-10 11:43:48] Action received
Data: check_unread
[2026-01-10 11:44:17] Incoming request
Data: Array
(
    [action] => check_unread
)

[2026-01-10 11:44:17] Database connection successful
[2026-01-10 11:44:17] Action received
Data: check_unread
[2026-01-10 11:44:17] Incoming request
Data: Array
(
    [action] => check_unread
)

[2026-01-10 11:44:17] Database connection successful
[2026-01-10 11:44:17] Action received
Data: check_unread
[2026-01-10 11:44:47] Incoming request
Data: Array
(
    [action] => check_unread
)

[2026-01-10 11:44:47] Database connection successful
[2026-01-10 11:44:47] Action received
Data: check_unread
[2026-01-10 11:44:47] Incoming request
Data: Array
(
    [action] => check_unread
)

[2026-01-10 11:44:47] Database connection successful
[2026-01-10 11:44:47] Action received
Data: check_unread
[2026-01-10 11:45:17] Incoming request
Data: Array
(
    [action] => check_unread
)

[2026-01-10 11:45:17] Database connection successful
[2026-01-10 11:45:17] Action received
Data: check_unread
[2026-01-10 11:45:17] Incoming request
Data: Array
(
    [action] => check_unread
)

[2026-01-10 11:45:17] Database connection successful
[2026-01-10 11:45:17] Action received
Data: check_unread
[2026-01-10 11:45:47] Incoming request
Data: Array
(
    [action] => check_unread
)

[2026-01-10 11:45:47] Database connection successful
[2026-01-10 11:45:47] Action received
Data: check_unread
[2026-01-10 11:45:47] Incoming request
Data: Array
(
    [action] => check_unread
)

[2026-01-10 11:45:47] Database connection successful
[2026-01-10 11:45:47] Action received
Data: check_unread
[2026-01-10 11:46:19] Incoming request
Data: Array
(
    [action] => check_unread
)

[2026-01-10 11:46:19] Database connection successful
[2026-01-10 11:46:19] Action received
Data: check_unread
[2026-01-10 11:46:19] Incoming request
Data: Array
(
    [action] => check_unread
)

[2026-01-10 11:46:19] Database connection successful
[2026-01-10 11:46:19] Action received
Data: check_unread
[2026-01-10 11:47:22] Incoming request
Data: Array
(
    [action] => check_unread
)

[2026-01-10 11:47:22] Database connection successful
[2026-01-10 11:47:22] Action received
Data: check_unread
[2026-01-10 11:47:24] Incoming request
Data: Array
(
    [action] => check_unread
)

[2026-01-10 11:47:24] Database connection successful
[2026-01-10 11:47:24] Action received
Data: check_unread
[2026-01-10 11:48:22] Incoming request
Data: Array
(
    [action] => check_unread
)

[2026-01-10 11:48:22] Database connection successful
[2026-01-10 11:48:22] Action received
Data: check_unread
[2026-01-10 11:48:22] Incoming request
Data: Array
(
    [action] => check_unread
)

[2026-01-10 11:48:22] Database connection successful
[2026-01-10 11:48:22] Action received
Data: check_unread
[2026-01-10 11:49:21] Incoming request
Data: Array
(
    [action] => check_unread
)

[2026-01-10 11:49:21] Database connection successful
[2026-01-10 11:49:21] Action received
Data: check_unread
[2026-01-10 11:49:23] Incoming request
Data: Array
(
    [action] => check_unread
)

[2026-01-10 11:49:23] Database connection successful
[2026-01-10 11:49:23] Action received
Data: check_unread
[2026-01-10 11:50:21] Incoming request
Data: Array
(
    [action] => check_unread
)

[2026-01-10 11:50:21] Database connection successful
[2026-01-10 11:50:21] Action received
Data: check_unread
[2026-01-10 11:50:21] Incoming request
Data: Array
(
    [action] => check_unread
)

[2026-01-10 11:50:21] Database connection successful
[2026-01-10 11:50:21] Action received
Data: check_unread
[2026-01-10 11:51:20] Incoming request
Data: Array
(
    [action] => check_unread
)

[2026-01-10 11:51:20] Database connection successful
[2026-01-10 11:51:20] Action received
Data: check_unread
[2026-01-10 11:51:20] Incoming request
Data: Array
(
    [action] => check_unread
)

[2026-01-10 11:51:20] Database connection successful
[2026-01-10 11:51:20] Action received
Data: check_unread
[2026-01-10 11:52:20] Incoming request
Data: Array
(
    [action] => check_unread
)

[2026-01-10 11:52:20] Database connection successful
[2026-01-10 11:52:20] Action received
Data: check_unread
[2026-01-10 11:52:20] Incoming request
Data: Array
(
    [action] => check_unread
)

[2026-01-10 11:52:20] Database connection successful
[2026-01-10 11:52:20] Action received
Data: check_unread
[2026-01-10 11:53:20] Incoming request
Data: Array
(
    [action] => check_unread
)

[2026-01-10 11:53:20] Database connection successful
[2026-01-10 11:53:20] Action received
Data: check_unread
[2026-01-10 11:53:20] Incoming request
Data: Array
(
    [action] => check_unread
)

[2026-01-10 11:53:20] Database connection successful
[2026-01-10 11:53:20] Action received
Data: check_unread
[2026-01-10 11:54:20] Incoming request
Data: Array
(
    [action] => check_unread
)

[2026-01-10 11:54:20] Database connection successful
[2026-01-10 11:54:20] Action received
Data: check_unread
[2026-01-10 11:54:20] Incoming request
Data: Array
(
    [action] => check_unread
)

[2026-01-10 11:54:20] Database connection successful
[2026-01-10 11:54:20] Action received
Data: check_unread
[2026-01-10 11:55:20] Incoming request
Data: Array
(
    [action] => check_unread
)

[2026-01-10 11:55:20] Database connection successful
[2026-01-10 11:55:20] Action received
Data: check_unread
[2026-01-10 11:55:20] Incoming request
Data: Array
(
    [action] => check_unread
)

[2026-01-10 11:55:20] Database connection successful
[2026-01-10 11:55:20] Action received
Data: check_unread
[2026-01-10 11:56:20] Incoming request
Data: Array
(
    [action] => check_unread
)

[2026-01-10 11:56:20] Database connection successful
[2026-01-10 11:56:20] Action received
Data: check_unread
[2026-01-10 11:56:20] Incoming request
Data: Array
(
    [action] => check_unread
)

[2026-01-10 11:56:20] Database connection successful
[2026-01-10 11:56:20] Action received
Data: check_unread
[2026-01-10 11:57:20] Incoming request
Data: Array
(
    [action] => check_unread
)

[2026-01-10 11:57:20] Database connection successful
[2026-01-10 11:57:20] Action received
Data: check_unread
[2026-01-10 11:57:20] Incoming request
Data: Array
(
    [action] => check_unread
)

[2026-01-10 11:57:20] Database connection successful
[2026-01-10 11:57:20] Action received
Data: check_unread
[2026-01-10 11:58:20] Incoming request
Data: Array
(
    [action] => check_unread
)

[2026-01-10 11:58:20] Database connection successful
[2026-01-10 11:58:20] Action received
Data: check_unread
[2026-01-10 11:58:20] Incoming request
Data: Array
(
    [action] => check_unread
)

[2026-01-10 11:58:20] Database connection successful
[2026-01-10 11:58:20] Action received
Data: check_unread
[2026-01-10 11:59:20] Incoming request
Data: Array
(
    [action] => check_unread
)

[2026-01-10 11:59:20] Database connection successful
[2026-01-10 11:59:20] Action received
Data: check_unread
[2026-01-10 11:59:20] Incoming request
Data: Array
(
    [action] => check_unread
)

[2026-01-10 11:59:20] Database connection successful
[2026-01-10 11:59:20] Action received
Data: check_unread
[2026-01-10 12:00:20] Incoming request
Data: Array
(
    [action] => check_unread
)

[2026-01-10 12:00:20] Database connection successful
[2026-01-10 12:00:20] Action received
Data: check_unread
[2026-01-10 12:00:20] Incoming request
Data: Array
(
    [action] => check_unread
)

[2026-01-10 12:00:20] Database connection successful
[2026-01-10 12:00:20] Action received
Data: check_unread
[2026-01-10 12:01:20] Incoming request
Data: Array
(
    [action] => check_unread
)

[2026-01-10 12:01:20] Database connection successful
[2026-01-10 12:01:20] Action received
Data: check_unread
[2026-01-10 12:01:20] Incoming request
Data: Array
(
    [action] => check_unread
)

[2026-01-10 12:01:20] Database connection successful
[2026-01-10 12:01:20] Action received
Data: check_unread
[2026-01-10 12:02:20] Incoming request
Data: Array
(
    [action] => check_unread
)

[2026-01-10 12:02:20] Database connection successful
[2026-01-10 12:02:20] Action received
Data: check_unread
[2026-01-10 12:02:20] Incoming request
Data: Array
(
    [action] => check_unread
)

[2026-01-10 12:02:20] Database connection successful
[2026-01-10 12:02:20] Action received
Data: check_unread
[2026-01-10 12:03:20] Incoming request
Data: Array
(
    [action] => check_unread
)

[2026-01-10 12:03:20] Database connection successful
[2026-01-10 12:03:20] Action received
Data: check_unread
[2026-01-10 12:03:20] Incoming request
Data: Array
(
    [action] => check_unread
)

[2026-01-10 12:03:20] Database connection successful
[2026-01-10 12:03:20] Action received
Data: check_unread
[2026-01-10 12:04:20] Incoming request
Data: Array
(
    [action] => check_unread
)

[2026-01-10 12:04:20] Database connection successful
[2026-01-10 12:04:20] Action received
Data: check_unread
[2026-01-10 12:04:20] Incoming request
Data: Array
(
    [action] => check_unread
)

[2026-01-10 12:04:20] Database connection successful
[2026-01-10 12:04:20] Action received
Data: check_unread
[2026-01-10 12:05:20] Incoming request
Data: Array
(
    [action] => check_unread
)

[2026-01-10 12:05:20] Database connection successful
[2026-01-10 12:05:20] Action received
Data: check_unread
[2026-01-10 12:05:20] Incoming request
Data: Array
(
    [action] => check_unread
)

[2026-01-10 12:05:20] Database connection successful
[2026-01-10 12:05:20] Action received
Data: check_unread
[2026-01-10 12:06:23] Incoming request
Data: Array
(
    [action] => check_unread
)

[2026-01-10 12:06:23] Database connection successful
[2026-01-10 12:06:23] Action received
Data: check_unread
[2026-01-10 12:06:24] Incoming request
Data: Array
(
    [action] => check_unread
)

[2026-01-10 12:06:24] Database connection successful
[2026-01-10 12:06:24] Action received
Data: check_unread
[2026-01-10 12:07:24] Incoming request
Data: Array
(
    [action] => check_unread
)

[2026-01-10 12:07:24] Database connection successful
[2026-01-10 12:07:24] Action received
Data: check_unread
[2026-01-10 12:07:24] Incoming request
Data: Array
(
    [action] => check_unread
)

[2026-01-10 12:07:24] Database connection successful
[2026-01-10 12:07:24] Action received
Data: check_unread
[2026-01-10 12:08:23] Incoming request
Data: Array
(
    [action] => check_unread
)

[2026-01-10 12:08:23] Database connection successful
[2026-01-10 12:08:23] Action received
Data: check_unread
[2026-01-10 12:08:24] Incoming request
Data: Array
(
    [action] => check_unread
)

[2026-01-10 12:08:24] Database connection successful
[2026-01-10 12:08:24] Action received
Data: check_unread
[2026-01-10 12:09:23] Incoming request
Data: Array
(
    [action] => check_unread
)

[2026-01-10 12:09:23] Database connection successful
[2026-01-10 12:09:23] Action received
Data: check_unread
[2026-01-10 12:09:24] Incoming request
Data: Array
(
    [action] => check_unread
)

[2026-01-10 12:09:24] Database connection successful
[2026-01-10 12:09:24] Action received
Data: check_unread
[2026-01-10 12:10:28] Incoming request
Data: Array
(
    [action] => check_unread
)

[2026-01-10 12:10:28] Database connection successful
[2026-01-10 12:10:28] Action received
Data: check_unread
[2026-01-10 12:11:20] Incoming request
Data: Array
(
    [action] => check_unread
)

[2026-01-10 12:11:20] Database connection successful
[2026-01-10 12:11:20] Action received
Data: check_unread
[2026-01-10 12:11:20] Incoming request
Data: Array
(
    [action] => check_unread
)

[2026-01-10 12:11:20] Database connection successful
[2026-01-10 12:11:20] Action received
Data: check_unread
[2026-01-10 12:12:20] Incoming request
Data: Array
(
    [action] => check_unread
)

[2026-01-10 12:12:20] Database connection successful
[2026-01-10 12:12:20] Action received
Data: check_unread
[2026-01-10 12:12:20] Incoming request
Data: Array
(
    [action] => check_unread
)

[2026-01-10 12:12:20] Database connection successful
[2026-01-10 12:12:20] Action received
Data: check_unread
[2026-01-10 12:13:20] Incoming request
Data: Array
(
    [action] => check_unread
)

[2026-01-10 12:13:20] Database connection successful
[2026-01-10 12:13:20] Action received
Data: check_unread
[2026-01-10 12:13:20] Incoming request
Data: Array
(
    [action] => check_unread
)

[2026-01-10 12:13:20] Database connection successful
[2026-01-10 12:13:20] Action received
Data: check_unread
[2026-01-10 12:14:20] Incoming request
Data: Array
(
    [action] => check_unread
)

[2026-01-10 12:14:20] Database connection successful
[2026-01-10 12:14:20] Action received
Data: check_unread
[2026-01-10 12:14:20] Incoming request
Data: Array
(
    [action] => check_unread
)

[2026-01-10 12:14:20] Database connection successful
[2026-01-10 12:14:20] Action received
Data: check_unread
[2026-01-10 12:15:21] Incoming request
Data: Array
(
    [action] => check_unread
)

[2026-01-10 12:15:21] Database connection successful
[2026-01-10 12:15:21] Action received
Data: check_unread
[2026-01-10 12:15:21] Incoming request
Data: Array
(
    [action] => check_unread
)

[2026-01-10 12:15:21] Database connection successful
[2026-01-10 12:15:21] Action received
Data: check_unread
[2026-01-10 12:16:23] Incoming request
Data: Array
(
    [action] => check_unread
)

[2026-01-10 12:16:23] Database connection successful
[2026-01-10 12:16:23] Action received
Data: check_unread
[2026-01-10 12:16:23] Incoming request
Data: Array
(
    [action] => check_unread
)

[2026-01-10 12:16:23] Database connection successful
[2026-01-10 12:16:23] Action received
Data: check_unread
[2026-01-10 12:17:22] Incoming request
Data: Array
(
    [action] => check_unread
)

[2026-01-10 12:17:22] Database connection successful
[2026-01-10 12:17:22] Action received
Data: check_unread
[2026-01-10 12:17:23] Incoming request
Data: Array
(
    [action] => check_unread
)

[2026-01-10 12:17:23] Database connection successful
[2026-01-10 12:17:23] Action received
Data: check_unread
[2026-01-10 12:18:20] Incoming request
Data: Array
(
    [action] => check_unread
)

[2026-01-10 12:18:20] Database connection successful
[2026-01-10 12:18:20] Action received
Data: check_unread
[2026-01-10 12:18:20] Incoming request
Data: Array
(
    [action] => check_unread
)

[2026-01-10 12:18:20] Database connection successful
[2026-01-10 12:18:20] Action received
Data: check_unread
[2026-01-10 12:19:22] Incoming request
Data: Array
(
    [action] => check_unread
)

[2026-01-10 12:19:22] Database connection successful
[2026-01-10 12:19:22] Action received
Data: check_unread
[2026-01-10 12:19:22] Incoming request
Data: Array
(
    [action] => check_unread
)

[2026-01-10 12:19:22] Database connection successful
[2026-01-10 12:19:22] Action received
Data: check_unread
[2026-01-10 12:20:20] Incoming request
Data: Array
(
    [action] => check_unread
)

[2026-01-10 12:20:20] Database connection successful
[2026-01-10 12:20:20] Action received
Data: check_unread
[2026-01-10 12:20:20] Incoming request
Data: Array
(
    [action] => check_unread
)

[2026-01-10 12:20:20] Database connection successful
[2026-01-10 12:20:20] Action received
Data: check_unread
[2026-01-10 12:21:20] Incoming request
Data: Array
(
    [action] => check_unread
)

[2026-01-10 12:21:20] Database connection successful
[2026-01-10 12:21:20] Action received
Data: check_unread
[2026-01-10 12:21:20] Incoming request
Data: Array
(
    [action] => check_unread
)

[2026-01-10 12:21:20] Database connection successful
[2026-01-10 12:21:20] Action received
Data: check_unread
[2026-01-10 12:22:20] Incoming request
Data: Array
(
    [action] => check_unread
)

[2026-01-10 12:22:20] Database connection successful
[2026-01-10 12:22:20] Action received
Data: check_unread
[2026-01-10 12:22:20] Incoming request
Data: Array
(
    [action] => check_unread
)

[2026-01-10 12:22:20] Database connection successful
[2026-01-10 12:22:20] Action received
Data: check_unread
[2026-01-10 12:23:20] Incoming request
Data: Array
(
    [action] => check_unread
)

[2026-01-10 12:23:20] Database connection successful
[2026-01-10 12:23:20] Action received
Data: check_unread
[2026-01-10 12:23:20] Incoming request
Data: Array
(
    [action] => check_unread
)

[2026-01-10 12:23:20] Database connection successful
[2026-01-10 12:23:20] Action received
Data: check_unread
[2026-01-10 12:24:20] Incoming request
Data: Array
(
    [action] => check_unread
)

[2026-01-10 12:24:20] Database connection successful
[2026-01-10 12:24:20] Action received
Data: check_unread
[2026-01-10 12:24:20] Incoming request
Data: Array
(
    [action] => check_unread
)

[2026-01-10 12:24:20] Database connection successful
[2026-01-10 12:24:20] Action received
Data: check_unread
[2026-01-10 12:25:21] Incoming request
Data: Array
(
    [action] => check_unread
)

[2026-01-10 12:25:21] Database connection successful
[2026-01-10 12:25:21] Action received
Data: check_unread
[2026-01-10 12:25:21] Incoming request
Data: Array
(
    [action] => check_unread
)

[2026-01-10 12:25:21] Database connection successful
[2026-01-10 12:25:21] Action received
Data: check_unread
[2026-01-10 12:26:20] Incoming request
Data: Array
(
    [action] => check_unread
)

[2026-01-10 12:26:20] Database connection successful
[2026-01-10 12:26:20] Action received
Data: check_unread
[2026-01-10 12:26:20] Incoming request
Data: Array
(
    [action] => check_unread
)

[2026-01-10 12:26:20] Database connection successful
[2026-01-10 12:26:20] Action received
Data: check_unread
[2026-01-10 12:27:21] Incoming request
Data: Array
(
    [action] => check_unread
)

[2026-01-10 12:27:21] Database connection successful
[2026-01-10 12:27:21] Action received
Data: check_unread
[2026-01-10 12:27:22] Incoming request
Data: Array
(
    [action] => check_unread
)

[2026-01-10 12:27:22] Database connection successful
[2026-01-10 12:27:22] Action received
Data: check_unread
[2026-01-10 12:28:20] Incoming request
Data: Array
(
    [action] => check_unread
)

[2026-01-10 12:28:20] Database connection successful
[2026-01-10 12:28:20] Action received
Data: check_unread
[2026-01-10 12:28:20] Incoming request
Data: Array
(
    [action] => check_unread
)

[2026-01-10 12:28:20] Database connection successful
[2026-01-10 12:28:20] Action received
Data: check_unread
[2026-01-10 12:29:20] Incoming request
Data: Array
(
    [action] => check_unread
)

[2026-01-10 12:29:20] Database connection successful
[2026-01-10 12:29:20] Action received
Data: check_unread
[2026-01-10 12:29:20] Incoming request
Data: Array
(
    [action] => check_unread
)

[2026-01-10 12:29:20] Database connection successful
[2026-01-10 12:29:20] Action received
Data: check_unread
[2026-01-10 12:30:20] Incoming request
Data: Array
(
    [action] => check_unread
)

[2026-01-10 12:30:20] Database connection successful
[2026-01-10 12:30:20] Action received
Data: check_unread
[2026-01-10 12:30:20] Incoming request
Data: Array
(
    [action] => check_unread
)

[2026-01-10 12:30:20] Database connection successful
[2026-01-10 12:30:20] Action received
Data: check_unread
[2026-01-10 12:31:20] Incoming request
Data: Array
(
    [action] => check_unread
)

[2026-01-10 12:31:20] Database connection successful
[2026-01-10 12:31:20] Action received
Data: check_unread
[2026-01-10 12:31:20] Incoming request
Data: Array
(
    [action] => check_unread
)

[2026-01-10 12:31:20] Database connection successful
[2026-01-10 12:31:20] Action received
Data: check_unread
[2026-01-10 12:32:24] Incoming request
Data: Array
(
    [action] => check_unread
)

[2026-01-10 12:32:24] Database connection successful
[2026-01-10 12:32:24] Action received
Data: check_unread
[2026-01-10 12:32:24] Incoming request
Data: Array
(
    [action] => check_unread
)

[2026-01-10 12:32:24] Database connection successful
[2026-01-10 12:32:24] Action received
Data: check_unread
[2026-01-10 12:33:22] Incoming request
Data: Array
(
    [action] => check_unread
)

[2026-01-10 12:33:22] Database connection successful
[2026-01-10 12:33:22] Action received
Data: check_unread
[2026-01-10 12:33:30] Incoming request
Data: Array
(
    [action] => check_unread
)

[2026-01-10 12:33:30] Database connection successful
[2026-01-10 12:33:30] Action received
Data: check_unread
[2026-01-10 12:34:20] Incoming request
Data: Array
(
    [action] => check_unread
)

[2026-01-10 12:34:20] Database connection successful
[2026-01-10 12:34:20] Action received
Data: check_unread
[2026-01-10 12:34:20] Incoming request
Data: Array
(
    [action] => check_unread
)

[2026-01-10 12:34:20] Database connection successful
[2026-01-10 12:34:20] Action received
Data: check_unread
[2026-01-10 12:35:20] Incoming request
Data: Array
(
    [action] => check_unread
)

[2026-01-10 12:35:20] Database connection successful
[2026-01-10 12:35:20] Action received
Data: check_unread
[2026-01-10 12:35:20] Incoming request
Data: Array
(
    [action] => check_unread
)

[2026-01-10 12:35:20] Database connection successful
[2026-01-10 12:35:20] Action received
Data: check_unread
[2026-01-10 12:36:20] Incoming request
Data: Array
(
    [action] => check_unread
)

[2026-01-10 12:36:20] Database connection successful
[2026-01-10 12:36:20] Action received
Data: check_unread
[2026-01-10 12:36:20] Incoming request
Data: Array
(
    [action] => check_unread
)

[2026-01-10 12:36:20] Database connection successful
[2026-01-10 12:36:20] Action received
Data: check_unread
[2026-01-10 12:37:20] Incoming request
Data: Array
(
    [action] => check_unread
)

[2026-01-10 12:37:20] Database connection successful
[2026-01-10 12:37:20] Action received
Data: check_unread
[2026-01-10 12:37:20] Incoming request
Data: Array
(
    [action] => check_unread
)

[2026-01-10 12:37:20] Database connection successful
[2026-01-10 12:37:20] Action received
Data: check_unread
[2026-01-10 12:38:20] Incoming request
Data: Array
(
    [action] => check_unread
)

[2026-01-10 12:38:20] Database connection successful
[2026-01-10 12:38:20] Action received
Data: check_unread
[2026-01-10 12:38:20] Incoming request
Data: Array
(
    [action] => check_unread
)

[2026-01-10 12:38:20] Database connection successful
[2026-01-10 12:38:20] Action received
Data: check_unread
[2026-01-10 12:39:20] Incoming request
Data: Array
(
    [action] => check_unread
)

[2026-01-10 12:39:20] Database connection successful
[2026-01-10 12:39:20] Action received
Data: check_unread
[2026-01-10 12:39:20] Incoming request
Data: Array
(
    [action] => check_unread
)

[2026-01-10 12:39:20] Database connection successful
[2026-01-10 12:39:20] Action received
Data: check_unread
[2026-01-10 12:40:20] Incoming request
Data: Array
(
    [action] => check_unread
)

[2026-01-10 12:40:20] Database connection successful
[2026-01-10 12:40:20] Action received
Data: check_unread
[2026-01-10 12:40:20] Incoming request
Data: Array
(
    [action] => check_unread
)

[2026-01-10 12:40:20] Database connection successful
[2026-01-10 12:40:20] Action received
Data: check_unread
[2026-01-10 12:41:20] Incoming request
Data: Array
(
    [action] => check_unread
)

[2026-01-10 12:41:20] Database connection successful
[2026-01-10 12:41:20] Action received
Data: check_unread
[2026-01-10 12:41:20] Incoming request
Data: Array
(
    [action] => check_unread
)

[2026-01-10 12:41:20] Database connection successful
[2026-01-10 12:41:20] Action received
Data: check_unread
[2026-01-10 12:42:20] Incoming request
Data: Array
(
    [action] => check_unread
)

[2026-01-10 12:42:20] Database connection successful
[2026-01-10 12:42:20] Action received
Data: check_unread
[2026-01-10 12:42:20] Incoming request
Data: Array
(
    [action] => check_unread
)

[2026-01-10 12:42:20] Database connection successful
[2026-01-10 12:42:20] Action received
Data: check_unread
[2026-01-10 12:43:20] Incoming request
Data: Array
(
    [action] => check_unread
)

[2026-01-10 12:43:20] Database connection successful
[2026-01-10 12:43:20] Action received
Data: check_unread
[2026-01-10 12:43:20] Incoming request
Data: Array
(
    [action] => check_unread
)

[2026-01-10 12:43:20] Database connection successful
[2026-01-10 12:43:20] Action received
Data: check_unread
[2026-01-10 12:44:20] Incoming request
Data: Array
(
    [action] => check_unread
)

[2026-01-10 12:44:20] Database connection successful
[2026-01-10 12:44:20] Action received
Data: check_unread
[2026-01-10 12:44:20] Incoming request
Data: Array
(
    [action] => check_unread
)

[2026-01-10 12:44:20] Database connection successful
[2026-01-10 12:44:20] Action received
Data: check_unread
[2026-01-10 12:45:20] Incoming request
Data: Array
(
    [action] => check_unread
)

[2026-01-10 12:45:20] Database connection successful
[2026-01-10 12:45:20] Action received
Data: check_unread
[2026-01-10 12:45:20] Incoming request
Data: Array
(
    [action] => check_unread
)

[2026-01-10 12:45:20] Database connection successful
[2026-01-10 12:45:20] Action received
Data: check_unread
[2026-01-10 12:46:20] Incoming request
Data: Array
(
    [action] => check_unread
)

[2026-01-10 12:46:20] Database connection successful
[2026-01-10 12:46:20] Action received
Data: check_unread
[2026-01-10 12:46:20] Incoming request
Data: Array
(
    [action] => check_unread
)

[2026-01-10 12:46:20] Database connection successful
[2026-01-10 12:46:20] Action received
Data: check_unread
[2026-01-10 12:47:20] Incoming request
Data: Array
(
    [action] => check_unread
)

[2026-01-10 12:47:20] Database connection successful
[2026-01-10 12:47:20] Action received
Data: check_unread
[2026-01-10 12:47:20] Incoming request
Data: Array
(
    [action] => check_unread
)

[2026-01-10 12:47:20] Database connection successful
[2026-01-10 12:47:20] Action received
Data: check_unread
[2026-01-10 12:48:20] Incoming request
Data: Array
(
    [action] => check_unread
)

[2026-01-10 12:48:20] Database connection successful
[2026-01-10 12:48:20] Action received
Data: check_unread
[2026-01-10 12:48:20] Incoming request
Data: Array
(
    [action] => check_unread
)

[2026-01-10 12:48:20] Database connection successful
[2026-01-10 12:48:20] Action received
Data: check_unread
[2026-01-10 12:49:20] Incoming request
Data: Array
(
    [action] => check_unread
)

[2026-01-10 12:49:20] Database connection successful
[2026-01-10 12:49:20] Action received
Data: check_unread
[2026-01-10 12:49:20] Incoming request
Data: Array
(
    [action] => check_unread
)

[2026-01-10 12:49:20] Database connection successful
[2026-01-10 12:49:20] Action received
Data: check_unread
[2026-01-10 12:50:20] Incoming request
Data: Array
(
    [action] => check_unread
)

[2026-01-10 12:50:20] Database connection successful
[2026-01-10 12:50:20] Action received
Data: check_unread
[2026-01-10 12:50:20] Incoming request
Data: Array
(
    [action] => check_unread
)

[2026-01-10 12:50:20] Database connection successful
[2026-01-10 12:50:20] Action received
Data: check_unread
[2026-01-10 12:51:20] Incoming request
Data: Array
(
    [action] => check_unread
)

[2026-01-10 12:51:20] Database connection successful
[2026-01-10 12:51:20] Action received
Data: check_unread
[2026-01-10 12:51:20] Incoming request
Data: Array
(
    [action] => check_unread
)

[2026-01-10 12:51:20] Database connection successful
[2026-01-10 12:51:20] Action received
Data: check_unread
[2026-01-10 12:52:20] Incoming request
Data: Array
(
    [action] => check_unread
)

[2026-01-10 12:52:20] Database connection successful
[2026-01-10 12:52:20] Action received
Data: check_unread
[2026-01-10 12:52:20] Incoming request
Data: Array
(
    [action] => check_unread
)

[2026-01-10 12:52:20] Database connection successful
[2026-01-10 12:52:20] Action received
Data: check_unread
[2026-01-10 12:53:20] Incoming request
Data: Array
(
    [action] => check_unread
)

[2026-01-10 12:53:20] Database connection successful
[2026-01-10 12:53:20] Action received
Data: check_unread
[2026-01-10 12:53:20] Incoming request
Data: Array
(
    [action] => check_unread
)

[2026-01-10 12:53:20] Database connection successful
[2026-01-10 12:53:20] Action received
Data: check_unread
[2026-01-10 12:54:20] Incoming request
Data: Array
(
    [action] => check_unread
)

[2026-01-10 12:54:20] Database connection successful
[2026-01-10 12:54:20] Action received
Data: check_unread
[2026-01-10 12:54:20] Incoming request
Data: Array
(
    [action] => check_unread
)

[2026-01-10 12:54:20] Database connection successful
[2026-01-10 12:54:20] Action received
Data: check_unread
[2026-01-10 12:55:20] Incoming request
Data: Array
(
    [action] => check_unread
)

[2026-01-10 12:55:20] Database connection successful
[2026-01-10 12:55:20] Action received
Data: check_unread
[2026-01-10 12:55:20] Incoming request
Data: Array
(
    [action] => check_unread
)

[2026-01-10 12:55:20] Database connection successful
[2026-01-10 12:55:20] Action received
Data: check_unread
[2026-01-10 12:56:20] Incoming request
Data: Array
(
    [action] => check_unread
)

[2026-01-10 12:56:20] Database connection successful
[2026-01-10 12:56:20] Action received
Data: check_unread
[2026-01-10 12:56:20] Incoming request
Data: Array
(
    [action] => check_unread
)

[2026-01-10 12:56:20] Database connection successful
[2026-01-10 12:56:20] Action received
Data: check_unread
[2026-01-10 12:57:21] Incoming request
Data: Array
(
    [action] => check_unread
)

[2026-01-10 12:57:21] Database connection successful
[2026-01-10 12:57:21] Action received
Data: check_unread
[2026-01-10 12:57:21] Incoming request
Data: Array
(
    [action] => check_unread
)

[2026-01-10 12:57:21] Database connection successful
[2026-01-10 12:57:21] Action received
Data: check_unread
[2026-01-10 12:58:21] Incoming request
Data: Array
(
    [action] => check_unread
)

[2026-01-10 12:58:21] Database connection successful
[2026-01-10 12:58:21] Action received
Data: check_unread
[2026-01-10 12:58:21] Incoming request
Data: Array
(
    [action] => check_unread
)

[2026-01-10 12:58:21] Database connection successful
[2026-01-10 12:58:21] Action received
Data: check_unread
[2026-01-10 12:59:20] Incoming request
Data: Array
(
    [action] => check_unread
)

[2026-01-10 12:59:20] Database connection successful
[2026-01-10 12:59:20] Action received
Data: check_unread
[2026-01-10 12:59:20] Incoming request
Data: Array
(
    [action] => check_unread
)

[2026-01-10 12:59:20] Database connection successful
[2026-01-10 12:59:20] Action received
Data: check_unread
[2026-01-10 13:00:20] Incoming request
Data: Array
(
    [action] => check_unread
)

[2026-01-10 13:00:20] Database connection successful
[2026-01-10 13:00:20] Action received
Data: check_unread
[2026-01-10 13:00:20] Incoming request
Data: Array
(
    [action] => check_unread
)

[2026-01-10 13:00:20] Database connection successful
[2026-01-10 13:00:20] Action received
Data: check_unread
[2026-01-10 13:01:20] Incoming request
Data: Array
(
    [action] => check_unread
)

[2026-01-10 13:01:20] Database connection successful
[2026-01-10 13:01:20] Action received
Data: check_unread
[2026-01-10 13:01:20] Incoming request
Data: Array
(
    [action] => check_unread
)

[2026-01-10 13:01:20] Database connection successful
[2026-01-10 13:01:20] Action received
Data: check_unread
[2026-01-10 13:02:20] Incoming request
Data: Array
(
    [action] => check_unread
)

[2026-01-10 13:02:20] Database connection successful
[2026-01-10 13:02:20] Action received
Data: check_unread
[2026-01-10 13:02:20] Incoming request
Data: Array
(
    [action] => check_unread
)

[2026-01-10 13:02:20] Database connection successful
[2026-01-10 13:02:20] Action received
Data: check_unread
[2026-01-10 13:03:21] Incoming request
Data: Array
(
    [action] => check_unread
)

[2026-01-10 13:03:21] Database connection successful
[2026-01-10 13:03:21] Action received
Data: check_unread
[2026-01-10 13:03:21] Incoming request
Data: Array
(
    [action] => check_unread
)

[2026-01-10 13:03:21] Database connection successful
[2026-01-10 13:03:21] Action received
Data: check_unread
[2026-01-10 13:04:20] Incoming request
Data: Array
(
    [action] => check_unread
)

[2026-01-10 13:04:20] Database connection successful
[2026-01-10 13:04:20] Action received
Data: check_unread
[2026-01-10 13:04:20] Incoming request
Data: Array
(
    [action] => check_unread
)

[2026-01-10 13:04:20] Database connection successful
[2026-01-10 13:04:20] Action received
Data: check_unread
[2026-01-10 13:05:20] Incoming request
Data: Array
(
    [action] => check_unread
)

[2026-01-10 13:05:20] Database connection successful
[2026-01-10 13:05:20] Action received
Data: check_unread
[2026-01-10 13:05:20] Incoming request
Data: Array
(
    [action] => check_unread
)

[2026-01-10 13:05:20] Database connection successful
[2026-01-10 13:05:20] Action received
Data: check_unread
[2026-01-10 13:06:22] Incoming request
Data: Array
(
    [action] => check_unread
)

[2026-01-10 13:06:22] Database connection successful
[2026-01-10 13:06:22] Action received
Data: check_unread
[2026-01-10 13:06:22] Incoming request
Data: Array
(
    [action] => check_unread
)

[2026-01-10 13:06:22] Database connection successful
[2026-01-10 13:06:22] Action received
Data: check_unread
[2026-01-10 13:07:23] Incoming request
Data: Array
(
    [action] => check_unread
)

[2026-01-10 13:07:23] Database connection successful
[2026-01-10 13:07:23] Action received
Data: check_unread
[2026-01-10 13:07:23] Incoming request
Data: Array
(
    [action] => check_unread
)

[2026-01-10 13:07:23] Database connection successful
[2026-01-10 13:07:23] Action received
Data: check_unread
[2026-01-10 13:08:22] Incoming request
Data: Array
(
    [action] => check_unread
)

[2026-01-10 13:08:22] Database connection successful
[2026-01-10 13:08:22] Action received
Data: check_unread
[2026-01-10 13:08:22] Incoming request
Data: Array
(
    [action] => check_unread
)

[2026-01-10 13:08:22] Database connection successful
[2026-01-10 13:08:22] Action received
Data: check_unread
[2026-01-10 13:09:20] Incoming request
Data: Array
(
    [action] => check_unread
)

[2026-01-10 13:09:20] Database connection successful
[2026-01-10 13:09:20] Action received
Data: check_unread
[2026-01-10 13:09:20] Incoming request
Data: Array
(
    [action] => check_unread
)

[2026-01-10 13:09:20] Database connection successful
[2026-01-10 13:09:20] Action received
Data: check_unread
[2026-01-10 13:10:20] Incoming request
Data: Array
(
    [action] => check_unread
)

[2026-01-10 13:10:20] Database connection successful
[2026-01-10 13:10:20] Action received
Data: check_unread
[2026-01-10 13:10:20] Incoming request
Data: Array
(
    [action] => check_unread
)

[2026-01-10 13:10:20] Database connection successful
[2026-01-10 13:10:20] Action received
Data: check_unread
[2026-01-10 13:11:20] Incoming request
Data: Array
(
    [action] => check_unread
)

[2026-01-10 13:11:20] Database connection successful
[2026-01-10 13:11:20] Action received
Data: check_unread
[2026-01-10 13:11:20] Incoming request
Data: Array
(
    [action] => check_unread
)

[2026-01-10 13:11:20] Database connection successful
[2026-01-10 13:11:20] Action received
Data: check_unread
[2026-01-10 13:12:20] Incoming request
Data: Array
(
    [action] => check_unread
)

[2026-01-10 13:12:20] Database connection successful
[2026-01-10 13:12:20] Action received
Data: check_unread
[2026-01-10 13:12:20] Incoming request
Data: Array
(
    [action] => check_unread
)

[2026-01-10 13:12:20] Database connection successful
[2026-01-10 13:12:20] Action received
Data: check_unread
[2026-01-10 13:13:20] Incoming request
Data: Array
(
    [action] => check_unread
)

[2026-01-10 13:13:20] Database connection successful
[2026-01-10 13:13:20] Action received
Data: check_unread
[2026-01-10 13:13:20] Incoming request
Data: Array
(
    [action] => check_unread
)

[2026-01-10 13:13:20] Database connection successful
[2026-01-10 13:13:20] Action received
Data: check_unread
[2026-01-10 13:14:20] Incoming request
Data: Array
(
    [action] => check_unread
)

[2026-01-10 13:14:20] Database connection successful
[2026-01-10 13:14:20] Action received
Data: check_unread
[2026-01-10 13:14:20] Incoming request
Data: Array
(
    [action] => check_unread
)

[2026-01-10 13:14:20] Database connection successful
[2026-01-10 13:14:20] Action received
Data: check_unread
[2026-01-10 13:15:20] Incoming request
Data: Array
(
    [action] => check_unread
)

[2026-01-10 13:15:20] Database connection successful
[2026-01-10 13:15:20] Action received
Data: check_unread
[2026-01-10 13:15:20] Incoming request
Data: Array
(
    [action] => check_unread
)

[2026-01-10 13:15:20] Database connection successful
[2026-01-10 13:15:20] Action received
Data: check_unread
[2026-01-10 13:16:20] Incoming request
Data: Array
(
    [action] => check_unread
)

[2026-01-10 13:16:20] Database connection successful
[2026-01-10 13:16:20] Action received
Data: check_unread
[2026-01-10 13:16:20] Incoming request
Data: Array
(
    [action] => check_unread
)

[2026-01-10 13:16:20] Database connection successful
[2026-01-10 13:16:20] Action received
Data: check_unread
[2026-01-10 13:17:20] Incoming request
Data: Array
(
    [action] => check_unread
)

[2026-01-10 13:17:20] Database connection successful
[2026-01-10 13:17:20] Action received
Data: check_unread
[2026-01-10 13:17:20] Incoming request
Data: Array
(
    [action] => check_unread
)

[2026-01-10 13:17:20] Database connection successful
[2026-01-10 13:17:20] Action received
Data: check_unread
[2026-01-10 13:18:20] Incoming request
Data: Array
(
    [action] => check_unread
)

[2026-01-10 13:18:20] Database connection successful
[2026-01-10 13:18:20] Action received
Data: check_unread
[2026-01-10 13:18:20] Incoming request
Data: Array
(
    [action] => check_unread
)

[2026-01-10 13:18:20] Database connection successful
[2026-01-10 13:18:20] Action received
Data: check_unread
[2026-01-10 13:19:20] Incoming request
Data: Array
(
    [action] => check_unread
)

[2026-01-10 13:19:20] Database connection successful
[2026-01-10 13:19:20] Action received
Data: check_unread
[2026-01-10 13:19:20] Incoming request
Data: Array
(
    [action] => check_unread
)

[2026-01-10 13:19:20] Database connection successful
[2026-01-10 13:19:20] Action received
Data: check_unread
[2026-01-10 13:20:20] Incoming request
Data: Array
(
    [action] => check_unread
)

[2026-01-10 13:20:20] Database connection successful
[2026-01-10 13:20:20] Action received
Data: check_unread
[2026-01-10 13:20:20] Incoming request
Data: Array
(
    [action] => check_unread
)

[2026-01-10 13:20:20] Database connection successful
[2026-01-10 13:20:20] Action received
Data: check_unread
[2026-01-10 13:21:22] Incoming request
Data: Array
(
    [action] => check_unread
)

[2026-01-10 13:21:22] Database connection successful
[2026-01-10 13:21:22] Action received
Data: check_unread
[2026-01-10 13:21:22] Incoming request
Data: Array
(
    [action] => check_unread
)

[2026-01-10 13:21:22] Database connection successful
[2026-01-10 13:21:22] Action received
Data: check_unread
[2026-01-10 13:22:21] Incoming request
Data: Array
(
    [action] => check_unread
)

[2026-01-10 13:22:21] Database connection successful
[2026-01-10 13:22:21] Action received
Data: check_unread
[2026-01-10 13:22:21] Incoming request
Data: Array
(
    [action] => check_unread
)

[2026-01-10 13:22:21] Database connection successful
[2026-01-10 13:22:21] Action received
Data: check_unread
[2026-01-10 13:23:20] Incoming request
Data: Array
(
    [action] => check_unread
)

[2026-01-10 13:23:20] Database connection successful
[2026-01-10 13:23:20] Action received
Data: check_unread
[2026-01-10 13:23:20] Incoming request
Data: Array
(
    [action] => check_unread
)

[2026-01-10 13:23:20] Database connection successful
[2026-01-10 13:23:20] Action received
Data: check_unread
[2026-01-10 13:24:20] Incoming request
Data: Array
(
    [action] => check_unread
)

[2026-01-10 13:24:20] Database connection successful
[2026-01-10 13:24:20] Action received
Data: check_unread
[2026-01-10 13:24:20] Incoming request
Data: Array
(
    [action] => check_unread
)

[2026-01-10 13:24:20] Database connection successful
[2026-01-10 13:24:20] Action received
Data: check_unread
[2026-01-10 13:25:21] Incoming request
Data: Array
(
    [action] => check_unread
)

[2026-01-10 13:25:21] Database connection successful
[2026-01-10 13:25:21] Action received
Data: check_unread
[2026-01-10 13:25:21] Incoming request
Data: Array
(
    [action] => check_unread
)

[2026-01-10 13:25:21] Database connection successful
[2026-01-10 13:25:21] Action received
Data: check_unread
[2026-01-10 13:26:20] Incoming request
Data: Array
(
    [action] => check_unread
)

[2026-01-10 13:26:20] Database connection successful
[2026-01-10 13:26:20] Action received
Data: check_unread
[2026-01-10 13:26:20] Incoming request
Data: Array
(
    [action] => check_unread
)

[2026-01-10 13:26:20] Database connection successful
[2026-01-10 13:26:20] Action received
Data: check_unread
[2026-01-10 13:27:20] Incoming request
Data: Array
(
    [action] => check_unread
)

[2026-01-10 13:27:20] Database connection successful
[2026-01-10 13:27:20] Action received
Data: check_unread
[2026-01-10 13:27:20] Incoming request
Data: Array
(
    [action] => check_unread
)

[2026-01-10 13:27:20] Database connection successful
[2026-01-10 13:27:20] Action received
Data: check_unread
[2026-01-10 13:28:20] Incoming request
Data: Array
(
    [action] => check_unread
)

[2026-01-10 13:28:20] Database connection successful
[2026-01-10 13:28:20] Action received
Data: check_unread
[2026-01-10 13:28:20] Incoming request
Data: Array
(
    [action] => check_unread
)

[2026-01-10 13:28:20] Database connection successful
[2026-01-10 13:28:20] Action received
Data: check_unread
[2026-01-10 13:29:20] Incoming request
Data: Array
(
    [action] => check_unread
)

[2026-01-10 13:29:20] Database connection successful
[2026-01-10 13:29:20] Action received
Data: check_unread
[2026-01-10 13:29:20] Incoming request
Data: Array
(
    [action] => check_unread
)

[2026-01-10 13:29:20] Database connection successful
[2026-01-10 13:29:20] Action received
Data: check_unread
[2026-01-10 13:30:20] Incoming request
Data: Array
(
    [action] => check_unread
)

[2026-01-10 13:30:20] Database connection successful
[2026-01-10 13:30:20] Action received
Data: check_unread
[2026-01-10 13:30:20] Incoming request
Data: Array
(
    [action] => check_unread
)

[2026-01-10 13:30:20] Database connection successful
[2026-01-10 13:30:20] Action received
Data: check_unread
[2026-01-10 13:31:24] Incoming request
Data: Array
(
    [action] => check_unread
)

[2026-01-10 13:31:24] Database connection successful
[2026-01-10 13:31:24] Action received
Data: check_unread
[2026-01-10 13:31:24] Incoming request
Data: Array
(
    [action] => check_unread
)

[2026-01-10 13:31:24] Database connection successful
[2026-01-10 13:31:24] Action received
Data: check_unread
[2026-01-10 13:32:21] Incoming request
Data: Array
(
    [action] => check_unread
)

[2026-01-10 13:32:21] Database connection successful
[2026-01-10 13:32:21] Action received
Data: check_unread
[2026-01-10 13:32:21] Incoming request
Data: Array
(
    [action] => check_unread
)

[2026-01-10 13:32:21] Database connection successful
[2026-01-10 13:32:21] Action received
Data: check_unread
[2026-01-10 14:29:59] Incoming request
Data: Array
(
    [action] => check_unread
)

[2026-01-10 14:29:59] Database connection successful
[2026-01-10 14:29:59] Action received
Data: check_unread
[2026-01-10 14:30:16] Incoming request
Data: Array
(
    [action] => check_unread
)

[2026-01-10 14:30:16] Database connection successful
[2026-01-10 14:30:16] Action received
Data: check_unread
[2026-01-10 14:30:25] Incoming request
Data: Array
(
    [action] => check_unread
)

[2026-01-10 14:30:25] Database connection successful
[2026-01-10 14:30:25] Action received
Data: check_unread
[2026-01-10 14:31:31] Incoming request
Data: Array
(
    [action] => check_unread
)

[2026-01-10 14:31:31] Database connection successful
[2026-01-10 14:31:31] Action received
Data: check_unread
[2026-01-10 14:31:56] Incoming request
Data: Array
(
    [action] => check_unread
)

[2026-01-10 14:31:56] Database connection successful
[2026-01-10 14:31:56] Action received
Data: check_unread
[2026-01-10 14:32:26] Incoming request
Data: Array
(
    [action] => check_unread
)

[2026-01-10 14:32:26] Database connection successful
[2026-01-10 14:32:26] Action received
Data: check_unread
[2026-01-10 14:33:11] Incoming request
Data: Array
(
    [action] => check_unread
)

[2026-01-10 14:33:11] Database connection successful
[2026-01-10 14:33:11] Action received
Data: check_unread
[2026-01-10 14:34:04] Incoming request
Data: Array
(
    [action] => check_unread
)

[2026-01-10 14:34:04] Database connection successful
[2026-01-10 14:34:04] Action received
Data: check_unread
[2026-01-10 14:36:39] Incoming request
Data: Array
(
    [action] => check_unread
)

[2026-01-10 14:36:39] Database connection successful
[2026-01-10 14:36:39] Action received
Data: check_unread
[2026-01-10 14:37:09] Incoming request
Data: Array
(
    [action] => check_unread
)

[2026-01-10 14:37:09] Database connection successful
[2026-01-10 14:37:09] Action received
Data: check_unread
[2026-01-10 14:37:40] Incoming request
Data: Array
(
    [action] => check_unread
)

[2026-01-10 14:37:40] Database connection successful
[2026-01-10 14:37:40] Action received
Data: check_unread
[2026-01-10 14:38:18] Incoming request
Data: Array
(
    [action] => check_unread
)

[2026-01-10 14:38:18] Database connection successful
[2026-01-10 14:38:18] Action received
Data: check_unread
[2026-01-10 14:46:48] Incoming request
Data: Array
(
    [action] => check_unread
)

[2026-01-10 14:46:48] Database connection successful
[2026-01-10 14:46:48] Action received
Data: check_unread
[2026-01-10 14:46:59] Incoming request
Data: Array
(
    [action] => check_unread
)

[2026-01-10 14:46:59] Database connection successful
[2026-01-10 14:46:59] Action received
Data: check_unread
[2026-01-10 14:46:59] Incoming request
Data: Array
(
    [action] => check_unread
)

[2026-01-10 14:46:59] Database connection successful
[2026-01-10 14:46:59] Action received
Data: check_unread
[2026-01-10 14:47:03] Incoming request
Data: Array
(
    [action] => check_unread
)

[2026-01-10 14:47:03] Database connection successful
[2026-01-10 14:47:03] Action received
Data: check_unread
[2026-01-10 14:47:30] Incoming request
Data: Array
(
    [action] => check_unread
)

[2026-01-10 14:47:30] Database connection successful
[2026-01-10 14:47:30] Action received
Data: check_unread
[2026-01-10 14:47:30] Incoming request
Data: Array
(
    [action] => check_unread
)

[2026-01-10 14:47:30] Database connection successful
[2026-01-10 14:47:30] Action received
Data: check_unread
[2026-01-10 14:47:32] Incoming request
Data: Array
(
    [action] => check_unread
)

[2026-01-10 14:47:32] Database connection successful
[2026-01-10 14:47:32] Action received
Data: check_unread
[2026-01-10 14:47:33] Incoming request
Data: Array
(
    [action] => check_unread
)

[2026-01-10 14:47:33] Database connection successful
[2026-01-10 14:47:33] Action received
Data: check_unread
[2026-01-10 14:47:37] Incoming request
Data: Array
(
    [action] => check_unread
)

[2026-01-10 14:47:37] Database connection successful
[2026-01-10 14:47:37] Action received
Data: check_unread
[2026-01-10 14:47:51] Incoming request
Data: Array
(
    [action] => check_unread
)

[2026-01-10 14:47:51] Database connection successful
[2026-01-10 14:47:51] Action received
Data: check_unread
[2026-01-10 14:47:51] Incoming request
Data: Array
(
    [action] => check_unread
)

[2026-01-10 14:47:51] Database connection successful
[2026-01-10 14:47:51] Action received
Data: check_unread
[2026-01-10 14:47:57] Incoming request
Data: Array
(
    [action] => check_unread
)

[2026-01-10 14:47:57] Database connection successful
[2026-01-10 14:47:57] Action received
Data: check_unread
[2026-01-10 14:47:57] Incoming request
Data: Array
(
    [action] => check_unread
)

[2026-01-10 14:47:57] Database connection successful
[2026-01-10 14:47:57] Action received
Data: check_unread
[2026-01-10 14:48:00] Incoming request
Data: Array
(
    [action] => check_unread
)

[2026-01-10 14:48:00] Database connection successful
[2026-01-10 14:48:00] Action received
Data: check_unread
[2026-01-10 14:48:00] Incoming request
Data: Array
(
    [action] => check_unread
)

[2026-01-10 14:48:00] Database connection successful
[2026-01-10 14:48:00] Action received
Data: check_unread
[2026-01-10 14:48:06] Incoming request
Data: Array
(
    [action] => check_unread
)

[2026-01-10 14:48:06] Database connection successful
[2026-01-10 14:48:06] Action received
Data: check_unread
[2026-01-10 14:48:27] Incoming request
Data: Array
(
    [action] => check_unread
)

[2026-01-10 14:48:27] Database connection successful
[2026-01-10 14:48:27] Action received
Data: check_unread
[2026-01-10 14:48:27] Incoming request
Data: Array
(
    [action] => check_unread
)

[2026-01-10 14:48:27] Database connection successful
[2026-01-10 14:48:27] Action received
Data: check_unread
[2026-01-10 14:48:29] Incoming request
Data: Array
(
    [action] => check_unread
)

[2026-01-10 14:48:29] Database connection successful
[2026-01-10 14:48:29] Action received
Data: check_unread
[2026-01-10 14:48:29] Incoming request
Data: Array
(
    [action] => check_unread
)

[2026-01-10 14:48:29] Database connection successful
[2026-01-10 14:48:29] Action received
Data: check_unread
[2026-01-10 14:48:33] Incoming request
Data: Array
(
    [action] => check_unread
)

[2026-01-10 14:48:33] Database connection successful
[2026-01-10 14:48:33] Action received
Data: check_unread
[2026-01-10 14:48:57] Incoming request
Data: Array
(
    [action] => check_unread
)

[2026-01-10 14:48:57] Database connection successful
[2026-01-10 14:48:57] Action received
Data: check_unread
[2026-01-10 14:48:57] Incoming request
Data: Array
(
    [action] => check_unread
)

[2026-01-10 14:48:57] Database connection successful
[2026-01-10 14:48:57] Action received
Data: check_unread
[2026-01-10 14:48:58] Incoming request
Data: Array
(
    [action] => check_unread
)

[2026-01-10 14:48:58] Database connection successful
[2026-01-10 14:48:58] Action received
Data: check_unread
[2026-01-10 14:48:59] Incoming request
Data: Array
(
    [action] => check_unread
)

[2026-01-10 14:48:59] Database connection successful
[2026-01-10 14:48:59] Action received
Data: check_unread
[2026-01-10 14:48:59] Incoming request
Data: Array
(
    [action] => check_unread
)

[2026-01-10 14:48:59] Database connection successful
[2026-01-10 14:48:59] Action received
Data: check_unread
[2026-01-10 14:49:03] Incoming request
Data: Array
(
    [action] => check_unread
)

[2026-01-10 14:49:03] Database connection successful
[2026-01-10 14:49:03] Action received
Data: check_unread
[2026-01-10 14:49:34] Incoming request
Data: Array
(
    [action] => check_unread
)

[2026-01-10 14:49:34] Database connection successful
[2026-01-10 14:49:34] Action received
Data: check_unread
[2026-01-10 14:49:34] Incoming request
Data: Array
(
    [action] => check_unread
)

[2026-01-10 14:49:34] Database connection successful
[2026-01-10 14:49:34] Action received
Data: check_unread
[2026-01-10 14:49:34] Incoming request
Data: Array
(
    [action] => check_unread
)

[2026-01-10 14:49:34] Database connection successful
[2026-01-10 14:49:34] Action received
Data: check_unread
[2026-01-10 14:50:00] Incoming request
Data: Array
(
    [action] => check_unread
)

[2026-01-10 14:50:00] Database connection successful
[2026-01-10 14:50:00] Action received
Data: check_unread
[2026-01-10 14:50:00] Incoming request
Data: Array
(
    [action] => check_unread
)

[2026-01-10 14:50:00] Database connection successful
[2026-01-10 14:50:00] Action received
Data: check_unread
[2026-01-10 14:50:03] Incoming request
Data: Array
(
    [action] => check_unread
)

[2026-01-10 14:50:03] Database connection successful
[2026-01-10 14:50:03] Action received
Data: check_unread
[2026-01-10 14:50:30] Incoming request
Data: Array
(
    [action] => check_unread
)

[2026-01-10 14:50:30] Database connection successful
[2026-01-10 14:50:30] Action received
Data: check_unread
[2026-01-10 14:50:30] Incoming request
Data: Array
(
    [action] => check_unread
)

[2026-01-10 14:50:30] Database connection successful
[2026-01-10 14:50:30] Action received
Data: check_unread
[2026-01-10 14:50:33] Incoming request
Data: Array
(
    [action] => check_unread
)

[2026-01-10 14:50:33] Database connection successful
[2026-01-10 14:50:33] Action received
Data: check_unread
[2026-01-10 14:51:00] Incoming request
Data: Array
(
    [action] => check_unread
)

[2026-01-10 14:51:00] Database connection successful
[2026-01-10 14:51:00] Action received
Data: check_unread
[2026-01-10 14:51:00] Incoming request
Data: Array
(
    [action] => check_unread
)

[2026-01-10 14:51:00] Database connection successful
[2026-01-10 14:51:00] Action received
Data: check_unread
[2026-01-10 14:51:21] Incoming request
Data: Array
(
    [action] => check_unread
)

[2026-01-10 14:51:21] Database connection successful
[2026-01-10 14:51:21] Action received
Data: check_unread
[2026-01-10 14:51:30] Incoming request
Data: Array
(
    [action] => check_unread
)

[2026-01-10 14:51:30] Database connection successful
[2026-01-10 14:51:30] Action received
Data: check_unread
[2026-01-10 14:51:30] Incoming request
Data: Array
(
    [action] => check_unread
)

[2026-01-10 14:51:30] Database connection successful
[2026-01-10 14:51:30] Action received
Data: check_unread
[2026-01-10 14:51:59] Incoming request
Data: Array
(
    [action] => check_unread
)

[2026-01-10 14:51:59] Database connection successful
[2026-01-10 14:51:59] Action received
Data: check_unread
[2026-01-10 14:51:59] Incoming request
Data: Array
(
    [action] => check_unread
)

[2026-01-10 14:51:59] Database connection successful
[2026-01-10 14:51:59] Action received
Data: check_unread
[2026-01-10 14:51:59] Incoming request
Data: Array
(
    [action] => check_unread
)

[2026-01-10 14:51:59] Database connection successful
[2026-01-10 14:51:59] Action received
Data: check_unread
[2026-01-10 14:52:02] Incoming request
Data: Array
(
    [action] => check_unread
)

[2026-01-10 14:52:02] Database connection successful
[2026-01-10 14:52:02] Action received
Data: check_unread
[2026-01-10 14:52:30] Incoming request
Data: Array
(
    [action] => check_unread
)

[2026-01-10 14:52:30] Database connection successful
[2026-01-10 14:52:30] Action received
Data: check_unread
[2026-01-10 14:52:30] Incoming request
Data: Array
(
    [action] => check_unread
)

[2026-01-10 14:52:30] Database connection successful
[2026-01-10 14:52:30] Action received
Data: check_unread
[2026-01-10 14:52:33] Incoming request
Data: Array
(
    [action] => check_unread
)

[2026-01-10 14:52:33] Database connection successful
[2026-01-10 14:52:33] Action received
Data: check_unread
[2026-01-10 14:53:00] Incoming request
Data: Array
(
    [action] => check_unread
)

[2026-01-10 14:53:00] Database connection successful
[2026-01-10 14:53:00] Action received
Data: check_unread
[2026-01-10 14:53:00] Incoming request
Data: Array
(
    [action] => check_unread
)

[2026-01-10 14:53:00] Database connection successful
[2026-01-10 14:53:00] Action received
Data: check_unread
[2026-01-10 14:53:03] Incoming request
Data: Array
(
    [action] => check_unread
)

[2026-01-10 14:53:03] Database connection successful
[2026-01-10 14:53:03] Action received
Data: check_unread
[2026-01-10 14:53:26] Incoming request
Data: Array
(
    [action] => check_unread
)

[2026-01-10 14:53:26] Database connection successful
[2026-01-10 14:53:26] Action received
Data: check_unread
[2026-01-10 14:53:30] Incoming request
Data: Array
(
    [action] => check_unread
)

[2026-01-10 14:53:30] Database connection successful
[2026-01-10 14:53:30] Action received
Data: check_unread
[2026-01-10 14:53:30] Incoming request
Data: Array
(
    [action] => check_unread
)

[2026-01-10 14:53:30] Database connection successful
[2026-01-10 14:53:30] Action received
Data: check_unread
[2026-01-10 14:53:49] Incoming request
Data: Array
(
    [action] => check_unread
)

[2026-01-10 14:53:49] Database connection successful
[2026-01-10 14:53:49] Action received
Data: check_unread
[2026-01-10 14:53:58] Incoming request
Data: Array
(
    [action] => check_unread
)

[2026-01-10 14:53:58] Database connection successful
[2026-01-10 14:53:58] Action received
Data: check_unread
[2026-01-10 14:53:58] Incoming request
Data: Array
(
    [action] => check_unread
)

[2026-01-10 14:53:58] Database connection successful
[2026-01-10 14:53:58] Action received
Data: check_unread
[2026-01-10 14:54:00] Incoming request
Data: Array
(
    [action] => check_unread
)

[2026-01-10 14:54:00] Database connection successful
[2026-01-10 14:54:00] Action received
Data: check_unread
[2026-01-10 14:54:00] Incoming request
Data: Array
(
    [action] => check_unread
)

[2026-01-10 14:54:00] Database connection successful
[2026-01-10 14:54:00] Action received
Data: check_unread
[2026-01-10 14:54:06] Incoming request
Data: Array
(
    [action] => check_unread
)

[2026-01-10 14:54:06] Database connection successful
[2026-01-10 14:54:06] Action received
Data: check_unread
[2026-01-10 14:54:06] Incoming request
Data: Array
(
    [action] => check_unread
)

[2026-01-10 14:54:06] Database connection successful
[2026-01-10 14:54:06] Action received
Data: check_unread
[2026-01-10 14:54:30] Incoming request
Data: Array
(
    [action] => check_unread
)

[2026-01-10 14:54:30] Database connection successful
[2026-01-10 14:54:30] Action received
Data: check_unread
[2026-01-10 14:54:30] Incoming request
Data: Array
(
    [action] => check_unread
)

[2026-01-10 14:54:30] Database connection successful
[2026-01-10 14:54:30] Action received
Data: check_unread
[2026-01-10 14:54:36] Incoming request
Data: Array
(
    [action] => check_unread
)

[2026-01-10 14:54:36] Database connection successful
[2026-01-10 14:54:36] Action received
Data: check_unread
[2026-01-10 14:54:36] Incoming request
Data: Array
(
    [action] => check_unread
)

[2026-01-10 14:54:36] Database connection successful
[2026-01-10 14:54:36] Action received
Data: check_unread
[2026-01-10 14:54:52] Incoming request
Data: Array
(
    [action] => check_unread
)

[2026-01-10 14:54:52] Database connection successful
[2026-01-10 14:54:52] Action received
Data: check_unread
[2026-01-10 14:54:52] Incoming request
Data: Array
(
    [action] => check_unread
)

[2026-01-10 14:54:52] Database connection successful
[2026-01-10 14:54:52] Action received
Data: check_unread
[2026-01-10 14:54:55] Incoming request
Data: Array
(
    [action] => check_unread
)

[2026-01-10 14:54:55] Database connection successful
[2026-01-10 14:54:55] Action received
Data: check_unread
[2026-01-10 14:54:55] Incoming request
Data: Array
(
    [action] => check_unread
)

[2026-01-10 14:54:55] Database connection successful
[2026-01-10 14:54:55] Action received
Data: check_unread
[2026-01-10 14:55:00] Incoming request
Data: Array
(
    [action] => check_unread
)

[2026-01-10 14:55:00] Database connection successful
[2026-01-10 14:55:00] Action received
Data: check_unread
[2026-01-10 14:55:00] Incoming request
Data: Array
(
    [action] => check_unread
)

[2026-01-10 14:55:00] Database connection successful
[2026-01-10 14:55:00] Action received
Data: check_unread
[2026-01-10 14:55:25] Incoming request
Data: Array
(
    [action] => check_unread
)

[2026-01-10 14:55:25] Database connection successful
[2026-01-10 14:55:25] Action received
Data: check_unread
[2026-01-10 14:55:25] Incoming request
Data: Array
(
    [action] => check_unread
)

[2026-01-10 14:55:25] Database connection successful
[2026-01-10 14:55:25] Action received
Data: check_unread
[2026-01-10 14:55:30] Incoming request
Data: Array
(
    [action] => check_unread
)

[2026-01-10 14:55:30] Database connection successful
[2026-01-10 14:55:30] Action received
Data: check_unread
[2026-01-10 14:55:30] Incoming request
Data: Array
(
    [action] => check_unread
)

[2026-01-10 14:55:30] Database connection successful
[2026-01-10 14:55:30] Action received
Data: check_unread
[2026-01-10 14:55:39] Incoming request
Data: Array
(
    [action] => check_unread
)

[2026-01-10 14:55:39] Database connection successful
[2026-01-10 14:55:39] Action received
Data: check_unread
[2026-01-10 14:55:43] Incoming request
Data: Array
(
    [action] => check_unread
)

[2026-01-10 14:55:43] Database connection successful
[2026-01-10 14:55:43] Action received
Data: check_unread
[2026-01-10 14:55:56] Incoming request
Data: Array
(
    [action] => check_unread
)

[2026-01-10 14:55:56] Database connection successful
[2026-01-10 14:55:56] Action received
Data: check_unread
[2026-01-10 14:55:56] Incoming request
Data: Array
(
    [action] => check_unread
)

[2026-01-10 14:55:56] Database connection successful
[2026-01-10 14:55:56] Action received
Data: check_unread
[2026-01-10 14:56:00] Incoming request
Data: Array
(
    [action] => check_unread
)

[2026-01-10 14:56:00] Database connection successful
[2026-01-10 14:56:00] Action received
Data: check_unread
[2026-01-10 14:56:00] Incoming request
Data: Array
(
    [action] => check_unread
)

[2026-01-10 14:56:00] Database connection successful
[2026-01-10 14:56:00] Action received
Data: check_unread
[2026-01-10 14:56:03] Incoming request
Data: Array
(
    [action] => check_unread
)

[2026-01-10 14:56:03] Database connection successful
[2026-01-10 14:56:03] Action received
Data: check_unread
[2026-01-10 14:56:03] Incoming request
Data: Array
(
    [action] => check_unread
)

[2026-01-10 14:56:03] Database connection successful
[2026-01-10 14:56:03] Action received
Data: check_unread
[2026-01-10 14:56:10] Incoming request
Data: Array
(
    [action] => check_unread
)

[2026-01-10 14:56:10] Database connection successful
[2026-01-10 14:56:10] Action received
Data: check_unread
[2026-01-10 14:56:10] Incoming request
Data: Array
(
    [action] => check_unread
)

[2026-01-10 14:56:10] Database connection successful
[2026-01-10 14:56:10] Action received
Data: check_unread
[2026-01-10 14:56:27] Incoming request
Data: Array
(
    [action] => check_unread
)

[2026-01-10 14:56:27] Database connection successful
[2026-01-10 14:56:27] Action received
Data: check_unread
[2026-01-10 14:56:27] Incoming request
Data: Array
(
    [action] => check_unread
)

[2026-01-10 14:56:27] Database connection successful
[2026-01-10 14:56:27] Action received
Data: check_unread
[2026-01-10 14:56:31] Incoming request
Data: Array
(
    [action] => check_unread
)

[2026-01-10 14:56:31] Database connection successful
[2026-01-10 14:56:31] Action received
Data: check_unread
[2026-01-10 14:56:31] Incoming request
Data: Array
(
    [action] => check_unread
)

[2026-01-10 14:56:31] Database connection successful
[2026-01-10 14:56:31] Action received
Data: check_unread
[2026-01-10 14:56:41] Incoming request
Data: Array
(
    [action] => check_unread
)

[2026-01-10 14:56:41] Database connection successful
[2026-01-10 14:56:41] Action received
Data: check_unread
[2026-01-10 14:56:41] Incoming request
Data: Array
(
    [action] => check_unread
)

[2026-01-10 14:56:41] Database connection successful
[2026-01-10 14:56:41] Action received
Data: check_unread
[2026-01-10 14:56:52] Incoming request
Data: Array
(
    [action] => check_unread
)

[2026-01-10 14:56:52] Database connection successful
[2026-01-10 14:56:52] Action received
Data: check_unread
[2026-01-10 14:56:52] Incoming request
Data: Array
(
    [action] => check_unread
)

[2026-01-10 14:56:52] Database connection successful
[2026-01-10 14:56:52] Action received
Data: check_unread
[2026-01-10 14:57:00] Incoming request
Data: Array
(
    [action] => check_unread
)

[2026-01-10 14:57:00] Database connection successful
[2026-01-10 14:57:00] Action received
Data: check_unread
[2026-01-10 14:57:01] Incoming request
Data: Array
(
    [action] => check_unread
)

[2026-01-10 14:57:01] Database connection successful
[2026-01-10 14:57:01] Action received
Data: check_unread
[2026-01-10 15:00:45] Incoming request
Data: Array
(
    [action] => check_unread
)

[2026-01-10 15:00:45] Database connection successful
[2026-01-10 15:00:45] Action received
Data: check_unread
[2026-01-10 15:00:45] Incoming request
Data: Array
(
    [action] => check_unread
)

[2026-01-10 15:00:45] Database connection successful
[2026-01-10 15:00:45] Action received
Data: check_unread
[2026-01-10 15:01:13] Incoming request
Data: Array
(
    [action] => check_unread
)

[2026-01-10 15:01:13] Database connection successful
[2026-01-10 15:01:13] Action received
Data: check_unread
[2026-01-10 15:01:13] Incoming request
Data: Array
(
    [action] => check_unread
)

[2026-01-10 15:01:13] Database connection successful
[2026-01-10 15:01:13] Action received
Data: check_unread
[2026-01-10 15:01:49] Incoming request
Data: Array
(
    [action] => check_unread
)

[2026-01-10 15:01:49] Database connection successful
[2026-01-10 15:01:49] Action received
Data: check_unread
[2026-01-10 15:01:53] Incoming request
Data: Array
(
    [action] => check_unread
)

[2026-01-10 15:01:53] Database connection successful
[2026-01-10 15:01:53] Action received
Data: check_unread
[2026-01-10 15:02:14] Incoming request
Data: Array
(
    [action] => check_unread
)

[2026-01-10 15:02:14] Database connection successful
[2026-01-10 15:02:14] Action received
Data: check_unread
[2026-01-10 15:02:14] Incoming request
Data: Array
(
    [action] => check_unread
)

[2026-01-10 15:02:14] Database connection successful
[2026-01-10 15:02:14] Action received
Data: check_unread
[2026-01-10 15:02:44] Incoming request
Data: Array
(
    [action] => check_unread
)

[2026-01-10 15:02:44] Database connection successful
[2026-01-10 15:02:44] Action received
Data: check_unread
[2026-01-10 15:02:44] Incoming request
Data: Array
(
    [action] => check_unread
)

[2026-01-10 15:02:44] Database connection successful
[2026-01-10 15:02:44] Action received
Data: check_unread
[2026-01-10 15:03:14] Incoming request
Data: Array
(
    [action] => check_unread
)

[2026-01-10 15:03:14] Database connection successful
[2026-01-10 15:03:14] Action received
Data: check_unread
[2026-01-10 15:03:14] Incoming request
Data: Array
(
    [action] => check_unread
)

[2026-01-10 15:03:14] Database connection successful
[2026-01-10 15:03:14] Action received
Data: check_unread
[2026-01-10 23:54:27] Incoming request
Data: Array
(
    [action] => check_unread
)

[2026-01-10 23:54:27] Database connection successful
[2026-01-10 23:54:27] Action received
Data: check_unread
[2026-01-10 23:54:54] Incoming request
Data: Array
(
    [action] => check_unread
)

[2026-01-10 23:54:54] Database connection successful
[2026-01-10 23:54:54] Action received
Data: check_unread
[2026-01-11 03:38:24] Incoming request
Data: Array
(
    [action] => check_unread
)

[2026-01-11 03:38:24] Database connection successful
[2026-01-11 03:38:24] Action received
Data: check_unread
[2026-01-11 03:38:29] Incoming request
Data: Array
(
    [action] => check_unread
)

[2026-01-11 03:38:29] Database connection successful
[2026-01-11 03:38:29] Action received
Data: check_unread
[2026-01-11 03:38:59] Incoming request
Data: Array
(
    [action] => check_unread
)

[2026-01-11 03:38:59] Database connection successful
[2026-01-11 03:38:59] Action received
Data: check_unread
[2026-01-11 03:39:10] Incoming request
Data: Array
(
    [action] => check_unread
)

[2026-01-11 03:39:10] Database connection successful
[2026-01-11 03:39:10] Action received
Data: check_unread
[2026-01-11 03:39:22] Incoming request
Data: Array
(
    [action] => check_unread
)

[2026-01-11 03:39:22] Database connection successful
[2026-01-11 03:39:22] Action received
Data: check_unread
[2026-01-11 08:25:34] Incoming request
Data: Array
(
    [action] => check_unread
)

[2026-01-11 08:25:34] Database connection successful
[2026-01-11 08:25:34] Action received
Data: check_unread
[2026-01-11 08:53:02] Incoming request
Data: Array
(
    [action] => check_unread
)

[2026-01-11 08:53:02] Database connection successful
[2026-01-11 08:53:02] Action received
Data: check_unread
[2026-01-11 08:53:03] Incoming request
Data: Array
(
    [action] => check_unread
)

[2026-01-11 08:53:03] Database connection successful
[2026-01-11 08:53:03] Action received
Data: check_unread
[2026-01-11 08:53:15] Incoming request
Data: Array
(
    [action] => check_unread
)

[2026-01-11 08:53:15] Database connection successful
[2026-01-11 08:53:15] Action received
Data: check_unread
[2026-01-11 08:53:45] Incoming request
Data: Array
(
    [action] => check_unread
)

[2026-01-11 08:53:45] Database connection successful
[2026-01-11 08:53:45] Action received
Data: check_unread
[2026-01-11 08:54:15] Incoming request
Data: Array
(
    [action] => check_unread
)

[2026-01-11 08:54:15] Database connection successful
[2026-01-11 08:54:15] Action received
Data: check_unread
[2026-01-11 08:54:19] Incoming request
Data: Array
(
    [action] => check_unread
)

[2026-01-11 08:54:19] Database connection successful
[2026-01-11 08:54:19] Action received
Data: check_unread
[2026-01-11 08:54:39] Incoming request
Data: Array
(
    [action] => check_unread
)

[2026-01-11 08:54:39] Database connection successful
[2026-01-11 08:54:39] Action received
Data: check_unread
[2026-01-11 08:54:49] Incoming request
Data: Array
(
    [action] => check_unread
)

[2026-01-11 08:54:49] Database connection successful
[2026-01-11 08:54:49] Action received
Data: check_unread
[2026-01-11 08:55:07] Incoming request
Data: Array
(
    [action] => check_unread
)

[2026-01-11 08:55:07] Database connection successful
[2026-01-11 08:55:07] Action received
Data: check_unread
[2026-01-11 08:55:19] Incoming request
Data: Array
(
    [action] => check_unread
)

[2026-01-11 08:55:19] Database connection successful
[2026-01-11 08:55:19] Action received
Data: check_unread
[2026-01-11 08:55:37] Incoming request
Data: Array
(
    [action] => check_unread
)

[2026-01-11 08:55:37] Database connection successful
[2026-01-11 08:55:37] Action received
Data: check_unread
[2026-01-11 08:56:07] Incoming request
Data: Array
(
    [action] => check_unread
)

[2026-01-11 08:56:07] Database connection successful
[2026-01-11 08:56:07] Action received
Data: check_unread
[2026-01-11 08:56:38] Incoming request
Data: Array
(
    [action] => check_unread
)

[2026-01-11 08:56:38] Database connection successful
[2026-01-11 08:56:38] Action received
Data: check_unread
[2026-01-11 10:45:26] Incoming request
Data: Array
(
    [action] => check_unread
)

[2026-01-11 10:45:26] Database connection successful
[2026-01-11 10:45:26] Action received
Data: check_unread
[2026-01-11 10:45:34] Incoming request
Data: Array
(
    [action] => check_unread
)

[2026-01-11 10:45:34] Database connection successful
[2026-01-11 10:45:34] Action received
Data: check_unread
[2026-01-11 10:45:44] Incoming request
Data: Array
(
    [action] => check_unread
)

[2026-01-11 10:45:44] Database connection successful
[2026-01-11 10:45:44] Action received
Data: check_unread
[2026-01-11 10:45:56] Incoming request
Data: Array
(
    [action] => check_unread
)

[2026-01-11 10:45:56] Database connection successful
[2026-01-11 10:45:56] Action received
Data: check_unread
[2026-01-11 10:46:26] Incoming request
Data: Array
(
    [action] => check_unread
)

[2026-01-11 10:46:26] Database connection successful
[2026-01-11 10:46:26] Action received
Data: check_unread
[2026-01-11 10:46:46] Incoming request
Data: Array
(
    [action] => check_unread
)

[2026-01-11 10:46:46] Database connection successful
[2026-01-11 10:46:46] Action received
Data: check_unread
[2026-01-11 10:46:46] Incoming request
Data: Array
(
    [action] => check_unread
)

[2026-01-11 10:46:46] Database connection successful
[2026-01-11 10:46:46] Action received
Data: check_unread
[2026-01-11 10:46:48] Incoming request
Data: Array
(
    [action] => check_unread
)

[2026-01-11 10:46:48] Database connection successful
[2026-01-11 10:46:48] Action received
Data: check_unread
[2026-01-11 10:46:56] Incoming request
Data: Array
(
    [action] => check_unread
)

[2026-01-11 10:46:56] Database connection successful
[2026-01-11 10:46:56] Action received
Data: check_unread
[2026-01-11 10:47:26] Incoming request
Data: Array
(
    [action] => check_unread
)

[2026-01-11 10:47:26] Database connection successful
[2026-01-11 10:47:26] Action received
Data: check_unread
[2026-01-11 10:48:09] Incoming request
Data: Array
(
    [action] => check_unread
)

[2026-01-11 10:48:09] Database connection successful
[2026-01-11 10:48:09] Action received
Data: check_unread
[2026-01-11 10:48:12] Incoming request
Data: Array
(
    [action] => check_unread
)

[2026-01-11 10:48:12] Database connection successful
[2026-01-11 10:48:12] Action received
Data: check_unread
[2026-01-11 10:48:14] Incoming request
Data: Array
(
    [action] => check_unread
)

[2026-01-11 10:48:14] Database connection successful
[2026-01-11 10:48:14] Action received
Data: check_unread
[2026-01-11 10:48:18] Incoming request
Data: Array
(
    [action] => check_unread
)

[2026-01-11 10:48:18] Database connection successful
[2026-01-11 10:48:18] Action received
Data: check_unread
[2026-01-11 10:48:48] Incoming request
Data: Array
(
    [action] => check_unread
)

[2026-01-11 10:48:48] Database connection successful
[2026-01-11 10:48:48] Action received
Data: check_unread
[2026-01-11 10:49:00] Incoming request
Data: Array
(
    [action] => check_unread
)

[2026-01-11 10:49:00] Database connection successful
[2026-01-11 10:49:00] Action received
Data: check_unread
[2026-01-11 11:07:52] Incoming request
Data: Array
(
    [action] => check_unread
)

[2026-01-11 11:07:52] Database connection successful
[2026-01-11 11:07:52] Action received
Data: check_unread
[2026-01-11 11:58:02] Incoming request
Data: Array
(
    [action] => check_unread
)

[2026-01-11 11:58:02] Database connection successful
[2026-01-11 11:58:02] Action received
Data: check_unread
[2026-01-11 11:58:02] Incoming request
Data: Array
(
    [action] => check_unread
)

[2026-01-11 11:58:02] Database connection successful
[2026-01-11 11:58:02] Action received
Data: check_unread
[2026-01-11 11:58:05] Incoming request
Data: Array
(
    [action] => check_unread
)

[2026-01-11 11:58:05] Database connection successful
[2026-01-11 11:58:05] Action received
Data: check_unread
[2026-01-11 12:01:12] Incoming request
Data: Array
(
    [action] => check_unread
)

[2026-01-11 12:01:12] Database connection successful
[2026-01-11 12:01:12] Action received
Data: check_unread
[2026-01-11 12:01:14] Incoming request
Data: Array
(
    [action] => check_unread
)

[2026-01-11 12:01:14] Database connection successful
[2026-01-11 12:01:14] Action received
Data: check_unread
[2026-01-11 17:30:22] Incoming request
Data: Array
(
    [action] => check_unread
)

[2026-01-11 17:30:22] Database connection successful
[2026-01-11 17:30:22] Action received
Data: check_unread
[2026-01-11 17:30:52] Incoming request
Data: Array
(
    [action] => check_unread
)

[2026-01-11 17:30:52] Database connection successful
[2026-01-11 17:30:52] Action received
Data: check_unread
[2026-01-11 17:31:22] Incoming request
Data: Array
(
    [action] => check_unread
)

[2026-01-11 17:31:22] Database connection successful
[2026-01-11 17:31:22] Action received
Data: check_unread
[2026-01-12 02:33:42] Incoming request
Data: Array
(
    [action] => check_unread
)

[2026-01-12 02:33:42] Database connection successful
[2026-01-12 02:33:42] Action received
Data: check_unread
[2026-01-12 02:33:44] Incoming request
Data: Array
(
    [action] => check_unread
)

[2026-01-12 02:33:44] Database connection successful
[2026-01-12 02:33:44] Action received
Data: check_unread
[2026-01-12 03:50:20] Incoming request
Data: Array
(
    [action] => check_unread
)

[2026-01-12 03:50:20] Database connection successful
[2026-01-12 03:50:20] Action received
Data: check_unread
[2026-01-12 03:50:20] Incoming request
Data: Array
(
    [action] => check_unread
)

[2026-01-12 03:50:20] Database connection successful
[2026-01-12 03:50:20] Action received
Data: check_unread
[2026-01-12 03:50:22] Incoming request
Data: Array
(
    [action] => check_unread
)

[2026-01-12 03:50:22] Database connection successful
[2026-01-12 03:50:22] Action received
Data: check_unread
[2026-01-12 05:37:26] Incoming request
Data: Array
(
    [action] => check_unread
)

[2026-01-12 05:37:26] Database connection successful
[2026-01-12 05:37:26] Action received
Data: check_unread
[2026-01-12 05:37:28] Incoming request
Data: Array
(
    [action] => check_unread
)

[2026-01-12 05:37:28] Database connection successful
[2026-01-12 05:37:28] Action received
Data: check_unread
[2026-01-12 05:37:43] Incoming request
Data: Array
(
    [action] => check_unread
)

[2026-01-12 05:37:43] Database connection successful
[2026-01-12 05:37:43] Action received
Data: check_unread
[2026-01-12 05:37:43] Incoming request
Data: Array
(
    [action] => check_unread
)

[2026-01-12 05:37:43] Database connection successful
[2026-01-12 05:37:43] Action received
Data: check_unread
[2026-01-12 05:37:47] Incoming request
Data: Array
(
    [action] => check_unread
)

[2026-01-12 05:37:47] Database connection successful
[2026-01-12 05:37:47] Action received
Data: check_unread
[2026-01-12 05:37:47] Incoming request
Data: Array
(
    [action] => check_unread
)

[2026-01-12 05:37:47] Database connection successful
[2026-01-12 05:37:47] Action received
Data: check_unread
[2026-01-12 05:37:50] Incoming request
Data: Array
(
    [action] => check_unread
)

[2026-01-12 05:37:50] Database connection successful
[2026-01-12 05:37:50] Action received
Data: check_unread
[2026-01-12 05:37:50] Incoming request
Data: Array
(
    [action] => check_unread
)

[2026-01-12 05:37:50] Database connection successful
[2026-01-12 05:37:50] Action received
Data: check_unread
[2026-01-12 05:38:20] Incoming request
Data: Array
(
    [action] => check_unread
)

[2026-01-12 05:38:20] Database connection successful
[2026-01-12 05:38:20] Action received
Data: check_unread
[2026-01-12 05:38:20] Incoming request
Data: Array
(
    [action] => check_unread
)

[2026-01-12 05:38:20] Database connection successful
[2026-01-12 05:38:20] Action received
Data: check_unread
[2026-01-12 05:38:33] Incoming request
Data: Array
(
    [action] => check_unread
)

[2026-01-12 05:38:34] Database connection successful
[2026-01-12 05:38:34] Action received
Data: check_unread
[2026-01-12 05:38:34] Incoming request
Data: Array
(
    [action] => check_unread
)

[2026-01-12 05:38:34] Database connection successful
[2026-01-12 05:38:34] Action received
Data: check_unread
[2026-01-12 05:38:47] Incoming request
Data: Array
(
    [action] => check_unread
)

[2026-01-12 05:38:47] Database connection successful
[2026-01-12 05:38:47] Action received
Data: check_unread
[2026-01-12 05:38:47] Incoming request
Data: Array
(
    [action] => check_unread
)

[2026-01-12 05:38:47] Database connection successful
[2026-01-12 05:38:47] Action received
Data: check_unread
[2026-01-12 05:39:17] Incoming request
Data: Array
(
    [action] => check_unread
)

[2026-01-12 05:39:17] Database connection successful
[2026-01-12 05:39:17] Action received
Data: check_unread
[2026-01-12 05:39:17] Incoming request
Data: Array
(
    [action] => check_unread
)

[2026-01-12 05:39:17] Database connection successful
[2026-01-12 05:39:17] Action received
Data: check_unread
[2026-01-12 05:39:47] Incoming request
Data: Array
(
    [action] => check_unread
)

[2026-01-12 05:39:47] Database connection successful
[2026-01-12 05:39:47] Action received
Data: check_unread
[2026-01-12 05:39:47] Incoming request
Data: Array
(
    [action] => check_unread
)

[2026-01-12 05:39:47] Database connection successful
[2026-01-12 05:39:47] Action received
Data: check_unread
[2026-01-12 06:10:12] Incoming request
Data: Array
(
    [action] => check_unread
)

[2026-01-12 06:10:12] Database connection successful
[2026-01-12 06:10:12] Action received
Data: check_unread
[2026-01-12 06:10:45] Incoming request
Data: Array
(
    [action] => check_unread
)

[2026-01-12 06:10:45] Database connection successful
[2026-01-12 06:10:45] Action received
Data: check_unread
[2026-01-12 06:11:17] Incoming request
Data: Array
(
    [action] => check_unread
)

[2026-01-12 06:11:17] Database connection successful
[2026-01-12 06:11:17] Action received
Data: check_unread
[2026-01-12 06:11:35] Incoming request
Data: Array
(
    [action] => check_unread
)

[2026-01-12 06:11:35] Database connection successful
[2026-01-12 06:11:35] Action received
Data: check_unread
[2026-01-12 06:11:35] Incoming request
Data: Array
(
    [action] => check_unread
)

[2026-01-12 06:11:35] Database connection successful
[2026-01-12 06:11:35] Action received
Data: check_unread
[2026-01-12 06:11:40] Incoming request
Data: Array
(
    [action] => check_unread
)

[2026-01-12 06:11:40] Database connection successful
[2026-01-12 06:11:40] Action received
Data: check_unread
[2026-01-12 06:11:58] Incoming request
Data: Array
(
    [action] => check_unread
)

[2026-01-12 06:11:58] Database connection successful
[2026-01-12 06:11:58] Action received
Data: check_unread
[2026-01-12 06:12:05] Incoming request
Data: Array
(
    [action] => check_unread
)

[2026-01-12 06:12:05] Database connection successful
[2026-01-12 06:12:05] Action received
Data: check_unread
[2026-01-12 06:12:32] Incoming request
Data: Array
(
    [action] => check_unread
)

[2026-01-12 06:12:32] Database connection successful
[2026-01-12 06:12:32] Action received
Data: check_unread
[2026-01-12 06:12:33] Incoming request
Data: Array
(
    [action] => check_unread
)

[2026-01-12 06:12:33] Database connection successful
[2026-01-12 06:12:33] Action received
Data: check_unread
[2026-01-12 06:13:03] Incoming request
Data: Array
(
    [action] => check_unread
)

[2026-01-12 06:13:03] Database connection successful
[2026-01-12 06:13:03] Action received
Data: check_unread
[2026-01-12 06:15:20] Incoming request
Data: Array
(
    [action] => check_unread
)

[2026-01-12 06:15:20] Database connection successful
[2026-01-12 06:15:20] Action received
Data: check_unread
[2026-01-12 06:15:51] Incoming request
Data: Array
(
    [action] => check_unread
)

[2026-01-12 06:15:51] Database connection successful
[2026-01-12 06:15:51] Action received
Data: check_unread
[2026-01-12 06:15:54] Incoming request
Data: Array
(
    [action] => check_unread
)

[2026-01-12 06:15:54] Database connection successful
[2026-01-12 06:15:54] Action received
Data: check_unread
[2026-01-12 06:16:24] Incoming request
Data: Array
(
    [action] => check_unread
)

[2026-01-12 06:16:24] Database connection successful
[2026-01-12 06:16:24] Action received
Data: check_unread
[2026-01-12 06:16:54] Incoming request
Data: Array
(
    [action] => check_unread
)

[2026-01-12 06:16:55] Database connection successful
[2026-01-12 06:16:55] Action received
Data: check_unread
[2026-01-12 06:17:24] Incoming request
Data: Array
(
    [action] => check_unread
)

[2026-01-12 06:17:24] Database connection successful
[2026-01-12 06:17:24] Action received
Data: check_unread
[2026-01-12 06:17:54] Incoming request
Data: Array
(
    [action] => check_unread
)

[2026-01-12 06:17:54] Database connection successful
[2026-01-12 06:17:54] Action received
Data: check_unread
[2026-01-12 06:18:24] Incoming request
Data: Array
(
    [action] => check_unread
)

[2026-01-12 06:18:24] Database connection successful
[2026-01-12 06:18:24] Action received
Data: check_unread
[2026-01-12 06:18:54] Incoming request
Data: Array
(
    [action] => check_unread
)

[2026-01-12 06:18:54] Database connection successful
[2026-01-12 06:18:54] Action received
Data: check_unread
[2026-01-12 06:19:23] Incoming request
Data: Array
(
    [action] => check_unread
)

[2026-01-12 06:19:23] Database connection successful
[2026-01-12 06:19:23] Action received
Data: check_unread
[2026-01-12 06:19:36] Incoming request
Data: Array
(
    [action] => check_unread
)

[2026-01-12 06:19:36] Database connection successful
[2026-01-12 06:19:36] Action received
Data: check_unread
[2026-01-12 06:19:36] Incoming request
Data: Array
(
    [action] => check_unread
)

[2026-01-12 06:19:36] Database connection successful
[2026-01-12 06:19:36] Action received
Data: check_unread
[2026-01-12 06:19:39] Incoming request
Data: Array
(
    [user_id] => guest_yau1yq9wz
    [action] => load_history
)

[2026-01-12 06:19:39] Database connection successful
[2026-01-12 06:19:39] Action received
Data: load_history
[2026-01-12 06:19:39] Incoming request
Data: Array
(
    [user_id] => guest_yau1yq9wz
    [action] => check_unread
)

[2026-01-12 06:19:39] Database connection successful
[2026-01-12 06:19:39] Action received
Data: check_unread
[2026-01-12 06:19:42] Incoming request
Data: Array
(
    [user_id] => guest_yau1yq9wz
    [last_time] => 1970-01-01T00:00:00.000Z
    [action] => fetch
)

[2026-01-12 06:19:42] Database connection successful
[2026-01-12 06:19:42] Action received
Data: fetch
[2026-01-12 06:19:43] Incoming request
Data: Array
(
    [action] => check_unread
)

[2026-01-12 06:19:43] Database connection successful
[2026-01-12 06:19:43] Action received
Data: check_unread
[2026-01-12 06:19:46] Incoming request
Data: Array
(
    [user_id] => guest_yau1yq9wz
    [last_time] => 1970-01-01T00:00:00.000Z
    [action] => fetch
)

[2026-01-12 06:19:46] Database connection successful
[2026-01-12 06:19:46] Action received
Data: fetch
[2026-01-12 06:19:48] Incoming request
Data: Array
(
    [message] => whats up
    [action] => send
)

[2026-01-12 06:19:48] Database connection successful
[2026-01-12 06:19:48] Action received
Data: send
[2026-01-12 06:19:49] Incoming request
Data: Array
(
    [user_id] => guest_yau1yq9wz
    [last_time] => 2026-01-12T06:19:51.532Z
    [action] => fetch
)

[2026-01-12 06:19:49] Database connection successful
[2026-01-12 06:19:49] Action received
Data: fetch
[2026-01-12 06:19:52] Incoming request
Data: Array
(
    [user_id] => guest_yau1yq9wz
    [last_time] => 2026-01-12T06:19:51.532Z
    [action] => fetch
)

[2026-01-12 06:19:52] Database connection successful
[2026-01-12 06:19:52] Action received
Data: fetch
[2026-01-12 06:19:55] Incoming request
Data: Array
(
    [user_id] => guest_yau1yq9wz
    [last_time] => 2026-01-12T06:19:51.532Z
    [action] => fetch
)

[2026-01-12 06:19:55] Database connection successful
[2026-01-12 06:19:55] Action received
Data: fetch
[2026-01-12 06:19:58] Incoming request
Data: Array
(
    [user_id] => guest_yau1yq9wz
    [last_time] => 2026-01-12T06:19:51.532Z
    [action] => fetch
)

[2026-01-12 06:19:58] Database connection successful
[2026-01-12 06:19:58] Action received
Data: fetch
[2026-01-12 06:20:01] Incoming request
Data: Array
(
    [user_id] => guest_yau1yq9wz
    [last_time] => 2026-01-12T06:19:51.532Z
    [action] => fetch
)

[2026-01-12 06:20:01] Database connection successful
[2026-01-12 06:20:01] Action received
Data: fetch
[2026-01-12 06:20:04] Incoming request
Data: Array
(
    [user_id] => guest_yau1yq9wz
    [last_time] => 2026-01-12T06:19:51.532Z
    [action] => fetch
)

[2026-01-12 06:20:04] Database connection successful
[2026-01-12 06:20:04] Action received
Data: fetch
[2026-01-12 06:20:07] Incoming request
Data: Array
(
    [action] => check_unread
)

[2026-01-12 06:20:07] Database connection successful
[2026-01-12 06:20:07] Action received
Data: check_unread
[2026-01-12 06:20:07] Incoming request
Data: Array
(
    [action] => check_unread
)

[2026-01-12 06:20:07] Database connection successful
[2026-01-12 06:20:07] Action received
Data: check_unread
[2026-01-12 06:20:08] Incoming request
Data: Array
(
    [user_id] => guest_yau1yq9wz
    [last_time] => 2026-01-12T06:19:51.532Z
    [action] => fetch
)

[2026-01-12 06:20:08] Database connection successful
[2026-01-12 06:20:08] Action received
Data: fetch
[2026-01-12 06:20:10] Incoming request
Data: Array
(
    [user_id] => guest_yau1yq9wz
    [action] => check_unread
)

[2026-01-12 06:20:10] Database connection successful
[2026-01-12 06:20:10] Action received
Data: check_unread
[2026-01-12 06:20:10] Incoming request
Data: Array
(
    [user_id] => guest_yau1yq9wz
    [last_time] => 2026-01-12T06:19:51.532Z
    [action] => fetch
)

[2026-01-12 06:20:10] Database connection successful
[2026-01-12 06:20:10] Action received
Data: fetch
[2026-01-12 06:20:13] Incoming request
Data: Array
(
    [user_id] => guest_yau1yq9wz
    [last_time] => 2026-01-12T06:19:51.532Z
    [action] => fetch
)

[2026-01-12 06:20:13] Database connection successful
[2026-01-12 06:20:13] Action received
Data: fetch
[2026-01-12 06:20:16] Incoming request
Data: Array
(
    [user_id] => guest_yau1yq9wz
    [last_time] => 2026-01-12T06:19:51.532Z
    [action] => fetch
)

[2026-01-12 06:20:16] Database connection successful
[2026-01-12 06:20:16] Action received
Data: fetch
[2026-01-12 06:20:19] Incoming request
Data: Array
(
    [user_id] => guest_yau1yq9wz
    [last_time] => 2026-01-12T06:19:51.532Z
    [action] => fetch
)

[2026-01-12 06:20:19] Database connection successful
[2026-01-12 06:20:19] Action received
Data: fetch
[2026-01-12 06:20:22] Incoming request
Data: Array
(
    [user_id] => guest_yau1yq9wz
    [last_time] => 2026-01-12T06:19:51.532Z
    [action] => fetch
)

[2026-01-12 06:20:22] Database connection successful
[2026-01-12 06:20:22] Action received
Data: fetch
[2026-01-12 06:20:25] Incoming request
Data: Array
(
    [user_id] => guest_yau1yq9wz
    [last_time] => 2026-01-12T06:19:51.532Z
    [action] => fetch
)

[2026-01-12 06:20:25] Database connection successful
[2026-01-12 06:20:25] Action received
Data: fetch
[2026-01-12 06:20:28] Incoming request
Data: Array
(
    [user_id] => guest_yau1yq9wz
    [last_time] => 2026-01-12T06:19:51.532Z
    [action] => fetch
)

[2026-01-12 06:20:28] Database connection successful
[2026-01-12 06:20:28] Action received
Data: fetch
[2026-01-12 06:20:31] Incoming request
Data: Array
(
    [user_id] => guest_yau1yq9wz
    [last_time] => 2026-01-12T06:19:51.532Z
    [action] => fetch
)

[2026-01-12 06:20:31] Database connection successful
[2026-01-12 06:20:31] Action received
Data: fetch
[2026-01-12 06:20:34] Incoming request
Data: Array
(
    [user_id] => guest_yau1yq9wz
    [last_time] => 2026-01-12T06:19:51.532Z
    [action] => fetch
)

[2026-01-12 06:20:34] Database connection successful
[2026-01-12 06:20:34] Action received
Data: fetch
[2026-01-12 06:20:37] Incoming request
Data: Array
(
    [action] => check_unread
)

[2026-01-12 06:20:37] Database connection successful
[2026-01-12 06:20:37] Action received
Data: check_unread
[2026-01-12 06:20:37] Incoming request
Data: Array
(
    [action] => check_unread
)

[2026-01-12 06:20:37] Database connection successful
[2026-01-12 06:20:37] Action received
Data: check_unread
[2026-01-12 06:20:37] Incoming request
Data: Array
(
    [user_id] => guest_yau1yq9wz
    [last_time] => 2026-01-12T06:19:51.532Z
    [action] => fetch
)

[2026-01-12 06:20:37] Database connection successful
[2026-01-12 06:20:37] Action received
Data: fetch
[2026-01-12 06:20:40] Incoming request
Data: Array
(
    [user_id] => guest_yau1yq9wz
    [last_time] => 2026-01-12T06:19:51.532Z
    [action] => fetch
)

[2026-01-12 06:20:40] Database connection successful
[2026-01-12 06:20:40] Action received
Data: fetch
[2026-01-12 06:20:40] Incoming request
Data: Array
(
    [user_id] => guest_yau1yq9wz
    [action] => check_unread
)

[2026-01-12 06:20:40] Database connection successful
[2026-01-12 06:20:40] Action received
Data: check_unread
[2026-01-12 06:20:43] Incoming request
Data: Array
(
    [user_id] => guest_yau1yq9wz
    [last_time] => 2026-01-12T06:19:51.532Z
    [action] => fetch
)

[2026-01-12 06:20:43] Database connection successful
[2026-01-12 06:20:43] Action received
Data: fetch
[2026-01-12 06:20:46] Incoming request
Data: Array
(
    [user_id] => guest_yau1yq9wz
    [last_time] => 2026-01-12T06:19:51.532Z
    [action] => fetch
)

[2026-01-12 06:20:46] Database connection successful
[2026-01-12 06:20:46] Action received
Data: fetch
[2026-01-12 06:20:49] Incoming request
Data: Array
(
    [user_id] => guest_yau1yq9wz
    [last_time] => 2026-01-12T06:19:51.532Z
    [action] => fetch
)

[2026-01-12 06:20:49] Database connection successful
[2026-01-12 06:20:49] Action received
Data: fetch
[2026-01-12 06:20:52] Incoming request
Data: Array
(
    [user_id] => guest_yau1yq9wz
    [last_time] => 2026-01-12T06:19:51.532Z
    [action] => fetch
)

[2026-01-12 06:20:52] Database connection successful
[2026-01-12 06:20:52] Action received
Data: fetch
[2026-01-12 06:20:55] Incoming request
Data: Array
(
    [user_id] => guest_yau1yq9wz
    [last_time] => 2026-01-12T06:19:51.532Z
    [action] => fetch
)

[2026-01-12 06:20:55] Database connection successful
[2026-01-12 06:20:55] Action received
Data: fetch
[2026-01-12 06:20:58] Incoming request
Data: Array
(
    [user_id] => guest_yau1yq9wz
    [last_time] => 2026-01-12T06:19:51.532Z
    [action] => fetch
)

[2026-01-12 06:20:58] Database connection successful
[2026-01-12 06:20:58] Action received
Data: fetch
[2026-01-12 06:21:01] Incoming request
Data: Array
(
    [user_id] => guest_yau1yq9wz
    [last_time] => 2026-01-12T06:19:51.532Z
    [action] => fetch
)

[2026-01-12 06:21:01] Database connection successful
[2026-01-12 06:21:01] Action received
Data: fetch
[2026-01-12 06:21:04] Incoming request
Data: Array
(
    [user_id] => guest_yau1yq9wz
    [last_time] => 2026-01-12T06:19:51.532Z
    [action] => fetch
)

[2026-01-12 06:21:04] Database connection successful
[2026-01-12 06:21:04] Action received
Data: fetch
[2026-01-12 06:21:07] Incoming request
Data: Array
(
    [action] => check_unread
)

[2026-01-12 06:21:07] Database connection successful
[2026-01-12 06:21:07] Action received
Data: check_unread
[2026-01-12 06:21:07] Incoming request
Data: Array
(
    [user_id] => guest_yau1yq9wz
    [last_time] => 2026-01-12T06:19:51.532Z
    [action] => fetch
)

[2026-01-12 06:21:07] Database connection successful
[2026-01-12 06:21:07] Action received
Data: fetch
[2026-01-12 06:21:07] Incoming request
Data: Array
(
    [action] => check_unread
)

[2026-01-12 06:21:07] Database connection successful
[2026-01-12 06:21:07] Action received
Data: check_unread
[2026-01-12 06:21:10] Incoming request
Data: Array
(
    [user_id] => guest_yau1yq9wz
    [action] => check_unread
)

[2026-01-12 06:21:10] Database connection successful
[2026-01-12 06:21:10] Action received
Data: check_unread
[2026-01-12 06:21:10] Incoming request
Data: Array
(
    [user_id] => guest_yau1yq9wz
    [last_time] => 2026-01-12T06:19:51.532Z
    [action] => fetch
)

[2026-01-12 06:21:10] Database connection successful
[2026-01-12 06:21:10] Action received
Data: fetch
[2026-01-12 06:21:13] Incoming request
Data: Array
(
    [user_id] => guest_yau1yq9wz
    [last_time] => 2026-01-12T06:19:51.532Z
    [action] => fetch
)

[2026-01-12 06:21:13] Database connection successful
[2026-01-12 06:21:13] Action received
Data: fetch
[2026-01-12 06:21:16] Incoming request
Data: Array
(
    [user_id] => guest_yau1yq9wz
    [last_time] => 2026-01-12T06:19:51.532Z
    [action] => fetch
)

[2026-01-12 06:21:16] Database connection successful
[2026-01-12 06:21:16] Action received
Data: fetch
[2026-01-12 06:21:19] Incoming request
Data: Array
(
    [user_id] => guest_yau1yq9wz
    [last_time] => 2026-01-12T06:19:51.532Z
    [action] => fetch
)

[2026-01-12 06:21:19] Database connection successful
[2026-01-12 06:21:19] Action received
Data: fetch
[2026-01-12 06:21:22] Incoming request
Data: Array
(
    [user_id] => guest_yau1yq9wz
    [last_time] => 2026-01-12T06:19:51.532Z
    [action] => fetch
)

[2026-01-12 06:21:22] Database connection successful
[2026-01-12 06:21:22] Action received
Data: fetch
[2026-01-12 06:21:37] Incoming request
Data: Array
(
    [user_id] => guest_yau1yq9wz
    [last_time] => 2026-01-12T06:19:51.532Z
    [action] => fetch
)

[2026-01-12 06:21:37] Database connection successful
[2026-01-12 06:21:37] Action received
Data: fetch
[2026-01-12 06:21:37] Incoming request
Data: Array
(
    [action] => check_unread
)

[2026-01-12 06:21:37] Database connection successful
[2026-01-12 06:21:37] Action received
Data: check_unread
[2026-01-12 06:21:37] Incoming request
Data: Array
(
    [action] => check_unread
)

[2026-01-12 06:21:37] Database connection successful
[2026-01-12 06:21:37] Action received
Data: check_unread
[2026-01-12 06:21:40] Incoming request
Data: Array
(
    [user_id] => guest_yau1yq9wz
    [action] => check_unread
)

[2026-01-12 06:21:40] Database connection successful
[2026-01-12 06:21:40] Action received
Data: check_unread
[2026-01-12 06:22:08] Incoming request
Data: Array
(
    [action] => check_unread
)

[2026-01-12 06:22:08] Database connection successful
[2026-01-12 06:22:08] Action received
Data: check_unread
[2026-01-12 06:22:08] Incoming request
Data: Array
(
    [action] => check_unread
)

[2026-01-12 06:22:08] Database connection successful
[2026-01-12 06:22:08] Action received
Data: check_unread
[2026-01-12 06:22:10] Incoming request
Data: Array
(
    [user_id] => guest_yau1yq9wz
    [action] => check_unread
)

[2026-01-12 06:22:10] Database connection successful
[2026-01-12 06:22:10] Action received
Data: check_unread
[2026-01-12 06:27:37] Incoming request
Data: Array
(
    [user_id] => guest_yau1yq9wz
    [last_time] => 2026-01-12T06:19:51.532Z
    [action] => fetch
)

[2026-01-12 06:27:37] Database connection successful
[2026-01-12 06:27:37] Action received
Data: fetch
[2026-01-12 06:27:37] Incoming request
Data: Array
(
    [user_id] => guest_yau1yq9wz
    [action] => check_unread
)

[2026-01-12 06:27:37] Database connection successful
[2026-01-12 06:27:37] Action received
Data: check_unread
[2026-01-12 06:27:37] Incoming request
Data: Array
(
    [action] => check_unread
)

[2026-01-12 06:27:37] Database connection successful
[2026-01-12 06:27:37] Action received
Data: check_unread
[2026-01-12 06:27:37] Incoming request
Data: Array
(
    [action] => check_unread
)

[2026-01-12 06:27:37] Database connection successful
[2026-01-12 06:27:37] Action received
Data: check_unread
[2026-01-12 06:28:31] Incoming request
Data: Array
(
    [user_id] => guest_yau1yq9wz
    [action] => check_unread
)

[2026-01-12 06:28:31] Database connection successful
[2026-01-12 06:28:31] Action received
Data: check_unread
[2026-01-12 06:28:31] Incoming request
Data: Array
(
    [user_id] => guest_yau1yq9wz
    [last_time] => 2026-01-12T06:19:51.532Z
    [action] => fetch
)

[2026-01-12 06:28:31] Database connection successful
[2026-01-12 06:28:31] Action received
Data: fetch
[2026-01-12 06:28:31] Incoming request
Data: Array
(
    [action] => check_unread
)

[2026-01-12 06:28:31] Database connection successful
[2026-01-12 06:28:31] Action received
Data: check_unread
[2026-01-12 06:28:31] Incoming request
Data: Array
(
    [action] => check_unread
)

[2026-01-12 06:28:31] Database connection successful
[2026-01-12 06:28:31] Action received
Data: check_unread
[2026-01-12 06:28:34] Incoming request
Data: Array
(
    [user_id] => guest_yau1yq9wz
    [last_time] => 2026-01-12T06:19:51.532Z
    [action] => fetch
)

[2026-01-12 06:28:34] Database connection successful
[2026-01-12 06:28:34] Action received
Data: fetch
[2026-01-12 06:28:34] Incoming request
Data: Array
(
    [user_id] => guest_yau1yq9wz
    [action] => check_unread
)

[2026-01-12 06:28:34] Database connection successful
[2026-01-12 06:28:34] Action received
Data: check_unread
[2026-01-12 06:28:36] Incoming request
Data: Array
(
    [action] => check_unread
)

[2026-01-12 06:28:36] Database connection successful
[2026-01-12 06:28:36] Action received
Data: check_unread
[2026-01-12 06:28:36] Incoming request
Data: Array
(
    [action] => check_unread
)

[2026-01-12 06:28:36] Database connection successful
[2026-01-12 06:28:36] Action received
Data: check_unread
[2026-01-12 06:28:36] Incoming request
Data: Array
(
    [user_id] => guest_yau1yq9wz
    [last_time] => 2026-01-11T22:28:21.000Z
    [action] => fetch
)

[2026-01-12 06:28:36] Database connection successful
[2026-01-12 06:28:36] Action received
Data: fetch
[2026-01-12 06:28:36] Incoming request
Data: Array
(
    [user_id] => guest_yau1yq9wz
    [action] => check_unread
)

[2026-01-12 06:28:36] Database connection successful
[2026-01-12 06:28:36] Action received
Data: check_unread
[2026-01-12 06:28:38] Incoming request
Data: Array
(
    [user_id] => guest_yau1yq9wz
    [action] => check_unread
)

[2026-01-12 06:28:38] Database connection successful
[2026-01-12 06:28:38] Action received
Data: check_unread
[2026-01-12 06:28:39] Incoming request
Data: Array
(
    [user_id] => guest_yau1yq9wz
    [last_time] => 2026-01-11T22:28:21.000Z
    [action] => fetch
)

[2026-01-12 06:28:39] Database connection successful
[2026-01-12 06:28:39] Action received
Data: fetch
[2026-01-12 06:28:39] Incoming request
Data: Array
(
    [user_id] => guest_yau1yq9wz
    [action] => check_unread
)

[2026-01-12 06:28:39] Database connection successful
[2026-01-12 06:28:39] Action received
Data: check_unread
[2026-01-12 06:28:40] Incoming request
Data: Array
(
    [user_id] => guest_yau1yq9wz
    [action] => check_unread
)

[2026-01-12 06:28:40] Database connection successful
[2026-01-12 06:28:40] Action received
Data: check_unread
[2026-01-12 06:28:42] Incoming request
Data: Array
(
    [user_id] => guest_yau1yq9wz
    [last_time] => 2026-01-11T22:28:21.000Z
    [action] => fetch
)

[2026-01-12 06:28:42] Database connection successful
[2026-01-12 06:28:42] Action received
Data: fetch
[2026-01-12 06:28:43] Incoming request
Data: Array
(
    [user_id] => guest_yau1yq9wz
    [action] => check_unread
)

[2026-01-12 06:28:43] Database connection successful
[2026-01-12 06:28:43] Action received
Data: check_unread
[2026-01-12 06:28:45] Incoming request
Data: Array
(
    [user_id] => guest_yau1yq9wz
    [last_time] => 2026-01-11T22:28:21.000Z
    [action] => fetch
)

[2026-01-12 06:28:45] Database connection successful
[2026-01-12 06:28:45] Action received
Data: fetch
[2026-01-12 06:28:46] Incoming request
Data: Array
(
    [user_id] => guest_yau1yq9wz
    [action] => check_unread
)

[2026-01-12 06:28:46] Database connection successful
[2026-01-12 06:28:46] Action received
Data: check_unread
[2026-01-12 06:28:49] Incoming request
Data: Array
(
    [user_id] => guest_yau1yq9wz
    [last_time] => 2026-01-11T22:28:21.000Z
    [action] => fetch
)

[2026-01-12 06:28:49] Database connection successful
[2026-01-12 06:28:49] Action received
Data: fetch
[2026-01-12 06:28:50] Incoming request
Data: Array
(
    [user_id] => guest_yau1yq9wz
    [action] => check_unread
)

[2026-01-12 06:28:50] Database connection successful
[2026-01-12 06:28:50] Action received
Data: check_unread
[2026-01-12 06:28:52] Incoming request
Data: Array
(
    [user_id] => guest_yau1yq9wz
    [last_time] => 2026-01-11T22:28:21.000Z
    [action] => fetch
)

[2026-01-12 06:28:52] Database connection successful
[2026-01-12 06:28:52] Action received
Data: fetch
[2026-01-12 06:28:52] Incoming request
Data: Array
(
    [user_id] => guest_yau1yq9wz
    [action] => check_unread
)

[2026-01-12 06:28:52] Database connection successful
[2026-01-12 06:28:52] Action received
Data: check_unread
[2026-01-12 06:28:55] Incoming request
Data: Array
(
    [user_id] => guest_yau1yq9wz
    [last_time] => 2026-01-11T22:28:21.000Z
    [action] => fetch
)

[2026-01-12 06:28:55] Database connection successful
[2026-01-12 06:28:55] Action received
Data: fetch
[2026-01-12 06:28:56] Incoming request
Data: Array
(
    [user_id] => guest_yau1yq9wz
    [action] => check_unread
)

[2026-01-12 06:28:56] Database connection successful
[2026-01-12 06:28:56] Action received
Data: check_unread
[2026-01-12 06:28:58] Incoming request
Data: Array
(
    [user_id] => guest_yau1yq9wz
    [last_time] => 2026-01-11T22:28:21.000Z
    [action] => fetch
)

[2026-01-12 06:28:58] Database connection successful
[2026-01-12 06:28:58] Action received
Data: fetch
[2026-01-12 06:28:58] Incoming request
Data: Array
(
    [user_id] => guest_yau1yq9wz
    [action] => check_unread
)

[2026-01-12 06:28:58] Database connection successful
[2026-01-12 06:28:58] Action received
Data: check_unread
[2026-01-12 06:29:01] Incoming request
Data: Array
(
    [user_id] => guest_yau1yq9wz
    [last_time] => 2026-01-11T22:28:21.000Z
    [action] => fetch
)

[2026-01-12 06:29:01] Database connection successful
[2026-01-12 06:29:01] Action received
Data: fetch
[2026-01-12 06:29:02] Incoming request
Data: Array
(
    [user_id] => guest_yau1yq9wz
    [action] => check_unread
)

[2026-01-12 06:29:02] Database connection successful
[2026-01-12 06:29:02] Action received
Data: check_unread
[2026-01-12 06:29:04] Incoming request
Data: Array
(
    [user_id] => guest_yau1yq9wz
    [last_time] => 2026-01-11T22:28:21.000Z
    [action] => fetch
)

[2026-01-12 06:29:05] Database connection successful
[2026-01-12 06:29:05] Action received
Data: fetch
[2026-01-12 06:29:05] Incoming request
Data: Array
(
    [user_id] => guest_yau1yq9wz
    [action] => check_unread
)

[2026-01-12 06:29:05] Database connection successful
[2026-01-12 06:29:05] Action received
Data: check_unread
[2026-01-12 06:29:07] Incoming request
Data: Array
(
    [action] => check_unread
)

[2026-01-12 06:29:07] Database connection successful
[2026-01-12 06:29:07] Action received
Data: check_unread
[2026-01-12 06:29:07] Incoming request
Data: Array
(
    [action] => check_unread
)

[2026-01-12 06:29:07] Database connection successful
[2026-01-12 06:29:07] Action received
Data: check_unread
[2026-01-12 06:29:07] Incoming request
Data: Array
(
    [user_id] => guest_yau1yq9wz
    [last_time] => 2026-01-11T22:28:21.000Z
    [action] => fetch
)

[2026-01-12 06:29:07] Database connection successful
[2026-01-12 06:29:07] Action received
Data: fetch
[2026-01-12 06:29:08] Incoming request
Data: Array
(
    [user_id] => guest_yau1yq9wz
    [action] => check_unread
)

[2026-01-12 06:29:08] Database connection successful
[2026-01-12 06:29:08] Action received
Data: check_unread
[2026-01-12 06:29:10] Incoming request
Data: Array
(
    [user_id] => guest_yau1yq9wz
    [last_time] => 2026-01-11T22:28:21.000Z
    [action] => fetch
)

[2026-01-12 06:29:10] Database connection successful
[2026-01-12 06:29:10] Action received
Data: fetch
[2026-01-12 06:29:10] Incoming request
Data: Array
(
    [user_id] => guest_yau1yq9wz
    [action] => check_unread
)

[2026-01-12 06:29:10] Database connection successful
[2026-01-12 06:29:10] Action received
Data: check_unread
[2026-01-12 06:29:11] Incoming request
Data: Array
(
    [user_id] => guest_yau1yq9wz
    [action] => check_unread
)

[2026-01-12 06:29:11] Database connection successful
[2026-01-12 06:29:11] Action received
Data: check_unread
[2026-01-12 06:29:13] Incoming request
Data: Array
(
    [user_id] => guest_yau1yq9wz
    [last_time] => 2026-01-11T22:28:21.000Z
    [action] => fetch
)

[2026-01-12 06:29:13] Database connection successful
[2026-01-12 06:29:13] Action received
Data: fetch
[2026-01-12 06:29:13] Incoming request
Data: Array
(
    [user_id] => guest_yau1yq9wz
    [action] => check_unread
)

[2026-01-12 06:29:13] Database connection successful
[2026-01-12 06:29:13] Action received
Data: check_unread
[2026-01-12 06:29:16] Incoming request
Data: Array
(
    [user_id] => guest_yau1yq9wz
    [last_time] => 2026-01-11T22:28:21.000Z
    [action] => fetch
)

[2026-01-12 06:29:16] Database connection successful
[2026-01-12 06:29:16] Action received
Data: fetch
[2026-01-12 06:29:16] Incoming request
Data: Array
(
    [user_id] => guest_yau1yq9wz
    [action] => check_unread
)

[2026-01-12 06:29:17] Database connection successful
[2026-01-12 06:29:17] Action received
Data: check_unread
[2026-01-12 06:29:19] Incoming request
Data: Array
(
    [user_id] => guest_yau1yq9wz
    [last_time] => 2026-01-11T22:28:21.000Z
    [action] => fetch
)

[2026-01-12 06:29:19] Database connection successful
[2026-01-12 06:29:19] Action received
Data: fetch
[2026-01-12 06:29:19] Incoming request
Data: Array
(
    [user_id] => guest_yau1yq9wz
    [action] => check_unread
)

[2026-01-12 06:29:19] Database connection successful
[2026-01-12 06:29:19] Action received
Data: check_unread
[2026-01-12 06:29:22] Incoming request
Data: Array
(
    [user_id] => guest_yau1yq9wz
    [last_time] => 2026-01-11T22:28:21.000Z
    [action] => fetch
)

[2026-01-12 06:29:22] Database connection successful
[2026-01-12 06:29:22] Action received
Data: fetch
[2026-01-12 06:29:23] Incoming request
Data: Array
(
    [user_id] => guest_yau1yq9wz
    [action] => check_unread
)

[2026-01-12 06:29:23] Database connection successful
[2026-01-12 06:29:23] Action received
Data: check_unread
[2026-01-12 06:29:25] Incoming request
Data: Array
(
    [user_id] => guest_yau1yq9wz
    [last_time] => 2026-01-11T22:28:21.000Z
    [action] => fetch
)

[2026-01-12 06:29:25] Database connection successful
[2026-01-12 06:29:25] Action received
Data: fetch
[2026-01-12 06:29:25] Incoming request
Data: Array
(
    [user_id] => guest_yau1yq9wz
    [action] => check_unread
)

[2026-01-12 06:29:25] Database connection successful
[2026-01-12 06:29:25] Action received
Data: check_unread
[2026-01-12 06:29:28] Incoming request
Data: Array
(
    [user_id] => guest_yau1yq9wz
    [last_time] => 2026-01-11T22:28:21.000Z
    [action] => fetch
)

[2026-01-12 06:29:28] Database connection successful
[2026-01-12 06:29:28] Action received
Data: fetch
[2026-01-12 06:29:28] Incoming request
Data: Array
(
    [user_id] => guest_yau1yq9wz
    [action] => check_unread
)

[2026-01-12 06:29:28] Database connection successful
[2026-01-12 06:29:28] Action received
Data: check_unread
[2026-01-12 06:29:31] Incoming request
Data: Array
(
    [user_id] => guest_yau1yq9wz
    [last_time] => 2026-01-11T22:28:21.000Z
    [action] => fetch
)

[2026-01-12 06:29:31] Database connection successful
[2026-01-12 06:29:31] Action received
Data: fetch
[2026-01-12 06:29:31] Incoming request
Data: Array
(
    [user_id] => guest_yau1yq9wz
    [action] => check_unread
)

[2026-01-12 06:29:31] Database connection successful
[2026-01-12 06:29:31] Action received
Data: check_unread
[2026-01-12 06:29:34] Incoming request
Data: Array
(
    [user_id] => guest_yau1yq9wz
    [last_time] => 2026-01-11T22:28:21.000Z
    [action] => fetch
)

[2026-01-12 06:29:34] Database connection successful
[2026-01-12 06:29:34] Action received
Data: fetch
[2026-01-12 06:29:34] Incoming request
Data: Array
(
    [user_id] => guest_yau1yq9wz
    [action] => check_unread
)

[2026-01-12 06:29:34] Database connection successful
[2026-01-12 06:29:34] Action received
Data: check_unread
[2026-01-12 06:29:37] Incoming request
Data: Array
(
    [action] => check_unread
)

[2026-01-12 06:29:37] Database connection successful
[2026-01-12 06:29:37] Action received
Data: check_unread
[2026-01-12 06:29:37] Incoming request
Data: Array
(
    [action] => check_unread
)

[2026-01-12 06:29:37] Database connection successful
[2026-01-12 06:29:37] Action received
Data: check_unread
[2026-01-12 06:29:37] Incoming request
Data: Array
(
    [user_id] => guest_yau1yq9wz
    [last_time] => 2026-01-11T22:28:21.000Z
    [action] => fetch
)

[2026-01-12 06:29:37] Database connection successful
[2026-01-12 06:29:37] Action received
Data: fetch
[2026-01-12 06:29:38] Incoming request
Data: Array
(
    [user_id] => guest_yau1yq9wz
    [action] => check_unread
)

[2026-01-12 06:29:38] Database connection successful
[2026-01-12 06:29:38] Action received
Data: check_unread
[2026-01-12 06:29:40] Incoming request
Data: Array
(
    [user_id] => guest_yau1yq9wz
    [last_time] => 2026-01-11T22:28:21.000Z
    [action] => fetch
)

[2026-01-12 06:29:40] Database connection successful
[2026-01-12 06:29:40] Action received
Data: fetch
[2026-01-12 06:29:40] Incoming request
Data: Array
(
    [user_id] => guest_yau1yq9wz
    [action] => check_unread
)

[2026-01-12 06:29:40] Database connection successful
[2026-01-12 06:29:40] Action received
Data: check_unread
[2026-01-12 06:29:40] Incoming request
Data: Array
(
    [user_id] => guest_yau1yq9wz
    [action] => check_unread
)

[2026-01-12 06:29:40] Database connection successful
[2026-01-12 06:29:40] Action received
Data: check_unread
[2026-01-12 06:29:43] Incoming request
Data: Array
(
    [user_id] => guest_yau1yq9wz
    [last_time] => 2026-01-11T22:28:21.000Z
    [action] => fetch
)

[2026-01-12 06:29:43] Database connection successful
[2026-01-12 06:29:43] Action received
Data: fetch
[2026-01-12 06:29:43] Incoming request
Data: Array
(
    [user_id] => guest_yau1yq9wz
    [action] => check_unread
)

[2026-01-12 06:29:43] Database connection successful
[2026-01-12 06:29:43] Action received
Data: check_unread
[2026-01-12 06:29:46] Incoming request
Data: Array
(
    [user_id] => guest_yau1yq9wz
    [last_time] => 2026-01-11T22:28:21.000Z
    [action] => fetch
)

[2026-01-12 06:29:46] Database connection successful
[2026-01-12 06:29:46] Action received
Data: fetch
[2026-01-12 06:29:46] Incoming request
Data: Array
(
    [user_id] => guest_yau1yq9wz
    [action] => check_unread
)

[2026-01-12 06:29:46] Database connection successful
[2026-01-12 06:29:46] Action received
Data: check_unread
[2026-01-12 06:29:49] Incoming request
Data: Array
(
    [user_id] => guest_yau1yq9wz
    [last_time] => 2026-01-11T22:28:21.000Z
    [action] => fetch
)

[2026-01-12 06:29:49] Database connection successful
[2026-01-12 06:29:49] Action received
Data: fetch
[2026-01-12 06:29:50] Incoming request
Data: Array
(
    [user_id] => guest_yau1yq9wz
    [action] => check_unread
)

[2026-01-12 06:29:50] Database connection successful
[2026-01-12 06:29:50] Action received
Data: check_unread
[2026-01-12 06:29:52] Incoming request
Data: Array
(
    [user_id] => guest_yau1yq9wz
    [last_time] => 2026-01-11T22:28:21.000Z
    [action] => fetch
)

[2026-01-12 06:29:54] Database connection successful
[2026-01-12 06:29:54] Action received
Data: fetch
[2026-01-12 06:29:54] Incoming request
Data: Array
(
    [user_id] => guest_yau1yq9wz
    [action] => check_unread
)

[2026-01-12 06:29:54] Database connection successful
[2026-01-12 06:29:54] Action received
Data: check_unread
[2026-01-12 06:29:55] Incoming request
Data: Array
(
    [user_id] => guest_yau1yq9wz
    [last_time] => 2026-01-11T22:28:21.000Z
    [action] => fetch
)

[2026-01-12 06:29:55] Database connection successful
[2026-01-12 06:29:55] Action received
Data: fetch
[2026-01-12 06:29:56] Incoming request
Data: Array
(
    [user_id] => guest_yau1yq9wz
    [action] => check_unread
)

[2026-01-12 06:29:56] Database connection successful
[2026-01-12 06:29:56] Action received
Data: check_unread
[2026-01-12 06:29:58] Incoming request
Data: Array
(
    [user_id] => guest_yau1yq9wz
    [last_time] => 2026-01-11T22:28:21.000Z
    [action] => fetch
)

[2026-01-12 06:29:58] Database connection successful
[2026-01-12 06:29:58] Action received
Data: fetch
[2026-01-12 06:29:59] Incoming request
Data: Array
(
    [user_id] => guest_yau1yq9wz
    [action] => check_unread
)

[2026-01-12 06:29:59] Database connection successful
[2026-01-12 06:29:59] Action received
Data: check_unread
[2026-01-12 06:30:01] Incoming request
Data: Array
(
    [user_id] => guest_yau1yq9wz
    [last_time] => 2026-01-11T22:28:21.000Z
    [action] => fetch
)

[2026-01-12 06:30:01] Database connection successful
[2026-01-12 06:30:01] Action received
Data: fetch
[2026-01-12 06:30:02] Incoming request
Data: Array
(
    [user_id] => guest_yau1yq9wz
    [action] => check_unread
)

[2026-01-12 06:30:02] Database connection successful
[2026-01-12 06:30:02] Action received
Data: check_unread
[2026-01-12 06:30:04] Incoming request
Data: Array
(
    [user_id] => guest_yau1yq9wz
    [last_time] => 2026-01-11T22:28:21.000Z
    [action] => fetch
)

[2026-01-12 06:30:04] Database connection successful
[2026-01-12 06:30:04] Action received
Data: fetch
[2026-01-12 06:30:05] Incoming request
Data: Array
(
    [user_id] => guest_yau1yq9wz
    [action] => check_unread
)

[2026-01-12 06:30:05] Database connection successful
[2026-01-12 06:30:05] Action received
Data: check_unread
[2026-01-12 06:30:07] Incoming request
Data: Array
(
    [action] => check_unread
)

[2026-01-12 06:30:07] Database connection successful
[2026-01-12 06:30:07] Action received
Data: check_unread
[2026-01-12 06:30:07] Incoming request
Data: Array
(
    [action] => check_unread
)

[2026-01-12 06:30:07] Database connection successful
[2026-01-12 06:30:07] Action received
Data: check_unread
[2026-01-12 06:30:07] Incoming request
Data: Array
(
    [user_id] => guest_yau1yq9wz
    [last_time] => 2026-01-11T22:28:21.000Z
    [action] => fetch
)

[2026-01-12 06:30:07] Database connection successful
[2026-01-12 06:30:07] Action received
Data: fetch
[2026-01-12 06:30:08] Incoming request
Data: Array
(
    [user_id] => guest_yau1yq9wz
    [action] => check_unread
)

[2026-01-12 06:30:08] Database connection successful
[2026-01-12 06:30:08] Action received
Data: check_unread
[2026-01-12 06:30:10] Incoming request
Data: Array
(
    [user_id] => guest_yau1yq9wz
    [last_time] => 2026-01-11T22:28:21.000Z
    [action] => fetch
)

[2026-01-12 06:30:11] Database connection successful
[2026-01-12 06:30:11] Action received
Data: fetch
[2026-01-12 06:30:11] Incoming request
Data: Array
(
    [user_id] => guest_yau1yq9wz
    [action] => check_unread
)

[2026-01-12 06:30:12] Database connection successful
[2026-01-12 06:30:12] Action received
Data: check_unread
[2026-01-12 06:30:12] Incoming request
Data: Array
(
    [user_id] => guest_yau1yq9wz
    [action] => check_unread
)

[2026-01-12 06:30:13] Database connection successful
[2026-01-12 06:30:13] Action received
Data: check_unread
[2026-01-12 06:30:13] Incoming request
Data: Array
(
    [user_id] => guest_yau1yq9wz
    [last_time] => 2026-01-11T22:28:21.000Z
    [action] => fetch
)

[2026-01-12 06:30:13] Database connection successful
[2026-01-12 06:30:13] Action received
Data: fetch
[2026-01-12 06:30:14] Incoming request
Data: Array
(
    [user_id] => guest_yau1yq9wz
    [action] => check_unread
)

[2026-01-12 06:30:14] Database connection successful
[2026-01-12 06:30:14] Action received
Data: check_unread
[2026-01-12 06:30:16] Incoming request
Data: Array
(
    [user_id] => guest_yau1yq9wz
    [last_time] => 2026-01-11T22:28:21.000Z
    [action] => fetch
)

[2026-01-12 06:30:16] Database connection successful
[2026-01-12 06:30:16] Action received
Data: fetch
[2026-01-12 06:30:17] Incoming request
Data: Array
(
    [user_id] => guest_yau1yq9wz
    [action] => check_unread
)

[2026-01-12 06:30:17] Database connection successful
[2026-01-12 06:30:17] Action received
Data: check_unread
[2026-01-12 06:30:37] Incoming request
Data: Array
(
    [user_id] => guest_yau1yq9wz
    [last_time] => 2026-01-11T22:28:21.000Z
    [action] => fetch
)

[2026-01-12 06:30:37] Database connection successful
[2026-01-12 06:30:37] Action received
Data: fetch
[2026-01-12 06:30:37] Incoming request
Data: Array
(
    [action] => check_unread
)

[2026-01-12 06:30:37] Database connection successful
[2026-01-12 06:30:37] Action received
Data: check_unread
[2026-01-12 06:30:37] Incoming request
Data: Array
(
    [action] => check_unread
)

[2026-01-12 06:30:37] Database connection successful
[2026-01-12 06:30:37] Action received
Data: check_unread
[2026-01-12 06:30:39] Incoming request
Data: Array
(
    [user_id] => guest_yau1yq9wz
    [action] => check_unread
)

[2026-01-12 06:30:39] Database connection successful
[2026-01-12 06:30:39] Action received
Data: check_unread
[2026-01-12 06:31:37] Incoming request
Data: Array
(
    [user_id] => guest_yau1yq9wz
    [action] => check_unread
)

[2026-01-12 06:31:37] Database connection successful
[2026-01-12 06:31:37] Action received
Data: check_unread
[2026-01-12 06:31:37] Incoming request
Data: Array
(
    [action] => check_unread
)

[2026-01-12 06:31:37] Database connection successful
[2026-01-12 06:31:37] Action received
Data: check_unread
[2026-01-12 06:31:37] Incoming request
Data: Array
(
    [user_id] => guest_yau1yq9wz
    [last_time] => 2026-01-11T22:28:21.000Z
    [action] => fetch
)

[2026-01-12 06:31:37] Database connection successful
[2026-01-12 06:31:37] Action received
Data: fetch
[2026-01-12 06:31:37] Incoming request
Data: Array
(
    [action] => check_unread
)

[2026-01-12 06:31:37] Database connection successful
[2026-01-12 06:31:37] Action received
Data: check_unread
[2026-01-12 06:32:11] Incoming request
Data: Array
(
    [user_id] => guest_yau1yq9wz
    [action] => check_unread
)

[2026-01-12 06:32:11] Database connection successful
[2026-01-12 06:32:11] Action received
Data: check_unread
[2026-01-12 06:32:37] Incoming request
Data: Array
(
    [action] => check_unread
)

[2026-01-12 06:32:37] Database connection successful
[2026-01-12 06:32:37] Action received
Data: check_unread
[2026-01-12 06:32:37] Incoming request
Data: Array
(
    [user_id] => guest_yau1yq9wz
    [action] => check_unread
)

[2026-01-12 06:32:37] Database connection successful
[2026-01-12 06:32:37] Action received
Data: check_unread
[2026-01-12 06:32:37] Incoming request
Data: Array
(
    [action] => check_unread
)

[2026-01-12 06:32:37] Database connection successful
[2026-01-12 06:32:37] Action received
Data: check_unread
[2026-01-12 06:32:37] Incoming request
Data: Array
(
    [user_id] => guest_yau1yq9wz
    [last_time] => 2026-01-11T22:28:21.000Z
    [action] => fetch
)

[2026-01-12 06:32:37] Database connection successful
[2026-01-12 06:32:37] Action received
Data: fetch
[2026-01-12 06:32:46] Incoming request
Data: Array
(
    [user_id] => guest_yau1yq9wz
    [action] => check_unread
)

[2026-01-12 06:32:46] Database connection successful
[2026-01-12 06:32:46] Action received
Data: check_unread
[2026-01-12 06:32:49] Incoming request
Data: Array
(
    [user_id] => guest_yau1yq9wz
    [last_time] => 2026-01-11T22:28:21.000Z
    [action] => fetch
)

[2026-01-12 06:32:49] Database connection successful
[2026-01-12 06:32:49] Action received
Data: fetch
[2026-01-12 06:32:49] Incoming request
Data: Array
(
    [user_id] => guest_yau1yq9wz
    [action] => check_unread
)

[2026-01-12 06:32:49] Database connection successful
[2026-01-12 06:32:49] Action received
Data: check_unread
[2026-01-12 06:32:50] Incoming request
Data: Array
(
    [user_id] => guest_yau1yq9wz
    [action] => check_unread
)

[2026-01-12 06:32:50] Database connection successful
[2026-01-12 06:32:50] Action received
Data: check_unread
[2026-01-12 06:32:52] Incoming request
Data: Array
(
    [user_id] => guest_yau1yq9wz
    [last_time] => 2026-01-11T22:28:21.000Z
    [action] => fetch
)

[2026-01-12 06:32:52] Database connection successful
[2026-01-12 06:32:52] Action received
Data: fetch
[2026-01-12 06:32:53] Incoming request
Data: Array
(
    [user_id] => guest_yau1yq9wz
    [action] => check_unread
)

[2026-01-12 06:32:53] Database connection successful
[2026-01-12 06:32:53] Action received
Data: check_unread
[2026-01-12 06:32:55] Incoming request
Data: Array
(
    [user_id] => guest_yau1yq9wz
    [last_time] => 2026-01-11T22:28:21.000Z
    [action] => fetch
)

[2026-01-12 06:32:55] Database connection successful
[2026-01-12 06:32:55] Action received
Data: fetch
[2026-01-12 06:32:56] Incoming request
Data: Array
(
    [user_id] => guest_yau1yq9wz
    [action] => check_unread
)

[2026-01-12 06:32:56] Database connection successful
[2026-01-12 06:32:56] Action received
Data: check_unread
[2026-01-12 06:32:58] Incoming request
Data: Array
(
    [user_id] => guest_yau1yq9wz
    [last_time] => 2026-01-11T22:28:21.000Z
    [action] => fetch
)

[2026-01-12 06:32:58] Database connection successful
[2026-01-12 06:32:58] Action received
Data: fetch
[2026-01-12 06:32:59] Incoming request
Data: Array
(
    [user_id] => guest_yau1yq9wz
    [action] => check_unread
)

[2026-01-12 06:32:59] Database connection successful
[2026-01-12 06:32:59] Action received
Data: check_unread
[2026-01-12 06:33:01] Incoming request
Data: Array
(
    [user_id] => guest_yau1yq9wz
    [last_time] => 2026-01-11T22:28:21.000Z
    [action] => fetch
)

[2026-01-12 06:33:01] Database connection successful
[2026-01-12 06:33:01] Action received
Data: fetch
[2026-01-12 06:33:03] Incoming request
Data: Array
(
    [user_id] => guest_yau1yq9wz
    [action] => check_unread
)

[2026-01-12 06:33:03] Database connection successful
[2026-01-12 06:33:03] Action received
Data: check_unread
[2026-01-12 06:33:04] Incoming request
Data: Array
(
    [user_id] => guest_yau1yq9wz
    [last_time] => 2026-01-11T22:28:21.000Z
    [action] => fetch
)

[2026-01-12 06:33:06] Database connection successful
[2026-01-12 06:33:06] Action received
Data: fetch
[2026-01-12 06:33:07] Incoming request
Data: Array
(
    [user_id] => guest_yau1yq9wz
    [last_time] => 2026-01-11T22:28:21.000Z
    [action] => fetch
)

[2026-01-12 06:33:07] Database connection successful
[2026-01-12 06:33:07] Action received
Data: fetch
[2026-01-12 06:33:07] Incoming request
Data: Array
(
    [action] => check_unread
)

[2026-01-12 06:33:07] Database connection successful
[2026-01-12 06:33:07] Action received
Data: check_unread
[2026-01-12 06:33:07] Incoming request
Data: Array
(
    [action] => check_unread
)

[2026-01-12 06:33:07] Database connection successful
[2026-01-12 06:33:07] Action received
Data: check_unread
[2026-01-12 06:33:09] Incoming request
Data: Array
(
    [user_id] => guest_yau1yq9wz
    [action] => check_unread
)

[2026-01-12 06:33:09] Database connection successful
[2026-01-12 06:33:09] Action received
Data: check_unread
[2026-01-12 06:33:09] Incoming request
Data: Array
(
    [user_id] => guest_yau1yq9wz
    [action] => check_unread
)

[2026-01-12 06:33:09] Database connection successful
[2026-01-12 06:33:09] Action received
Data: check_unread
[2026-01-12 06:33:10] Incoming request
Data: Array
(
    [user_id] => guest_yau1yq9wz
    [last_time] => 2026-01-11T22:28:21.000Z
    [action] => fetch
)

[2026-01-12 06:33:10] Database connection successful
[2026-01-12 06:33:10] Action received
Data: fetch
[2026-01-12 06:33:10] Incoming request
Data: Array
(
    [user_id] => guest_yau1yq9wz
    [action] => check_unread
)

[2026-01-12 06:33:10] Database connection successful
[2026-01-12 06:33:10] Action received
Data: check_unread
[2026-01-12 06:33:10] Incoming request
Data: Array
(
    [user_id] => guest_yau1yq9wz
    [action] => check_unread
)

[2026-01-12 06:33:10] Database connection successful
[2026-01-12 06:33:10] Action received
Data: check_unread
[2026-01-12 06:33:13] Incoming request
Data: Array
(
    [user_id] => guest_yau1yq9wz
    [last_time] => 2026-01-11T22:28:21.000Z
    [action] => fetch
)

[2026-01-12 06:33:13] Database connection successful
[2026-01-12 06:33:13] Action received
Data: fetch
[2026-01-12 06:33:16] Incoming request
Data: Array
(
    [user_id] => guest_yau1yq9wz
    [last_time] => 2026-01-11T22:28:21.000Z
    [action] => fetch
)

[2026-01-12 06:33:16] Database connection successful
[2026-01-12 06:33:16] Action received
Data: fetch
[2026-01-12 06:33:16] Incoming request
Data: Array
(
    [user_id] => guest_yau1yq9wz
    [action] => check_unread
)

[2026-01-12 06:33:16] Database connection successful
[2026-01-12 06:33:16] Action received
Data: check_unread
[2026-01-12 06:33:16] Incoming request
Data: Array
(
    [user_id] => guest_yau1yq9wz
    [action] => check_unread
)

[2026-01-12 06:33:16] Database connection successful
[2026-01-12 06:33:16] Action received
Data: check_unread
[2026-01-12 06:33:19] Incoming request
Data: Array
(
    [user_id] => guest_yau1yq9wz
    [last_time] => 2026-01-11T22:28:21.000Z
    [action] => fetch
)

[2026-01-12 06:33:19] Database connection successful
[2026-01-12 06:33:19] Action received
Data: fetch
[2026-01-12 06:33:21] Incoming request
Data: Array
(
    [user_id] => guest_yau1yq9wz
    [action] => check_unread
)

[2026-01-12 06:33:21] Database connection successful
[2026-01-12 06:33:21] Action received
Data: check_unread
[2026-01-12 06:33:22] Incoming request
Data: Array
(
    [user_id] => guest_yau1yq9wz
    [last_time] => 2026-01-11T22:28:21.000Z
    [action] => fetch
)

[2026-01-12 06:33:22] Database connection successful
[2026-01-12 06:33:22] Action received
Data: fetch
[2026-01-12 06:33:25] Incoming request
Data: Array
(
    [user_id] => guest_yau1yq9wz
    [action] => check_unread
)

[2026-01-12 06:33:25] Database connection successful
[2026-01-12 06:33:25] Action received
Data: check_unread
[2026-01-12 06:33:25] Incoming request
Data: Array
(
    [user_id] => guest_yau1yq9wz
    [last_time] => 2026-01-11T22:28:21.000Z
    [action] => fetch
)

[2026-01-12 06:33:25] Database connection successful
[2026-01-12 06:33:25] Action received
Data: fetch
[2026-01-12 06:33:26] Incoming request
Data: Array
(
    [user_id] => guest_yau1yq9wz
    [action] => check_unread
)

[2026-01-12 06:33:26] Database connection successful
[2026-01-12 06:33:26] Action received
Data: check_unread
[2026-01-12 06:33:28] Incoming request
Data: Array
(
    [user_id] => guest_yau1yq9wz
    [last_time] => 2026-01-11T22:28:21.000Z
    [action] => fetch
)

[2026-01-12 06:33:28] Database connection successful
[2026-01-12 06:33:28] Action received
Data: fetch
[2026-01-12 06:33:29] Incoming request
Data: Array
(
    [user_id] => guest_yau1yq9wz
    [action] => check_unread
)

[2026-01-12 06:33:29] Database connection successful
[2026-01-12 06:33:29] Action received
Data: check_unread
[2026-01-12 06:33:31] Incoming request
Data: Array
(
    [user_id] => guest_yau1yq9wz
    [last_time] => 2026-01-11T22:28:21.000Z
    [action] => fetch
)

[2026-01-12 06:33:31] Database connection successful
[2026-01-12 06:33:31] Action received
Data: fetch
[2026-01-12 06:33:32] Incoming request
Data: Array
(
    [user_id] => guest_yau1yq9wz
    [action] => check_unread
)

[2026-01-12 06:33:32] Database connection successful
[2026-01-12 06:33:32] Action received
Data: check_unread
[2026-01-12 06:33:34] Incoming request
Data: Array
(
    [user_id] => guest_yau1yq9wz
    [last_time] => 2026-01-11T22:28:21.000Z
    [action] => fetch
)

[2026-01-12 06:33:34] Database connection successful
[2026-01-12 06:33:34] Action received
Data: fetch
[2026-01-12 06:33:36] Incoming request
Data: Array
(
    [user_id] => guest_yau1yq9wz
    [action] => check_unread
)

[2026-01-12 06:33:36] Database connection successful
[2026-01-12 06:33:36] Action received
Data: check_unread
[2026-01-12 06:33:36] Incoming request
Data: Array
(
    [action] => check_unread
)

[2026-01-12 06:33:36] Database connection successful
[2026-01-12 06:33:36] Action received
Data: check_unread
[2026-01-12 06:33:36] Incoming request
Data: Array
(
    [action] => check_unread
)

[2026-01-12 06:33:36] Database connection successful
[2026-01-12 06:33:36] Action received
Data: check_unread
[2026-01-12 06:33:37] Incoming request
Data: Array
(
    [user_id] => guest_yau1yq9wz
    [last_time] => 2026-01-11T22:28:21.000Z
    [action] => fetch
)

[2026-01-12 06:33:37] Database connection successful
[2026-01-12 06:33:37] Action received
Data: fetch
[2026-01-12 06:33:38] Incoming request
Data: Array
(
    [user_id] => guest_yau1yq9wz
    [action] => check_unread
)

[2026-01-12 06:33:38] Database connection successful
[2026-01-12 06:33:38] Action received
Data: check_unread
[2026-01-12 06:33:39] Incoming request
Data: Array
(
    [user_id] => guest_yau1yq9wz
    [last_time] => 2026-01-11T22:28:21.000Z
    [action] => fetch
)

[2026-01-12 06:33:39] Database connection successful
[2026-01-12 06:33:39] Action received
Data: fetch
[2026-01-12 06:33:39] Incoming request
Data: Array
(
    [user_id] => guest_yau1yq9wz
    [action] => check_unread
)

[2026-01-12 06:33:39] Database connection successful
[2026-01-12 06:33:39] Action received
Data: check_unread
[2026-01-12 06:33:40] Incoming request
Data: Array
(
    [user_id] => guest_yau1yq9wz
    [action] => check_unread
)

[2026-01-12 06:33:40] Database connection successful
[2026-01-12 06:33:40] Action received
Data: check_unread
[2026-01-12 06:33:41] Incoming request
Data: Array
(
    [user_id] => guest_yau1yq9wz
    [action] => load_history
)

[2026-01-12 06:33:41] Database connection successful
[2026-01-12 06:33:41] Action received
Data: load_history
[2026-01-12 06:33:41] Incoming request
Data: Array
(
    [user_id] => guest_yau1yq9wz
    [action] => check_unread
)

[2026-01-12 06:33:41] Database connection successful
[2026-01-12 06:33:41] Action received
Data: check_unread
[2026-01-12 06:33:42] Incoming request
Data: Array
(
    [user_id] => guest_yau1yq9wz
    [last_time] => 2026-01-11T22:28:21.000Z
    [action] => fetch
)

[2026-01-12 06:33:42] Database connection successful
[2026-01-12 06:33:42] Action received
Data: fetch
[2026-01-12 06:33:46] Incoming request
Data: Array
(
    [user_id] => guest_yau1yq9wz
    [last_time] => 2026-01-11T22:28:21.000Z
    [action] => fetch
)

[2026-01-12 06:33:46] Database connection successful
[2026-01-12 06:33:46] Action received
Data: fetch
[2026-01-12 06:33:49] Incoming request
Data: Array
(
    [user_id] => guest_yau1yq9wz
    [last_time] => 2026-01-11T22:28:21.000Z
    [action] => fetch
)

[2026-01-12 06:33:49] Database connection successful
[2026-01-12 06:33:49] Action received
Data: fetch
[2026-01-12 06:34:24] Incoming request
Data: Array
(
    [action] => check_unread
)

[2026-01-12 06:34:24] Database connection successful
[2026-01-12 06:34:24] Action received
Data: check_unread
[2026-01-12 06:34:24] Incoming request
Data: Array
(
    [action] => check_unread
)

[2026-01-12 06:34:24] Database connection successful
[2026-01-12 06:34:24] Action received
Data: check_unread
[2026-01-12 06:34:36] Incoming request
Data: Array
(
    [action] => check_unread
)

[2026-01-12 06:34:36] Database connection successful
[2026-01-12 06:34:36] Action received
Data: check_unread
[2026-01-12 06:34:36] Incoming request
Data: Array
(
    [action] => check_unread
)

[2026-01-12 06:34:36] Database connection successful
[2026-01-12 06:34:36] Action received
Data: check_unread
[2026-01-12 06:35:06] Incoming request
Data: Array
(
    [action] => check_unread
)

[2026-01-12 06:35:06] Database connection successful
[2026-01-12 06:35:06] Action received
Data: check_unread
[2026-01-12 06:35:06] Incoming request
Data: Array
(
    [action] => check_unread
)

[2026-01-12 06:35:06] Database connection successful
[2026-01-12 06:35:06] Action received
Data: check_unread
[2026-01-12 06:35:36] Incoming request
Data: Array
(
    [action] => check_unread
)

[2026-01-12 06:35:36] Database connection successful
[2026-01-12 06:35:36] Action received
Data: check_unread
[2026-01-12 06:35:36] Incoming request
Data: Array
(
    [action] => check_unread
)

[2026-01-12 06:35:36] Database connection successful
[2026-01-12 06:35:36] Action received
Data: check_unread
[2026-01-12 06:35:45] Incoming request
Data: Array
(
    [action] => check_unread
)

[2026-01-12 06:35:45] Database connection successful
[2026-01-12 06:35:45] Action received
Data: check_unread
[2026-01-12 06:35:45] Incoming request
Data: Array
(
    [action] => check_unread
)

[2026-01-12 06:35:45] Database connection successful
[2026-01-12 06:35:45] Action received
Data: check_unread
[2026-01-12 06:35:52] Incoming request
Data: Array
(
    [action] => check_unread
)

[2026-01-12 06:35:52] Database connection successful
[2026-01-12 06:35:52] Action received
Data: check_unread
[2026-01-12 06:39:12] Incoming request
Data: Array
(
    [action] => check_unread
)

[2026-01-12 06:39:12] Database connection successful
[2026-01-12 06:39:12] Action received
Data: check_unread
[2026-01-12 06:39:34] Incoming request
Data: Array
(
    [action] => check_unread
)

[2026-01-12 06:39:34] Database connection successful
[2026-01-12 06:39:34] Action received
Data: check_unread
[2026-01-12 06:39:49] Incoming request
Data: Array
(
    [action] => check_unread
)

[2026-01-12 06:39:49] Database connection successful
[2026-01-12 06:39:49] Action received
Data: check_unread
[2026-01-12 06:40:06] Incoming request
Data: Array
(
    [action] => check_unread
)

[2026-01-12 06:40:06] Database connection successful
[2026-01-12 06:40:06] Action received
Data: check_unread
[2026-01-12 06:40:33] Incoming request
Data: Array
(
    [action] => check_unread
)

[2026-01-12 06:40:33] Database connection successful
[2026-01-12 06:40:33] Action received
Data: check_unread
[2026-01-12 06:41:03] Incoming request
Data: Array
(
    [action] => check_unread
)

[2026-01-12 06:41:03] Database connection successful
[2026-01-12 06:41:03] Action received
Data: check_unread
[2026-01-12 06:41:20] Incoming request
Data: Array
(
    [action] => check_unread
)

[2026-01-12 06:41:20] Database connection successful
[2026-01-12 06:41:20] Action received
Data: check_unread
[2026-01-12 06:41:50] Incoming request
Data: Array
(
    [action] => check_unread
)

[2026-01-12 06:41:50] Database connection successful
[2026-01-12 06:41:50] Action received
Data: check_unread
[2026-01-12 06:41:51] Incoming request
Data: Array
(
    [action] => check_unread
)

[2026-01-12 06:41:51] Database connection successful
[2026-01-12 06:41:51] Action received
Data: check_unread
[2026-01-12 06:42:05] Incoming request
Data: Array
(
    [action] => check_unread
)

[2026-01-12 06:42:05] Database connection successful
[2026-01-12 06:42:05] Action received
Data: check_unread
[2026-01-12 06:42:05] Incoming request
Data: Array
(
    [action] => check_unread
)

[2026-01-12 06:42:05] Database connection successful
[2026-01-12 06:42:05] Action received
Data: check_unread
[2026-01-12 06:42:20] Incoming request
Data: Array
(
    [action] => check_unread
)

[2026-01-12 06:42:20] Database connection successful
[2026-01-12 06:42:20] Action received
Data: check_unread
[2026-01-12 06:42:41] Incoming request
Data: Array
(
    [action] => check_unread
)

[2026-01-12 06:42:41] Database connection successful
[2026-01-12 06:42:41] Action received
Data: check_unread
[2026-01-12 06:42:41] Incoming request
Data: Array
(
    [action] => check_unread
)

[2026-01-12 06:42:41] Database connection successful
[2026-01-12 06:42:41] Action received
Data: check_unread
[2026-01-12 06:43:11] Incoming request
Data: Array
(
    [action] => check_unread
)

[2026-01-12 06:43:11] Database connection successful
[2026-01-12 06:43:11] Action received
Data: check_unread
[2026-01-12 06:43:11] Incoming request
Data: Array
(
    [action] => check_unread
)

[2026-01-12 06:43:11] Database connection successful
[2026-01-12 06:43:11] Action received
Data: check_unread
[2026-01-12 07:21:41] Incoming request
Data: Array
(
    [action] => check_unread
)

[2026-01-12 07:21:41] Database connection successful
[2026-01-12 07:21:41] Action received
Data: check_unread
[2026-01-12 07:21:47] Incoming request
Data: Array
(
    [action] => check_unread
)

[2026-01-12 07:21:47] Database connection successful
[2026-01-12 07:21:47] Action received
Data: check_unread
[2026-01-12 07:22:16] Incoming request
Data: Array
(
    [action] => check_unread
)

[2026-01-12 07:22:17] Database connection successful
[2026-01-12 07:22:17] Action received
Data: check_unread
[2026-01-12 07:22:36] Incoming request
Data: Array
(
    [action] => check_unread
)

[2026-01-12 07:22:36] Database connection successful
[2026-01-12 07:22:36] Action received
Data: check_unread
[2026-01-12 13:01:44] Incoming request
Data: Array
(
    [action] => check_unread
)

[2026-01-12 13:01:44] Database connection successful
[2026-01-12 13:01:44] Action received
Data: check_unread
[2026-01-12 13:01:51] Incoming request
Data: Array
(
    [action] => check_unread
)

[2026-01-12 13:01:51] Database connection successful
[2026-01-12 13:01:51] Action received
Data: check_unread
[2026-01-12 13:09:38] Incoming request
Data: Array
(
    [action] => check_unread
)

[2026-01-12 13:09:38] Database connection successful
[2026-01-12 13:09:38] Action received
Data: check_unread
[2026-01-12 13:09:38] Incoming request
Data: Array
(
    [action] => check_unread
)

[2026-01-12 13:09:38] Database connection successful
[2026-01-12 13:09:38] Action received
Data: check_unread
[2026-01-12 13:09:41] Incoming request
Data: Array
(
    [action] => check_unread
)

[2026-01-12 13:09:41] Database connection successful
[2026-01-12 13:09:41] Action received
Data: check_unread
[2026-01-12 13:18:15] Incoming request
Data: Array
(
    [action] => check_unread
)

[2026-01-12 13:18:15] Database connection successful
[2026-01-12 13:18:15] Action received
Data: check_unread
[2026-01-12 13:18:17] Incoming request
Data: Array
(
    [action] => check_unread
)

[2026-01-12 13:18:17] Database connection successful
[2026-01-12 13:18:17] Action received
Data: check_unread
[2026-01-13 02:42:19] Incoming request
Data: Array
(
    [action] => check_unread
)

[2026-01-13 02:42:19] Database connection successful
[2026-01-13 02:42:19] Action received
Data: check_unread
[2026-01-13 02:42:21] Incoming request
Data: Array
(
    [action] => check_unread
)

[2026-01-13 02:42:21] Database connection successful
[2026-01-13 02:42:21] Action received
Data: check_unread
[2026-01-13 03:14:06] Incoming request
Data: Array
(
    [action] => check_unread
)

[2026-01-13 03:14:06] Database connection successful
[2026-01-13 03:14:06] Action received
Data: check_unread
[2026-01-13 03:14:16] Incoming request
Data: Array
(
    [action] => check_unread
)

[2026-01-13 03:14:16] Database connection successful
[2026-01-13 03:14:16] Action received
Data: check_unread
[2026-01-13 03:14:19] Incoming request
Data: Array
(
    [action] => check_unread
)

[2026-01-13 03:14:19] Database connection successful
[2026-01-13 03:14:19] Action received
Data: check_unread
[2026-01-13 03:14:38] Incoming request
Data: Array
(
    [action] => check_unread
)

[2026-01-13 03:14:38] Database connection successful
[2026-01-13 03:14:38] Action received
Data: check_unread
[2026-01-13 03:14:42] Incoming request
Data: Array
(
    [action] => check_unread
)

[2026-01-13 03:14:42] Database connection successful
[2026-01-13 03:14:42] Action received
Data: check_unread
[2026-01-13 03:15:03] Incoming request
Data: Array
(
    [action] => check_unread
)

[2026-01-13 03:15:03] Database connection successful
[2026-01-13 03:15:03] Action received
Data: check_unread
[2026-01-13 03:15:11] Incoming request
Data: Array
(
    [action] => check_unread
)

[2026-01-13 03:15:11] Database connection successful
[2026-01-13 03:15:11] Action received
Data: check_unread
[2026-01-13 03:15:17] Incoming request
Data: Array
(
    [action] => check_unread
)

[2026-01-13 03:15:17] Database connection successful
[2026-01-13 03:15:17] Action received
Data: check_unread
[2026-01-13 03:15:20] Incoming request
Data: Array
(
    [action] => check_unread
)

[2026-01-13 03:15:20] Database connection successful
[2026-01-13 03:15:20] Action received
Data: check_unread
[2026-01-13 03:15:24] Incoming request
Data: Array
(
    [action] => check_unread
)

[2026-01-13 03:15:24] Database connection successful
[2026-01-13 03:15:24] Action received
Data: check_unread
[2026-01-13 03:15:36] Incoming request
Data: Array
(
    [action] => check_unread
)

[2026-01-13 03:15:36] Database connection successful
[2026-01-13 03:15:36] Action received
Data: check_unread
[2026-01-13 03:15:38] Incoming request
Data: Array
(
    [action] => check_unread
)

[2026-01-13 03:15:38] Database connection successful
[2026-01-13 03:15:38] Action received
Data: check_unread
[2026-01-13 03:15:41] Incoming request
Data: Array
(
    [action] => check_unread
)

[2026-01-13 03:15:41] Database connection successful
[2026-01-13 03:15:41] Action received
Data: check_unread
[2026-01-13 03:16:11] Incoming request
Data: Array
(
    [action] => check_unread
)

[2026-01-13 03:16:11] Database connection successful
[2026-01-13 03:16:11] Action received
Data: check_unread
[2026-01-13 03:16:43] Incoming request
Data: Array
(
    [action] => check_unread
)

[2026-01-13 03:16:43] Database connection successful
[2026-01-13 03:16:43] Action received
Data: check_unread
[2026-01-13 03:17:05] Incoming request
Data: Array
(
    [action] => check_unread
)

[2026-01-13 03:17:05] Database connection successful
[2026-01-13 03:17:05] Action received
Data: check_unread
[2026-01-13 03:17:16] Incoming request
Data: Array
(
    [action] => check_unread
)

[2026-01-13 03:17:16] Database connection successful
[2026-01-13 03:17:16] Action received
Data: check_unread
[2026-01-13 03:17:21] Incoming request
Data: Array
(
    [action] => check_unread
)

[2026-01-13 03:17:21] Database connection successful
[2026-01-13 03:17:21] Action received
Data: check_unread
[2026-01-13 03:17:27] Incoming request
Data: Array
(
    [action] => check_unread
)

[2026-01-13 03:17:27] Database connection successful
[2026-01-13 03:17:27] Action received
Data: check_unread
[2026-01-13 03:17:30] Incoming request
Data: Array
(
    [action] => check_unread
)

[2026-01-13 03:17:30] Database connection successful
[2026-01-13 03:17:30] Action received
Data: check_unread
[2026-01-13 03:17:34] Incoming request
Data: Array
(
    [action] => check_unread
)

[2026-01-13 03:17:34] Database connection successful
[2026-01-13 03:17:34] Action received
Data: check_unread
[2026-01-13 03:17:39] Incoming request
Data: Array
(
    [action] => check_unread
)

[2026-01-13 03:17:39] Database connection successful
[2026-01-13 03:17:39] Action received
Data: check_unread
[2026-01-13 03:17:51] Incoming request
Data: Array
(
    [action] => check_unread
)

[2026-01-13 03:17:51] Database connection successful
[2026-01-13 03:17:51] Action received
Data: check_unread
[2026-01-13 03:18:04] Incoming request
Data: Array
(
    [action] => check_unread
)

[2026-01-13 03:18:04] Database connection successful
[2026-01-13 03:18:04] Action received
Data: check_unread
[2026-01-13 03:18:34] Incoming request
Data: Array
(
    [action] => check_unread
)

[2026-01-13 03:18:34] Database connection successful
[2026-01-13 03:18:34] Action received
Data: check_unread
[2026-01-13 03:18:37] Incoming request
Data: Array
(
    [action] => check_unread
)

[2026-01-13 03:18:37] Database connection successful
[2026-01-13 03:18:37] Action received
Data: check_unread
[2026-01-13 03:18:45] Incoming request
Data: Array
(
    [action] => check_unread
)

[2026-01-13 03:18:45] Database connection successful
[2026-01-13 03:18:45] Action received
Data: check_unread
[2026-01-13 03:19:15] Incoming request
Data: Array
(
    [action] => check_unread
)

[2026-01-13 03:19:15] Database connection successful
[2026-01-13 03:19:15] Action received
Data: check_unread
[2026-01-13 03:19:45] Incoming request
Data: Array
(
    [action] => check_unread
)

[2026-01-13 03:19:45] Database connection successful
[2026-01-13 03:19:45] Action received
Data: check_unread
[2026-01-13 03:20:15] Incoming request
Data: Array
(
    [action] => check_unread
)

[2026-01-13 03:20:15] Database connection successful
[2026-01-13 03:20:15] Action received
Data: check_unread
[2026-01-13 03:20:45] Incoming request
Data: Array
(
    [action] => check_unread
)

[2026-01-13 03:20:45] Database connection successful
[2026-01-13 03:20:45] Action received
Data: check_unread
[2026-01-13 03:21:15] Incoming request
Data: Array
(
    [action] => check_unread
)

[2026-01-13 03:21:15] Database connection successful
[2026-01-13 03:21:15] Action received
Data: check_unread
[2026-01-13 03:21:45] Incoming request
Data: Array
(
    [action] => check_unread
)

[2026-01-13 03:21:45] Database connection successful
[2026-01-13 03:21:45] Action received
Data: check_unread
[2026-01-13 03:21:51] Incoming request
Data: Array
(
    [action] => check_unread
)

[2026-01-13 03:21:51] Database connection successful
[2026-01-13 03:21:51] Action received
Data: check_unread
[2026-01-13 03:22:21] Incoming request
Data: Array
(
    [action] => check_unread
)

[2026-01-13 03:22:21] Database connection successful
[2026-01-13 03:22:21] Action received
Data: check_unread
[2026-01-13 03:22:51] Incoming request
Data: Array
(
    [action] => check_unread
)

[2026-01-13 03:22:51] Database connection successful
[2026-01-13 03:22:51] Action received
Data: check_unread
[2026-01-13 03:23:21] Incoming request
Data: Array
(
    [action] => check_unread
)

[2026-01-13 03:23:21] Database connection successful
[2026-01-13 03:23:21] Action received
Data: check_unread
[2026-01-13 03:23:51] Incoming request
Data: Array
(
    [action] => check_unread
)

[2026-01-13 03:23:51] Database connection successful
[2026-01-13 03:23:51] Action received
Data: check_unread
[2026-01-13 03:23:56] Incoming request
Data: Array
(
    [action] => check_unread
)

[2026-01-13 03:23:56] Database connection successful
[2026-01-13 03:23:56] Action received
Data: check_unread
[2026-01-13 03:25:45] Incoming request
Data: Array
(
    [action] => check_unread
)

[2026-01-13 03:25:45] Database connection successful
[2026-01-13 03:25:45] Action received
Data: check_unread
[2026-01-13 03:25:49] Incoming request
Data: Array
(
    [action] => check_unread
)

[2026-01-13 03:25:49] Database connection successful
[2026-01-13 03:25:49] Action received
Data: check_unread
[2026-01-13 03:26:17] Incoming request
Data: Array
(
    [action] => check_unread
)

[2026-01-13 03:26:17] Database connection successful
[2026-01-13 03:26:17] Action received
Data: check_unread
[2026-01-13 03:26:17] Incoming request
Data: Array
(
    [action] => check_unread
)

[2026-01-13 03:26:17] Database connection successful
[2026-01-13 03:26:17] Action received
Data: check_unread
[2026-01-13 03:26:20] Incoming request
Data: Array
(
    [user_id] => guest_xs4wcgktx
    [action] => check_unread
)

[2026-01-13 03:26:21] Database connection successful
[2026-01-13 03:26:21] Action received
Data: check_unread
[2026-01-13 03:26:21] Incoming request
Data: Array
(
    [user_id] => guest_xs4wcgktx
    [action] => load_history
)

[2026-01-13 03:26:21] Database connection successful
[2026-01-13 03:26:21] Action received
Data: load_history
[2026-01-13 03:26:23] Incoming request
Data: Array
(
    [user_id] => guest_xs4wcgktx
    [last_time] => 1970-01-01T00:00:00.000Z
    [action] => fetch
)

[2026-01-13 03:26:23] Database connection successful
[2026-01-13 03:26:23] Action received
Data: fetch
[2026-01-13 03:26:23] Incoming request
Data: Array
(
    [user_id] => guest_xs4wcgktx
    [action] => check_unread
)

[2026-01-13 03:26:23] Database connection successful
[2026-01-13 03:26:23] Action received
Data: check_unread
[2026-01-13 03:26:26] Incoming request
Data: Array
(
    [user_id] => guest_xs4wcgktx
    [last_time] => 2026-01-11T22:28:21.000Z
    [action] => fetch
)

[2026-01-13 03:26:26] Database connection successful
[2026-01-13 03:26:26] Action received
Data: fetch
[2026-01-13 03:26:26] Incoming request
Data: Array
(
    [user_id] => guest_xs4wcgktx
    [action] => check_unread
)

[2026-01-13 03:26:26] Database connection successful
[2026-01-13 03:26:26] Action received
Data: check_unread
[2026-01-13 03:26:29] Incoming request
Data: Array
(
    [user_id] => guest_xs4wcgktx
    [last_time] => 2026-01-11T22:28:21.000Z
    [action] => fetch
)

[2026-01-13 03:26:29] Database connection successful
[2026-01-13 03:26:29] Action received
Data: fetch
[2026-01-13 03:26:29] Incoming request
Data: Array
(
    [user_id] => guest_xs4wcgktx
    [action] => check_unread
)

[2026-01-13 03:26:29] Database connection successful
[2026-01-13 03:26:29] Action received
Data: check_unread
[2026-01-13 03:26:29] Incoming request
Data: Array
(
    [message] => i  want to book room
    [action] => send
)

[2026-01-13 03:26:29] Database connection successful
[2026-01-13 03:26:29] Action received
Data: send
[2026-01-13 03:26:32] Incoming request
Data: Array
(
    [user_id] => guest_xs4wcgktx
    [last_time] => 2026-01-13T03:26:30.583Z
    [action] => fetch
)

[2026-01-13 03:26:32] Database connection successful
[2026-01-13 03:26:32] Action received
Data: fetch
[2026-01-13 03:26:35] Incoming request
Data: Array
(
    [user_id] => guest_xs4wcgktx
    [last_time] => 2026-01-13T03:26:30.583Z
    [action] => fetch
)

[2026-01-13 03:26:35] Database connection successful
[2026-01-13 03:26:35] Action received
Data: fetch
[2026-01-13 03:26:38] Incoming request
Data: Array
(
    [user_id] => guest_xs4wcgktx
    [last_time] => 2026-01-13T03:26:30.583Z
    [action] => fetch
)

[2026-01-13 03:26:38] Database connection successful
[2026-01-13 03:26:38] Action received
Data: fetch
[2026-01-13 03:26:41] Incoming request
Data: Array
(
    [user_id] => guest_xs4wcgktx
    [last_time] => 2026-01-13T03:26:30.583Z
    [action] => fetch
)

[2026-01-13 03:26:41] Database connection successful
[2026-01-13 03:26:41] Action received
Data: fetch
[2026-01-13 03:26:44] Incoming request
Data: Array
(
    [user_id] => guest_xs4wcgktx
    [last_time] => 2026-01-13T03:26:30.583Z
    [action] => fetch
)

[2026-01-13 03:26:44] Database connection successful
[2026-01-13 03:26:44] Action received
Data: fetch
[2026-01-13 03:26:47] Incoming request
Data: Array
(
    [user_id] => guest_xs4wcgktx
    [last_time] => 2026-01-13T03:26:30.583Z
    [action] => fetch
)

[2026-01-13 03:26:47] Database connection successful
[2026-01-13 03:26:47] Action received
Data: fetch
[2026-01-13 03:26:48] Incoming request
Data: Array
(
    [action] => check_unread
)

[2026-01-13 03:26:48] Database connection successful
[2026-01-13 03:26:48] Action received
Data: check_unread
[2026-01-13 03:26:48] Incoming request
Data: Array
(
    [action] => check_unread
)

[2026-01-13 03:26:48] Database connection successful
[2026-01-13 03:26:48] Action received
Data: check_unread
[2026-01-13 03:26:50] Incoming request
Data: Array
(
    [user_id] => guest_xs4wcgktx
    [last_time] => 2026-01-13T03:26:30.583Z
    [action] => fetch
)

[2026-01-13 03:26:50] Database connection successful
[2026-01-13 03:26:50] Action received
Data: fetch
[2026-01-13 03:26:50] Incoming request
Data: Array
(
    [user_id] => guest_xs4wcgktx
    [action] => check_unread
)

[2026-01-13 03:26:50] Database connection successful
[2026-01-13 03:26:50] Action received
Data: check_unread
[2026-01-13 03:26:53] Incoming request
Data: Array
(
    [user_id] => guest_xs4wcgktx
    [last_time] => 2026-01-13T03:26:30.583Z
    [action] => fetch
)

[2026-01-13 03:26:53] Database connection successful
[2026-01-13 03:26:53] Action received
Data: fetch
[2026-01-13 03:26:56] Incoming request
Data: Array
(
    [user_id] => guest_xs4wcgktx
    [last_time] => 2026-01-13T03:26:30.583Z
    [action] => fetch
)

[2026-01-13 03:26:56] Database connection successful
[2026-01-13 03:26:56] Action received
Data: fetch
[2026-01-13 03:26:57] Incoming request
Data: Array
(
    [user_id] => guest_xs4wcgktx
    [action] => check_unread
)

[2026-01-13 03:26:57] Database connection successful
[2026-01-13 03:26:57] Action received
Data: check_unread
[2026-01-13 03:26:59] Incoming request
Data: Array
(
    [user_id] => guest_xs4wcgktx
    [last_time] => 2026-01-12T19:26:55.000Z
    [action] => fetch
)

[2026-01-13 03:26:59] Database connection successful
[2026-01-13 03:26:59] Action received
Data: fetch
[2026-01-13 03:26:59] Incoming request
Data: Array
(
    [user_id] => guest_xs4wcgktx
    [action] => check_unread
)

[2026-01-13 03:26:59] Database connection successful
[2026-01-13 03:26:59] Action received
Data: check_unread
[2026-01-13 03:27:02] Incoming request
Data: Array
(
    [user_id] => guest_xs4wcgktx
    [last_time] => 2026-01-12T19:26:55.000Z
    [action] => fetch
)

[2026-01-13 03:27:02] Database connection successful
[2026-01-13 03:27:02] Action received
Data: fetch
[2026-01-13 03:27:02] Incoming request
Data: Array
(
    [user_id] => guest_xs4wcgktx
    [action] => check_unread
)

[2026-01-13 03:27:02] Database connection successful
[2026-01-13 03:27:02] Action received
Data: check_unread
[2026-01-13 03:27:05] Incoming request
Data: Array
(
    [user_id] => guest_xs4wcgktx
    [last_time] => 2026-01-12T19:26:55.000Z
    [action] => fetch
)

[2026-01-13 03:27:05] Database connection successful
[2026-01-13 03:27:05] Action received
Data: fetch
[2026-01-13 03:27:05] Incoming request
Data: Array
(
    [user_id] => guest_xs4wcgktx
    [action] => check_unread
)

[2026-01-13 03:27:05] Database connection successful
[2026-01-13 03:27:05] Action received
Data: check_unread
[2026-01-13 03:27:08] Incoming request
Data: Array
(
    [user_id] => guest_xs4wcgktx
    [last_time] => 2026-01-12T19:26:55.000Z
    [action] => fetch
)

[2026-01-13 03:27:08] Database connection successful
[2026-01-13 03:27:08] Action received
Data: fetch
[2026-01-13 03:27:09] Incoming request
Data: Array
(
    [user_id] => guest_xs4wcgktx
    [action] => check_unread
)

[2026-01-13 03:27:09] Database connection successful
[2026-01-13 03:27:09] Action received
Data: check_unread
[2026-01-13 03:27:11] Incoming request
Data: Array
(
    [user_id] => guest_xs4wcgktx
    [last_time] => 2026-01-12T19:26:55.000Z
    [action] => fetch
)

[2026-01-13 03:27:11] Database connection successful
[2026-01-13 03:27:11] Action received
Data: fetch
[2026-01-13 03:27:11] Incoming request
Data: Array
(
    [user_id] => guest_xs4wcgktx
    [action] => check_unread
)

[2026-01-13 03:27:11] Database connection successful
[2026-01-13 03:27:11] Action received
Data: check_unread
[2026-01-13 03:27:14] Incoming request
Data: Array
(
    [user_id] => guest_xs4wcgktx
    [last_time] => 2026-01-12T19:26:55.000Z
    [action] => fetch
)

[2026-01-13 03:27:14] Database connection successful
[2026-01-13 03:27:14] Action received
Data: fetch
[2026-01-13 03:27:15] Incoming request
Data: Array
(
    [user_id] => guest_xs4wcgktx
    [action] => check_unread
)

[2026-01-13 03:27:15] Database connection successful
[2026-01-13 03:27:15] Action received
Data: check_unread
[2026-01-13 03:27:17] Incoming request
Data: Array
(
    [user_id] => guest_xs4wcgktx
    [last_time] => 2026-01-12T19:26:55.000Z
    [action] => fetch
)

[2026-01-13 03:27:17] Database connection successful
[2026-01-13 03:27:17] Action received
Data: fetch
[2026-01-13 03:27:18] Incoming request
Data: Array
(
    [user_id] => guest_xs4wcgktx
    [action] => check_unread
)

[2026-01-13 03:27:18] Database connection successful
[2026-01-13 03:27:18] Action received
Data: check_unread
[2026-01-13 03:27:18] Incoming request
Data: Array
(
    [action] => check_unread
)

[2026-01-13 03:27:18] Database connection successful
[2026-01-13 03:27:18] Action received
Data: check_unread
[2026-01-13 03:27:18] Incoming request
Data: Array
(
    [action] => check_unread
)

[2026-01-13 03:27:18] Database connection successful
[2026-01-13 03:27:18] Action received
Data: check_unread
[2026-01-13 03:27:20] Incoming request
Data: Array
(
    [user_id] => guest_xs4wcgktx
    [last_time] => 2026-01-12T19:26:55.000Z
    [action] => fetch
)

[2026-01-13 03:27:23] Database connection successful
[2026-01-13 03:27:23] Action received
Data: fetch
[2026-01-13 03:27:23] Incoming request
Data: Array
(
    [user_id] => guest_xs4wcgktx
    [action] => check_unread
)

[2026-01-13 03:27:23] Database connection successful
[2026-01-13 03:27:23] Action received
Data: check_unread
[2026-01-13 03:27:23] Incoming request
Data: Array
(
    [user_id] => guest_xs4wcgktx
    [last_time] => 2026-01-12T19:26:55.000Z
    [action] => fetch
)

[2026-01-13 03:27:23] Database connection successful
[2026-01-13 03:27:23] Action received
Data: fetch
[2026-01-13 03:27:24] Incoming request
Data: Array
(
    [user_id] => guest_xs4wcgktx
    [action] => check_unread
)

[2026-01-13 03:27:24] Database connection successful
[2026-01-13 03:27:24] Action received
Data: check_unread
[2026-01-13 03:27:24] Incoming request
Data: Array
(
    [user_id] => guest_xs4wcgktx
    [action] => check_unread
)

[2026-01-13 03:27:24] Database connection successful
[2026-01-13 03:27:24] Action received
Data: check_unread
[2026-01-13 03:27:26] Incoming request
Data: Array
(
    [user_id] => guest_xs4wcgktx
    [last_time] => 2026-01-12T19:26:55.000Z
    [action] => fetch
)

[2026-01-13 03:27:26] Database connection successful
[2026-01-13 03:27:26] Action received
Data: fetch
[2026-01-13 03:27:27] Incoming request
Data: Array
(
    [user_id] => guest_xs4wcgktx
    [action] => check_unread
)

[2026-01-13 03:27:27] Database connection successful
[2026-01-13 03:27:27] Action received
Data: check_unread
[2026-01-13 03:27:29] Incoming request
Data: Array
(
    [user_id] => guest_xs4wcgktx
    [last_time] => 2026-01-12T19:26:55.000Z
    [action] => fetch
)

[2026-01-13 03:27:29] Database connection successful
[2026-01-13 03:27:29] Action received
Data: fetch
[2026-01-13 03:27:30] Incoming request
Data: Array
(
    [user_id] => guest_xs4wcgktx
    [action] => check_unread
)

[2026-01-13 03:27:30] Database connection successful
[2026-01-13 03:27:30] Action received
Data: check_unread
[2026-01-13 03:27:32] Incoming request
Data: Array
(
    [user_id] => guest_xs4wcgktx
    [last_time] => 2026-01-12T19:26:55.000Z
    [action] => fetch
)

[2026-01-13 03:27:32] Database connection successful
[2026-01-13 03:27:32] Action received
Data: fetch
[2026-01-13 03:27:33] Incoming request
Data: Array
(
    [user_id] => guest_xs4wcgktx
    [action] => check_unread
)

[2026-01-13 03:27:33] Database connection successful
[2026-01-13 03:27:33] Action received
Data: check_unread
[2026-01-13 03:27:35] Incoming request
Data: Array
(
    [user_id] => guest_xs4wcgktx
    [last_time] => 2026-01-12T19:26:55.000Z
    [action] => fetch
)

[2026-01-13 03:27:35] Database connection successful
[2026-01-13 03:27:35] Action received
Data: fetch
[2026-01-13 03:27:36] Incoming request
Data: Array
(
    [user_id] => guest_xs4wcgktx
    [action] => check_unread
)

[2026-01-13 03:27:36] Database connection successful
[2026-01-13 03:27:36] Action received
Data: check_unread
[2026-01-13 03:27:38] Incoming request
Data: Array
(
    [user_id] => guest_xs4wcgktx
    [last_time] => 2026-01-12T19:26:55.000Z
    [action] => fetch
)

[2026-01-13 03:27:38] Database connection successful
[2026-01-13 03:27:38] Action received
Data: fetch
[2026-01-13 03:27:39] Incoming request
Data: Array
(
    [user_id] => guest_xs4wcgktx
    [action] => check_unread
)

[2026-01-13 03:27:39] Database connection successful
[2026-01-13 03:27:39] Action received
Data: check_unread
[2026-01-13 03:27:41] Incoming request
Data: Array
(
    [user_id] => guest_xs4wcgktx
    [last_time] => 2026-01-12T19:26:55.000Z
    [action] => fetch
)

[2026-01-13 03:27:41] Database connection successful
[2026-01-13 03:27:41] Action received
Data: fetch
[2026-01-13 03:27:42] Incoming request
Data: Array
(
    [user_id] => guest_xs4wcgktx
    [action] => check_unread
)

[2026-01-13 03:27:42] Database connection successful
[2026-01-13 03:27:42] Action received
Data: check_unread
[2026-01-13 03:27:44] Incoming request
Data: Array
(
    [user_id] => guest_xs4wcgktx
    [last_time] => 2026-01-12T19:26:55.000Z
    [action] => fetch
)

[2026-01-13 03:27:44] Database connection successful
[2026-01-13 03:27:44] Action received
Data: fetch
[2026-01-13 03:27:45] Incoming request
Data: Array
(
    [user_id] => guest_xs4wcgktx
    [action] => check_unread
)

[2026-01-13 03:27:45] Database connection successful
[2026-01-13 03:27:45] Action received
Data: check_unread
[2026-01-13 03:27:47] Incoming request
Data: Array
(
    [user_id] => guest_xs4wcgktx
    [last_time] => 2026-01-12T19:26:55.000Z
    [action] => fetch
)

[2026-01-13 03:27:47] Database connection successful
[2026-01-13 03:27:47] Action received
Data: fetch
[2026-01-13 03:27:48] Incoming request
Data: Array
(
    [user_id] => guest_xs4wcgktx
    [action] => check_unread
)

[2026-01-13 03:27:48] Database connection successful
[2026-01-13 03:27:48] Action received
Data: check_unread
[2026-01-13 03:27:48] Incoming request
Data: Array
(
    [action] => check_unread
)

[2026-01-13 03:27:48] Database connection successful
[2026-01-13 03:27:48] Action received
Data: check_unread
[2026-01-13 03:27:48] Incoming request
Data: Array
(
    [action] => check_unread
)

[2026-01-13 03:27:48] Database connection successful
[2026-01-13 03:27:48] Action received
Data: check_unread
[2026-01-13 03:27:50] Incoming request
Data: Array
(
    [user_id] => guest_xs4wcgktx
    [last_time] => 2026-01-12T19:26:55.000Z
    [action] => fetch
)

[2026-01-13 03:27:50] Database connection successful
[2026-01-13 03:27:50] Action received
Data: fetch
[2026-01-13 03:27:50] Incoming request
Data: Array
(
    [user_id] => guest_xs4wcgktx
    [action] => check_unread
)

[2026-01-13 03:27:50] Database connection successful
[2026-01-13 03:27:50] Action received
Data: check_unread
[2026-01-13 03:27:51] Incoming request
Data: Array
(
    [user_id] => guest_xs4wcgktx
    [action] => check_unread
)

[2026-01-13 03:27:51] Database connection successful
[2026-01-13 03:27:51] Action received
Data: check_unread
[2026-01-13 03:27:53] Incoming request
Data: Array
(
    [user_id] => guest_xs4wcgktx
    [last_time] => 2026-01-12T19:26:55.000Z
    [action] => fetch
)

[2026-01-13 03:27:53] Database connection successful
[2026-01-13 03:27:53] Action received
Data: fetch
[2026-01-13 03:27:54] Incoming request
Data: Array
(
    [user_id] => guest_xs4wcgktx
    [action] => check_unread
)

[2026-01-13 03:27:54] Database connection successful
[2026-01-13 03:27:54] Action received
Data: check_unread
[2026-01-13 03:27:56] Incoming request
Data: Array
(
    [user_id] => guest_xs4wcgktx
    [last_time] => 2026-01-12T19:26:55.000Z
    [action] => fetch
)

[2026-01-13 03:27:56] Database connection successful
[2026-01-13 03:27:56] Action received
Data: fetch
[2026-01-13 03:27:57] Incoming request
Data: Array
(
    [user_id] => guest_xs4wcgktx
    [action] => check_unread
)

[2026-01-13 03:27:57] Database connection successful
[2026-01-13 03:27:57] Action received
Data: check_unread
[2026-01-13 03:27:59] Incoming request
Data: Array
(
    [user_id] => guest_xs4wcgktx
    [last_time] => 2026-01-12T19:26:55.000Z
    [action] => fetch
)

[2026-01-13 03:27:59] Database connection successful
[2026-01-13 03:27:59] Action received
Data: fetch
[2026-01-13 03:28:00] Incoming request
Data: Array
(
    [user_id] => guest_xs4wcgktx
    [action] => check_unread
)

[2026-01-13 03:28:00] Database connection successful
[2026-01-13 03:28:00] Action received
Data: check_unread
[2026-01-13 03:28:02] Incoming request
Data: Array
(
    [user_id] => guest_xs4wcgktx
    [last_time] => 2026-01-12T19:26:55.000Z
    [action] => fetch
)

[2026-01-13 03:28:02] Database connection successful
[2026-01-13 03:28:02] Action received
Data: fetch
[2026-01-13 03:28:03] Incoming request
Data: Array
(
    [user_id] => guest_xs4wcgktx
    [action] => check_unread
)

[2026-01-13 03:28:03] Database connection successful
[2026-01-13 03:28:03] Action received
Data: check_unread
[2026-01-13 03:28:05] Incoming request
Data: Array
(
    [user_id] => guest_xs4wcgktx
    [last_time] => 2026-01-12T19:26:55.000Z
    [action] => fetch
)

[2026-01-13 03:28:05] Database connection successful
[2026-01-13 03:28:05] Action received
Data: fetch
[2026-01-13 03:28:06] Incoming request
Data: Array
(
    [user_id] => guest_xs4wcgktx
    [action] => check_unread
)

[2026-01-13 03:28:06] Database connection successful
[2026-01-13 03:28:06] Action received
Data: check_unread
[2026-01-13 03:28:08] Incoming request
Data: Array
(
    [user_id] => guest_xs4wcgktx
    [last_time] => 2026-01-12T19:26:55.000Z
    [action] => fetch
)

[2026-01-13 03:28:08] Database connection successful
[2026-01-13 03:28:08] Action received
Data: fetch
[2026-01-13 03:28:09] Incoming request
Data: Array
(
    [user_id] => guest_xs4wcgktx
    [action] => check_unread
)

[2026-01-13 03:28:09] Database connection successful
[2026-01-13 03:28:09] Action received
Data: check_unread
[2026-01-13 03:28:11] Incoming request
Data: Array
(
    [user_id] => guest_xs4wcgktx
    [last_time] => 2026-01-12T19:26:55.000Z
    [action] => fetch
)

[2026-01-13 03:28:11] Database connection successful
[2026-01-13 03:28:11] Action received
Data: fetch
[2026-01-13 03:28:12] Incoming request
Data: Array
(
    [user_id] => guest_xs4wcgktx
    [action] => check_unread
)

[2026-01-13 03:28:12] Database connection successful
[2026-01-13 03:28:12] Action received
Data: check_unread
[2026-01-13 03:28:14] Incoming request
Data: Array
(
    [user_id] => guest_xs4wcgktx
    [last_time] => 2026-01-12T19:26:55.000Z
    [action] => fetch
)

[2026-01-13 03:28:14] Database connection successful
[2026-01-13 03:28:14] Action received
Data: fetch
[2026-01-13 03:28:15] Incoming request
Data: Array
(
    [user_id] => guest_xs4wcgktx
    [action] => check_unread
)

[2026-01-13 03:28:15] Database connection successful
[2026-01-13 03:28:15] Action received
Data: check_unread
[2026-01-13 03:28:17] Incoming request
Data: Array
(
    [user_id] => guest_xs4wcgktx
    [last_time] => 2026-01-12T19:26:55.000Z
    [action] => fetch
)

[2026-01-13 03:28:17] Database connection successful
[2026-01-13 03:28:17] Action received
Data: fetch
[2026-01-13 03:28:17] Incoming request
Data: Array
(
    [action] => check_unread
)

[2026-01-13 03:28:17] Database connection successful
[2026-01-13 03:28:17] Action received
Data: check_unread
[2026-01-13 03:28:17] Incoming request
Data: Array
(
    [action] => check_unread
)

[2026-01-13 03:28:17] Database connection successful
[2026-01-13 03:28:17] Action received
Data: check_unread
[2026-01-13 03:28:17] Incoming request
Data: Array
(
    [user_id] => guest_xs4wcgktx
    [action] => check_unread
)

[2026-01-13 03:28:17] Database connection successful
[2026-01-13 03:28:17] Action received
Data: check_unread
[2026-01-13 03:28:20] Incoming request
Data: Array
(
    [user_id] => guest_xs4wcgktx
    [last_time] => 2026-01-12T19:26:55.000Z
    [action] => fetch
)

[2026-01-13 03:28:20] Database connection successful
[2026-01-13 03:28:20] Action received
Data: fetch
[2026-01-13 03:28:20] Incoming request
Data: Array
(
    [user_id] => guest_xs4wcgktx
    [action] => check_unread
)

[2026-01-13 03:28:20] Database connection successful
[2026-01-13 03:28:20] Action received
Data: check_unread
[2026-01-13 03:28:20] Incoming request
Data: Array
(
    [user_id] => guest_xs4wcgktx
    [action] => check_unread
)

[2026-01-13 03:28:20] Database connection successful
[2026-01-13 03:28:20] Action received
Data: check_unread
[2026-01-13 03:28:23] Incoming request
Data: Array
(
    [user_id] => guest_xs4wcgktx
    [last_time] => 2026-01-12T19:26:55.000Z
    [action] => fetch
)

[2026-01-13 03:28:23] Database connection successful
[2026-01-13 03:28:23] Action received
Data: fetch
[2026-01-13 03:28:23] Incoming request
Data: Array
(
    [user_id] => guest_xs4wcgktx
    [action] => check_unread
)

[2026-01-13 03:28:23] Database connection successful
[2026-01-13 03:28:23] Action received
Data: check_unread
[2026-01-13 03:28:26] Incoming request
Data: Array
(
    [user_id] => guest_xs4wcgktx
    [last_time] => 2026-01-12T19:26:55.000Z
    [action] => fetch
)

[2026-01-13 03:28:26] Database connection successful
[2026-01-13 03:28:26] Action received
Data: fetch
[2026-01-13 03:28:27] Incoming request
Data: Array
(
    [user_id] => guest_xs4wcgktx
    [action] => check_unread
)

[2026-01-13 03:28:27] Database connection successful
[2026-01-13 03:28:27] Action received
Data: check_unread
[2026-01-13 03:28:29] Incoming request
Data: Array
(
    [user_id] => guest_xs4wcgktx
    [last_time] => 2026-01-12T19:26:55.000Z
    [action] => fetch
)

[2026-01-13 03:28:29] Database connection successful
[2026-01-13 03:28:29] Action received
Data: fetch
[2026-01-13 03:28:29] Incoming request
Data: Array
(
    [user_id] => guest_xs4wcgktx
    [action] => check_unread
)

[2026-01-13 03:28:29] Database connection successful
[2026-01-13 03:28:29] Action received
Data: check_unread
[2026-01-13 03:28:32] Incoming request
Data: Array
(
    [user_id] => guest_xs4wcgktx
    [last_time] => 2026-01-12T19:26:55.000Z
    [action] => fetch
)

[2026-01-13 03:28:32] Database connection successful
[2026-01-13 03:28:32] Action received
Data: fetch
[2026-01-13 03:28:32] Incoming request
Data: Array
(
    [user_id] => guest_xs4wcgktx
    [action] => check_unread
)

[2026-01-13 03:28:32] Database connection successful
[2026-01-13 03:28:32] Action received
Data: check_unread
[2026-01-13 03:28:35] Incoming request
Data: Array
(
    [user_id] => guest_xs4wcgktx
    [last_time] => 2026-01-12T19:26:55.000Z
    [action] => fetch
)

[2026-01-13 03:28:35] Database connection successful
[2026-01-13 03:28:35] Action received
Data: fetch
[2026-01-13 03:28:36] Incoming request
Data: Array
(
    [user_id] => guest_xs4wcgktx
    [action] => check_unread
)

[2026-01-13 03:28:36] Database connection successful
[2026-01-13 03:28:36] Action received
Data: check_unread
[2026-01-13 03:28:38] Incoming request
Data: Array
(
    [user_id] => guest_xs4wcgktx
    [last_time] => 2026-01-12T19:26:55.000Z
    [action] => fetch
)

[2026-01-13 03:28:38] Database connection successful
[2026-01-13 03:28:38] Action received
Data: fetch
[2026-01-13 03:28:38] Incoming request
Data: Array
(
    [user_id] => guest_xs4wcgktx
    [action] => check_unread
)

[2026-01-13 03:28:38] Database connection successful
[2026-01-13 03:28:38] Action received
Data: check_unread
[2026-01-13 03:28:41] Incoming request
Data: Array
(
    [user_id] => guest_xs4wcgktx
    [last_time] => 2026-01-12T19:26:55.000Z
    [action] => fetch
)

[2026-01-13 03:28:41] Database connection successful
[2026-01-13 03:28:41] Action received
Data: fetch
[2026-01-13 03:28:41] Incoming request
Data: Array
(
    [user_id] => guest_xs4wcgktx
    [action] => check_unread
)

[2026-01-13 03:28:41] Database connection successful
[2026-01-13 03:28:41] Action received
Data: check_unread
[2026-01-13 03:28:44] Incoming request
Data: Array
(
    [user_id] => guest_xs4wcgktx
    [last_time] => 2026-01-12T19:26:55.000Z
    [action] => fetch
)

[2026-01-13 03:28:44] Database connection successful
[2026-01-13 03:28:44] Action received
Data: fetch
[2026-01-13 03:28:44] Incoming request
Data: Array
(
    [user_id] => guest_xs4wcgktx
    [action] => check_unread
)

[2026-01-13 03:28:44] Database connection successful
[2026-01-13 03:28:44] Action received
Data: check_unread
[2026-01-13 03:28:47] Incoming request
Data: Array
(
    [user_id] => guest_xs4wcgktx
    [last_time] => 2026-01-12T19:26:55.000Z
    [action] => fetch
)

[2026-01-13 03:28:47] Database connection successful
[2026-01-13 03:28:47] Action received
Data: fetch
[2026-01-13 03:28:47] Incoming request
Data: Array
(
    [action] => check_unread
)

[2026-01-13 03:28:47] Database connection successful
[2026-01-13 03:28:47] Action received
Data: check_unread
[2026-01-13 03:28:47] Incoming request
Data: Array
(
    [action] => check_unread
)

[2026-01-13 03:28:47] Database connection successful
[2026-01-13 03:28:47] Action received
Data: check_unread
[2026-01-13 03:28:47] Incoming request
Data: Array
(
    [user_id] => guest_xs4wcgktx
    [action] => check_unread
)

[2026-01-13 03:28:47] Database connection successful
[2026-01-13 03:28:47] Action received
Data: check_unread
[2026-01-13 03:28:50] Incoming request
Data: Array
(
    [user_id] => guest_xs4wcgktx
    [last_time] => 2026-01-12T19:26:55.000Z
    [action] => fetch
)

[2026-01-13 03:28:50] Database connection successful
[2026-01-13 03:28:50] Action received
Data: fetch
[2026-01-13 03:28:50] Incoming request
Data: Array
(
    [user_id] => guest_xs4wcgktx
    [action] => check_unread
)

[2026-01-13 03:28:50] Database connection successful
[2026-01-13 03:28:50] Action received
Data: check_unread
[2026-01-13 03:28:50] Incoming request
Data: Array
(
    [user_id] => guest_xs4wcgktx
    [action] => check_unread
)

[2026-01-13 03:28:50] Database connection successful
[2026-01-13 03:28:50] Action received
Data: check_unread
[2026-01-13 03:28:53] Incoming request
Data: Array
(
    [user_id] => guest_xs4wcgktx
    [last_time] => 2026-01-12T19:26:55.000Z
    [action] => fetch
)

[2026-01-13 03:28:53] Database connection successful
[2026-01-13 03:28:53] Action received
Data: fetch
[2026-01-13 03:28:53] Incoming request
Data: Array
(
    [user_id] => guest_xs4wcgktx
    [action] => check_unread
)

[2026-01-13 03:28:53] Database connection successful
[2026-01-13 03:28:53] Action received
Data: check_unread
[2026-01-13 03:28:56] Incoming request
Data: Array
(
    [user_id] => guest_xs4wcgktx
    [last_time] => 2026-01-12T19:26:55.000Z
    [action] => fetch
)

[2026-01-13 03:28:56] Database connection successful
[2026-01-13 03:28:56] Action received
Data: fetch
[2026-01-13 03:28:56] Incoming request
Data: Array
(
    [user_id] => guest_xs4wcgktx
    [action] => check_unread
)

[2026-01-13 03:28:56] Database connection successful
[2026-01-13 03:28:56] Action received
Data: check_unread
[2026-01-13 03:28:59] Incoming request
Data: Array
(
    [user_id] => guest_xs4wcgktx
    [last_time] => 2026-01-12T19:26:55.000Z
    [action] => fetch
)

[2026-01-13 03:28:59] Database connection successful
[2026-01-13 03:28:59] Action received
Data: fetch
[2026-01-13 03:28:59] Incoming request
Data: Array
(
    [user_id] => guest_xs4wcgktx
    [action] => check_unread
)

[2026-01-13 03:28:59] Database connection successful
[2026-01-13 03:28:59] Action received
Data: check_unread
[2026-01-13 03:29:02] Incoming request
Data: Array
(
    [user_id] => guest_xs4wcgktx
    [last_time] => 2026-01-12T19:26:55.000Z
    [action] => fetch
)

[2026-01-13 03:29:02] Database connection successful
[2026-01-13 03:29:02] Action received
Data: fetch
[2026-01-13 03:29:02] Incoming request
Data: Array
(
    [user_id] => guest_xs4wcgktx
    [action] => check_unread
)

[2026-01-13 03:29:02] Database connection successful
[2026-01-13 03:29:02] Action received
Data: check_unread
[2026-01-13 03:29:05] Incoming request
Data: Array
(
    [user_id] => guest_xs4wcgktx
    [last_time] => 2026-01-12T19:26:55.000Z
    [action] => fetch
)

[2026-01-13 03:29:05] Database connection successful
[2026-01-13 03:29:05] Action received
Data: fetch
[2026-01-13 03:29:06] Incoming request
Data: Array
(
    [user_id] => guest_xs4wcgktx
    [action] => check_unread
)

[2026-01-13 03:29:06] Database connection successful
[2026-01-13 03:29:06] Action received
Data: check_unread
[2026-01-13 03:29:08] Incoming request
Data: Array
(
    [user_id] => guest_xs4wcgktx
    [last_time] => 2026-01-12T19:26:55.000Z
    [action] => fetch
)

[2026-01-13 03:29:08] Database connection successful
[2026-01-13 03:29:08] Action received
Data: fetch
[2026-01-13 03:29:08] Incoming request
Data: Array
(
    [user_id] => guest_xs4wcgktx
    [action] => check_unread
)

[2026-01-13 03:29:08] Database connection successful
[2026-01-13 03:29:08] Action received
Data: check_unread
[2026-01-13 03:29:11] Incoming request
Data: Array
(
    [user_id] => guest_xs4wcgktx
    [last_time] => 2026-01-12T19:26:55.000Z
    [action] => fetch
)

[2026-01-13 03:29:11] Database connection successful
[2026-01-13 03:29:11] Action received
Data: fetch
[2026-01-13 03:29:12] Incoming request
Data: Array
(
    [user_id] => guest_xs4wcgktx
    [action] => check_unread
)

[2026-01-13 03:29:12] Database connection successful
[2026-01-13 03:29:12] Action received
Data: check_unread
[2026-01-13 03:29:14] Incoming request
Data: Array
(
    [user_id] => guest_xs4wcgktx
    [last_time] => 2026-01-12T19:26:55.000Z
    [action] => fetch
)

[2026-01-13 03:29:14] Database connection successful
[2026-01-13 03:29:14] Action received
Data: fetch
[2026-01-13 03:29:15] Incoming request
Data: Array
(
    [user_id] => guest_xs4wcgktx
    [action] => check_unread
)

[2026-01-13 03:29:15] Database connection successful
[2026-01-13 03:29:15] Action received
Data: check_unread
[2026-01-13 03:29:17] Incoming request
Data: Array
(
    [user_id] => guest_xs4wcgktx
    [last_time] => 2026-01-12T19:26:55.000Z
    [action] => fetch
)

[2026-01-13 03:29:17] Database connection successful
[2026-01-13 03:29:17] Action received
Data: fetch
[2026-01-13 03:29:18] Incoming request
Data: Array
(
    [user_id] => guest_xs4wcgktx
    [action] => check_unread
)

[2026-01-13 03:29:18] Database connection successful
[2026-01-13 03:29:18] Action received
Data: check_unread
[2026-01-13 03:29:18] Incoming request
Data: Array
(
    [action] => check_unread
)

[2026-01-13 03:29:18] Database connection successful
[2026-01-13 03:29:18] Action received
Data: check_unread
[2026-01-13 03:29:18] Incoming request
Data: Array
(
    [action] => check_unread
)

[2026-01-13 03:29:18] Database connection successful
[2026-01-13 03:29:18] Action received
Data: check_unread
[2026-01-13 03:29:20] Incoming request
Data: Array
(
    [user_id] => guest_xs4wcgktx
    [last_time] => 2026-01-12T19:26:55.000Z
    [action] => fetch
)

[2026-01-13 03:29:20] Database connection successful
[2026-01-13 03:29:20] Action received
Data: fetch
[2026-01-13 03:29:20] Incoming request
Data: Array
(
    [user_id] => guest_xs4wcgktx
    [action] => check_unread
)

[2026-01-13 03:29:20] Database connection successful
[2026-01-13 03:29:20] Action received
Data: check_unread
[2026-01-13 03:29:21] Incoming request
Data: Array
(
    [user_id] => guest_xs4wcgktx
    [action] => check_unread
)

[2026-01-13 03:29:21] Database connection successful
[2026-01-13 03:29:21] Action received
Data: check_unread
[2026-01-13 03:29:23] Incoming request
Data: Array
(
    [user_id] => guest_xs4wcgktx
    [last_time] => 2026-01-12T19:26:55.000Z
    [action] => fetch
)

[2026-01-13 03:29:23] Database connection successful
[2026-01-13 03:29:23] Action received
Data: fetch
[2026-01-13 03:29:24] Incoming request
Data: Array
(
    [user_id] => guest_xs4wcgktx
    [action] => check_unread
)

[2026-01-13 03:29:24] Database connection successful
[2026-01-13 03:29:24] Action received
Data: check_unread
[2026-01-13 03:29:26] Incoming request
Data: Array
(
    [user_id] => guest_xs4wcgktx
    [last_time] => 2026-01-12T19:26:55.000Z
    [action] => fetch
)

[2026-01-13 03:29:26] Database connection successful
[2026-01-13 03:29:26] Action received
Data: fetch
[2026-01-13 03:29:27] Incoming request
Data: Array
(
    [user_id] => guest_xs4wcgktx
    [action] => check_unread
)

[2026-01-13 03:29:27] Database connection successful
[2026-01-13 03:29:27] Action received
Data: check_unread
[2026-01-13 03:29:29] Incoming request
Data: Array
(
    [user_id] => guest_xs4wcgktx
    [last_time] => 2026-01-12T19:26:55.000Z
    [action] => fetch
)

[2026-01-13 03:29:29] Database connection successful
[2026-01-13 03:29:29] Action received
Data: fetch
[2026-01-13 03:29:30] Incoming request
Data: Array
(
    [user_id] => guest_xs4wcgktx
    [action] => check_unread
)

[2026-01-13 03:29:30] Database connection successful
[2026-01-13 03:29:30] Action received
Data: check_unread
[2026-01-13 03:29:32] Incoming request
Data: Array
(
    [user_id] => guest_xs4wcgktx
    [last_time] => 2026-01-12T19:26:55.000Z
    [action] => fetch
)

[2026-01-13 03:29:32] Database connection successful
[2026-01-13 03:29:32] Action received
Data: fetch
[2026-01-13 03:29:33] Incoming request
Data: Array
(
    [user_id] => guest_xs4wcgktx
    [action] => check_unread
)

[2026-01-13 03:29:33] Database connection successful
[2026-01-13 03:29:33] Action received
Data: check_unread
[2026-01-13 03:29:35] Incoming request
Data: Array
(
    [user_id] => guest_xs4wcgktx
    [last_time] => 2026-01-12T19:26:55.000Z
    [action] => fetch
)

[2026-01-13 03:29:35] Database connection successful
[2026-01-13 03:29:35] Action received
Data: fetch
[2026-01-13 03:29:36] Incoming request
Data: Array
(
    [user_id] => guest_xs4wcgktx
    [action] => check_unread
)

[2026-01-13 03:29:36] Database connection successful
[2026-01-13 03:29:36] Action received
Data: check_unread
[2026-01-13 03:29:38] Incoming request
Data: Array
(
    [user_id] => guest_xs4wcgktx
    [last_time] => 2026-01-12T19:26:55.000Z
    [action] => fetch
)

[2026-01-13 03:29:38] Database connection successful
[2026-01-13 03:29:38] Action received
Data: fetch
[2026-01-13 03:29:39] Incoming request
Data: Array
(
    [user_id] => guest_xs4wcgktx
    [action] => check_unread
)

[2026-01-13 03:29:39] Database connection successful
[2026-01-13 03:29:39] Action received
Data: check_unread
[2026-01-13 03:29:41] Incoming request
Data: Array
(
    [user_id] => guest_xs4wcgktx
    [last_time] => 2026-01-12T19:26:55.000Z
    [action] => fetch
)

[2026-01-13 03:29:41] Database connection successful
[2026-01-13 03:29:41] Action received
Data: fetch
[2026-01-13 03:29:42] Incoming request
Data: Array
(
    [user_id] => guest_xs4wcgktx
    [action] => check_unread
)

[2026-01-13 03:29:42] Database connection successful
[2026-01-13 03:29:42] Action received
Data: check_unread
[2026-01-13 03:29:44] Incoming request
Data: Array
(
    [user_id] => guest_xs4wcgktx
    [last_time] => 2026-01-12T19:26:55.000Z
    [action] => fetch
)

[2026-01-13 03:29:44] Database connection successful
[2026-01-13 03:29:44] Action received
Data: fetch
[2026-01-13 03:29:45] Incoming request
Data: Array
(
    [user_id] => guest_xs4wcgktx
    [action] => check_unread
)

[2026-01-13 03:29:45] Database connection successful
[2026-01-13 03:29:45] Action received
Data: check_unread
[2026-01-13 03:29:47] Incoming request
Data: Array
(
    [user_id] => guest_xs4wcgktx
    [last_time] => 2026-01-12T19:26:55.000Z
    [action] => fetch
)

[2026-01-13 03:29:47] Database connection successful
[2026-01-13 03:29:47] Action received
Data: fetch
[2026-01-13 03:29:47] Incoming request
Data: Array
(
    [action] => check_unread
)

[2026-01-13 03:29:47] Database connection successful
[2026-01-13 03:29:47] Action received
Data: check_unread
[2026-01-13 03:29:47] Incoming request
Data: Array
(
    [action] => check_unread
)

[2026-01-13 03:29:47] Database connection successful
[2026-01-13 03:29:47] Action received
Data: check_unread
[2026-01-13 03:29:48] Incoming request
Data: Array
(
    [user_id] => guest_xs4wcgktx
    [action] => check_unread
)

[2026-01-13 03:29:48] Database connection successful
[2026-01-13 03:29:48] Action received
Data: check_unread
[2026-01-13 03:29:50] Incoming request
Data: Array
(
    [user_id] => guest_xs4wcgktx
    [last_time] => 2026-01-12T19:26:55.000Z
    [action] => fetch
)

[2026-01-13 03:29:50] Database connection successful
[2026-01-13 03:29:50] Action received
Data: fetch
[2026-01-13 03:29:50] Incoming request
Data: Array
(
    [user_id] => guest_xs4wcgktx
    [action] => check_unread
)

[2026-01-13 03:29:50] Database connection successful
[2026-01-13 03:29:50] Action received
Data: check_unread
[2026-01-13 03:29:51] Incoming request
Data: Array
(
    [user_id] => guest_xs4wcgktx
    [action] => check_unread
)

[2026-01-13 03:29:51] Database connection successful
[2026-01-13 03:29:51] Action received
Data: check_unread
[2026-01-13 03:29:53] Incoming request
Data: Array
(
    [user_id] => guest_xs4wcgktx
    [last_time] => 2026-01-12T19:26:55.000Z
    [action] => fetch
)

[2026-01-13 03:29:53] Database connection successful
[2026-01-13 03:29:53] Action received
Data: fetch
[2026-01-13 03:29:54] Incoming request
Data: Array
(
    [user_id] => guest_xs4wcgktx
    [action] => check_unread
)

[2026-01-13 03:29:54] Database connection successful
[2026-01-13 03:29:54] Action received
Data: check_unread
[2026-01-13 03:29:56] Incoming request
Data: Array
(
    [user_id] => guest_xs4wcgktx
    [last_time] => 2026-01-12T19:26:55.000Z
    [action] => fetch
)

[2026-01-13 03:29:56] Database connection successful
[2026-01-13 03:29:56] Action received
Data: fetch
[2026-01-13 03:29:57] Incoming request
Data: Array
(
    [user_id] => guest_xs4wcgktx
    [action] => check_unread
)

[2026-01-13 03:29:57] Database connection successful
[2026-01-13 03:29:57] Action received
Data: check_unread
[2026-01-13 03:29:59] Incoming request
Data: Array
(
    [user_id] => guest_xs4wcgktx
    [last_time] => 2026-01-12T19:26:55.000Z
    [action] => fetch
)

[2026-01-13 03:29:59] Database connection successful
[2026-01-13 03:29:59] Action received
Data: fetch
[2026-01-13 03:30:00] Incoming request
Data: Array
(
    [user_id] => guest_xs4wcgktx
    [action] => check_unread
)

[2026-01-13 03:30:00] Database connection successful
[2026-01-13 03:30:00] Action received
Data: check_unread
[2026-01-13 03:30:02] Incoming request
Data: Array
(
    [user_id] => guest_xs4wcgktx
    [last_time] => 2026-01-12T19:26:55.000Z
    [action] => fetch
)

[2026-01-13 03:30:02] Database connection successful
[2026-01-13 03:30:02] Action received
Data: fetch
[2026-01-13 03:30:03] Incoming request
Data: Array
(
    [user_id] => guest_xs4wcgktx
    [action] => check_unread
)

[2026-01-13 03:30:03] Database connection successful
[2026-01-13 03:30:03] Action received
Data: check_unread
[2026-01-13 03:30:05] Incoming request
Data: Array
(
    [user_id] => guest_xs4wcgktx
    [last_time] => 2026-01-12T19:26:55.000Z
    [action] => fetch
)

[2026-01-13 03:30:05] Database connection successful
[2026-01-13 03:30:05] Action received
Data: fetch
[2026-01-13 03:30:06] Incoming request
Data: Array
(
    [user_id] => guest_xs4wcgktx
    [action] => check_unread
)

[2026-01-13 03:30:06] Database connection successful
[2026-01-13 03:30:06] Action received
Data: check_unread
[2026-01-13 03:30:08] Incoming request
Data: Array
(
    [user_id] => guest_xs4wcgktx
    [last_time] => 2026-01-12T19:26:55.000Z
    [action] => fetch
)

[2026-01-13 03:30:09] Database connection successful
[2026-01-13 03:30:09] Action received
Data: fetch
[2026-01-13 03:30:09] Incoming request
Data: Array
(
    [user_id] => guest_xs4wcgktx
    [action] => check_unread
)

[2026-01-13 03:30:09] Database connection successful
[2026-01-13 03:30:09] Action received
Data: check_unread
[2026-01-13 03:30:36] Incoming request
Data: Array
(
    [user_id] => guest_xs4wcgktx
    [last_time] => 2026-01-12T19:26:55.000Z
    [action] => fetch
)

[2026-01-13 03:30:36] Database connection successful
[2026-01-13 03:30:36] Action received
Data: fetch
[2026-01-13 03:30:36] Incoming request
Data: Array
(
    [action] => check_unread
)

[2026-01-13 03:30:36] Database connection successful
[2026-01-13 03:30:36] Action received
Data: check_unread
[2026-01-13 03:30:36] Incoming request
Data: Array
(
    [action] => check_unread
)

[2026-01-13 03:30:36] Database connection successful
[2026-01-13 03:30:36] Action received
Data: check_unread
[2026-01-13 03:30:36] Incoming request
Data: Array
(
    [user_id] => guest_xs4wcgktx
    [action] => check_unread
)

[2026-01-13 03:30:36] Database connection successful
[2026-01-13 03:30:36] Action received
Data: check_unread
[2026-01-13 03:30:38] Incoming request
Data: Array
(
    [user_id] => guest_xs4wcgktx
    [action] => check_unread
)

[2026-01-13 03:30:38] Database connection successful
[2026-01-13 03:30:38] Action received
Data: check_unread
[2026-01-13 03:31:36] Incoming request
Data: Array
(
    [action] => check_unread
)

[2026-01-13 03:31:36] Database connection successful
[2026-01-13 03:31:36] Action received
Data: check_unread
[2026-01-13 03:31:36] Incoming request
Data: Array
(
    [user_id] => guest_xs4wcgktx
    [action] => check_unread
)

[2026-01-13 03:31:36] Database connection successful
[2026-01-13 03:31:36] Action received
Data: check_unread
[2026-01-13 03:31:36] Incoming request
Data: Array
(
    [action] => check_unread
)

[2026-01-13 03:31:36] Database connection successful
[2026-01-13 03:31:36] Action received
Data: check_unread
[2026-01-13 03:31:36] Incoming request
Data: Array
(
    [user_id] => guest_xs4wcgktx
    [last_time] => 2026-01-12T19:26:55.000Z
    [action] => fetch
)

[2026-01-13 03:31:36] Database connection successful
[2026-01-13 03:31:36] Action received
Data: fetch
[2026-01-13 03:31:37] Incoming request
Data: Array
(
    [user_id] => guest_xs4wcgktx
    [action] => check_unread
)

[2026-01-13 03:31:37] Database connection successful
[2026-01-13 03:31:37] Action received
Data: check_unread
[2026-01-13 03:31:51] Incoming request
Data: Array
(
    [action] => check_unread
)

[2026-01-13 03:31:51] Database connection successful
[2026-01-13 03:31:51] Action received
Data: check_unread
[2026-01-13 03:31:51] Incoming request
Data: Array
(
    [user_id] => guest_xs4wcgktx
    [action] => check_unread
)

[2026-01-13 03:31:51] Database connection successful
[2026-01-13 03:31:51] Action received
Data: check_unread
[2026-01-13 03:31:51] Incoming request
Data: Array
(
    [user_id] => guest_xs4wcgktx
    [last_time] => 2026-01-12T19:26:55.000Z
    [action] => fetch
)

[2026-01-13 03:31:51] Database connection successful
[2026-01-13 03:31:51] Action received
Data: fetch
[2026-01-13 03:31:51] Incoming request
Data: Array
(
    [action] => check_unread
)

[2026-01-13 03:31:51] Database connection successful
[2026-01-13 03:31:51] Action received
Data: check_unread
[2026-01-13 03:31:52] Incoming request
Data: Array
(
    [user_id] => guest_xs4wcgktx
    [action] => check_unread
)

[2026-01-13 03:31:52] Database connection successful
[2026-01-13 03:31:52] Action received
Data: check_unread
[2026-01-13 03:31:53] Incoming request
Data: Array
(
    [user_id] => guest_xs4wcgktx
    [last_time] => 2026-01-12T19:26:55.000Z
    [action] => fetch
)

[2026-01-13 03:31:53] Database connection successful
[2026-01-13 03:31:53] Action received
Data: fetch
[2026-01-13 03:31:53] Incoming request
Data: Array
(
    [user_id] => guest_xs4wcgktx
    [action] => check_unread
)

[2026-01-13 03:31:53] Database connection successful
[2026-01-13 03:31:53] Action received
Data: check_unread
[2026-01-13 03:31:56] Incoming request
Data: Array
(
    [user_id] => guest_xs4wcgktx
    [last_time] => 2026-01-12T19:26:55.000Z
    [action] => fetch
)

[2026-01-13 03:31:56] Database connection successful
[2026-01-13 03:31:56] Action received
Data: fetch
[2026-01-13 03:31:57] Incoming request
Data: Array
(
    [user_id] => guest_xs4wcgktx
    [action] => check_unread
)

[2026-01-13 03:31:57] Database connection successful
[2026-01-13 03:31:57] Action received
Data: check_unread
[2026-01-13 03:31:59] Incoming request
Data: Array
(
    [user_id] => guest_xs4wcgktx
    [last_time] => 2026-01-12T19:26:55.000Z
    [action] => fetch
)

[2026-01-13 03:31:59] Database connection successful
[2026-01-13 03:31:59] Action received
Data: fetch
[2026-01-13 03:31:59] Incoming request
Data: Array
(
    [user_id] => guest_xs4wcgktx
    [action] => check_unread
)

[2026-01-13 03:31:59] Database connection successful
[2026-01-13 03:31:59] Action received
Data: check_unread
[2026-01-13 03:32:02] Incoming request
Data: Array
(
    [user_id] => guest_xs4wcgktx
    [last_time] => 2026-01-12T19:26:55.000Z
    [action] => fetch
)

[2026-01-13 03:32:02] Database connection successful
[2026-01-13 03:32:02] Action received
Data: fetch
[2026-01-13 03:32:02] Incoming request
Data: Array
(
    [user_id] => guest_xs4wcgktx
    [action] => check_unread
)

[2026-01-13 03:32:02] Database connection successful
[2026-01-13 03:32:02] Action received
Data: check_unread
[2026-01-13 03:32:05] Incoming request
Data: Array
(
    [user_id] => guest_xs4wcgktx
    [last_time] => 2026-01-12T19:26:55.000Z
    [action] => fetch
)

[2026-01-13 03:32:05] Database connection successful
[2026-01-13 03:32:05] Action received
Data: fetch
[2026-01-13 03:32:06] Incoming request
Data: Array
(
    [user_id] => guest_xs4wcgktx
    [action] => check_unread
)

[2026-01-13 03:32:06] Database connection successful
[2026-01-13 03:32:06] Action received
Data: check_unread
[2026-01-13 03:32:08] Incoming request
Data: Array
(
    [user_id] => guest_xs4wcgktx
    [last_time] => 2026-01-12T19:26:55.000Z
    [action] => fetch
)

[2026-01-13 03:32:08] Database connection successful
[2026-01-13 03:32:08] Action received
Data: fetch
[2026-01-13 03:32:09] Incoming request
Data: Array
(
    [user_id] => guest_xs4wcgktx
    [action] => check_unread
)

[2026-01-13 03:32:09] Database connection successful
[2026-01-13 03:32:09] Action received
Data: check_unread
[2026-01-13 03:32:11] Incoming request
Data: Array
(
    [user_id] => guest_xs4wcgktx
    [last_time] => 2026-01-12T19:26:55.000Z
    [action] => fetch
)

[2026-01-13 03:32:11] Database connection successful
[2026-01-13 03:32:11] Action received
Data: fetch
[2026-01-13 03:32:11] Incoming request
Data: Array
(
    [user_id] => guest_xs4wcgktx
    [action] => check_unread
)

[2026-01-13 03:32:11] Database connection successful
[2026-01-13 03:32:11] Action received
Data: check_unread
[2026-01-13 03:32:14] Incoming request
Data: Array
(
    [user_id] => guest_xs4wcgktx
    [last_time] => 2026-01-12T19:26:55.000Z
    [action] => fetch
)

[2026-01-13 03:32:14] Database connection successful
[2026-01-13 03:32:14] Action received
Data: fetch
[2026-01-13 03:32:14] Incoming request
Data: Array
(
    [user_id] => guest_xs4wcgktx
    [action] => check_unread
)

[2026-01-13 03:32:14] Database connection successful
[2026-01-13 03:32:14] Action received
Data: check_unread
[2026-01-13 03:32:17] Incoming request
Data: Array
(
    [user_id] => guest_xs4wcgktx
    [last_time] => 2026-01-12T19:26:55.000Z
    [action] => fetch
)

[2026-01-13 03:32:17] Database connection successful
[2026-01-13 03:32:17] Action received
Data: fetch
[2026-01-13 03:32:17] Incoming request
Data: Array
(
    [action] => check_unread
)

[2026-01-13 03:32:17] Database connection successful
[2026-01-13 03:32:17] Action received
Data: check_unread
[2026-01-13 03:32:17] Incoming request
Data: Array
(
    [action] => check_unread
)

[2026-01-13 03:32:17] Database connection successful
[2026-01-13 03:32:17] Action received
Data: check_unread
[2026-01-13 03:32:17] Incoming request
Data: Array
(
    [user_id] => guest_xs4wcgktx
    [action] => check_unread
)

[2026-01-13 03:32:17] Database connection successful
[2026-01-13 03:32:17] Action received
Data: check_unread
[2026-01-13 03:32:20] Incoming request
Data: Array
(
    [user_id] => guest_xs4wcgktx
    [action] => check_unread
)

[2026-01-13 03:32:20] Database connection successful
[2026-01-13 03:32:20] Action received
Data: check_unread
[2026-01-13 03:32:20] Incoming request
Data: Array
(
    [user_id] => guest_xs4wcgktx
    [last_time] => 2026-01-12T19:26:55.000Z
    [action] => fetch
)

[2026-01-13 03:32:20] Database connection successful
[2026-01-13 03:32:20] Action received
Data: fetch
[2026-01-13 03:32:20] Incoming request
Data: Array
(
    [user_id] => guest_xs4wcgktx
    [action] => check_unread
)

[2026-01-13 03:32:20] Database connection successful
[2026-01-13 03:32:20] Action received
Data: check_unread
[2026-01-13 03:32:23] Incoming request
Data: Array
(
    [user_id] => guest_xs4wcgktx
    [last_time] => 2026-01-12T19:26:55.000Z
    [action] => fetch
)

[2026-01-13 03:32:23] Database connection successful
[2026-01-13 03:32:23] Action received
Data: fetch
[2026-01-13 03:32:23] Incoming request
Data: Array
(
    [user_id] => guest_xs4wcgktx
    [action] => check_unread
)

[2026-01-13 03:32:23] Database connection successful
[2026-01-13 03:32:23] Action received
Data: check_unread
[2026-01-13 03:32:26] Incoming request
Data: Array
(
    [user_id] => guest_xs4wcgktx
    [last_time] => 2026-01-12T19:26:55.000Z
    [action] => fetch
)

[2026-01-13 03:32:26] Database connection successful
[2026-01-13 03:32:26] Action received
Data: fetch
[2026-01-13 03:32:26] Incoming request
Data: Array
(
    [user_id] => guest_xs4wcgktx
    [action] => check_unread
)

[2026-01-13 03:32:26] Database connection successful
[2026-01-13 03:32:26] Action received
Data: check_unread
[2026-01-13 03:32:29] Incoming request
Data: Array
(
    [user_id] => guest_xs4wcgktx
    [last_time] => 2026-01-12T19:26:55.000Z
    [action] => fetch
)

[2026-01-13 03:32:29] Database connection successful
[2026-01-13 03:32:29] Action received
Data: fetch
[2026-01-13 03:32:29] Incoming request
Data: Array
(
    [user_id] => guest_xs4wcgktx
    [action] => check_unread
)

[2026-01-13 03:32:29] Database connection successful
[2026-01-13 03:32:29] Action received
Data: check_unread
[2026-01-13 03:32:32] Incoming request
Data: Array
(
    [user_id] => guest_xs4wcgktx
    [last_time] => 2026-01-12T19:26:55.000Z
    [action] => fetch
)

[2026-01-13 03:32:32] Database connection successful
[2026-01-13 03:32:32] Action received
Data: fetch
[2026-01-13 03:32:32] Incoming request
Data: Array
(
    [user_id] => guest_xs4wcgktx
    [action] => check_unread
)

[2026-01-13 03:32:32] Database connection successful
[2026-01-13 03:32:32] Action received
Data: check_unread
[2026-01-13 03:32:35] Incoming request
Data: Array
(
    [user_id] => guest_xs4wcgktx
    [last_time] => 2026-01-12T19:26:55.000Z
    [action] => fetch
)

[2026-01-13 03:32:35] Database connection successful
[2026-01-13 03:32:35] Action received
Data: fetch
[2026-01-13 03:32:35] Incoming request
Data: Array
(
    [user_id] => guest_xs4wcgktx
    [action] => check_unread
)

[2026-01-13 03:32:37] Database connection successful
[2026-01-13 03:32:37] Action received
Data: check_unread
[2026-01-13 03:32:38] Incoming request
Data: Array
(
    [user_id] => guest_xs4wcgktx
    [last_time] => 2026-01-12T19:26:55.000Z
    [action] => fetch
)

[2026-01-13 03:32:38] Database connection successful
[2026-01-13 03:32:38] Action received
Data: fetch
[2026-01-13 03:32:38] Incoming request
Data: Array
(
    [user_id] => guest_xs4wcgktx
    [action] => check_unread
)

[2026-01-13 03:32:38] Database connection successful
[2026-01-13 03:32:38] Action received
Data: check_unread
[2026-01-13 03:32:41] Incoming request
Data: Array
(
    [user_id] => guest_xs4wcgktx
    [last_time] => 2026-01-12T19:26:55.000Z
    [action] => fetch
)

[2026-01-13 03:32:41] Database connection successful
[2026-01-13 03:32:41] Action received
Data: fetch
[2026-01-13 03:32:42] Incoming request
Data: Array
(
    [user_id] => guest_xs4wcgktx
    [action] => check_unread
)

[2026-01-13 03:32:42] Database connection successful
[2026-01-13 03:32:42] Action received
Data: check_unread
[2026-01-13 03:32:44] Incoming request
Data: Array
(
    [user_id] => guest_xs4wcgktx
    [last_time] => 2026-01-12T19:26:55.000Z
    [action] => fetch
)

[2026-01-13 03:32:44] Database connection successful
[2026-01-13 03:32:44] Action received
Data: fetch
[2026-01-13 03:32:44] Incoming request
Data: Array
(
    [user_id] => guest_xs4wcgktx
    [action] => check_unread
)

[2026-01-13 03:32:44] Database connection successful
[2026-01-13 03:32:44] Action received
Data: check_unread
[2026-01-13 03:32:47] Incoming request
Data: Array
(
    [user_id] => guest_xs4wcgktx
    [last_time] => 2026-01-12T19:26:55.000Z
    [action] => fetch
)

[2026-01-13 03:32:47] Database connection successful
[2026-01-13 03:32:47] Action received
Data: fetch
[2026-01-13 03:32:47] Incoming request
Data: Array
(
    [action] => check_unread
)

[2026-01-13 03:32:47] Database connection successful
[2026-01-13 03:32:47] Action received
Data: check_unread
[2026-01-13 03:32:47] Incoming request
Data: Array
(
    [action] => check_unread
)

[2026-01-13 03:32:47] Database connection successful
[2026-01-13 03:32:47] Action received
Data: check_unread
[2026-01-13 03:32:47] Incoming request
Data: Array
(
    [user_id] => guest_xs4wcgktx
    [action] => check_unread
)

[2026-01-13 03:32:47] Database connection successful
[2026-01-13 03:32:47] Action received
Data: check_unread
[2026-01-13 03:32:50] Incoming request
Data: Array
(
    [user_id] => guest_xs4wcgktx
    [last_time] => 2026-01-12T19:26:55.000Z
    [action] => fetch
)

[2026-01-13 03:32:50] Database connection successful
[2026-01-13 03:32:50] Action received
Data: fetch
[2026-01-13 03:32:50] Incoming request
Data: Array
(
    [user_id] => guest_xs4wcgktx
    [action] => check_unread
)

[2026-01-13 03:32:50] Database connection successful
[2026-01-13 03:32:50] Action received
Data: check_unread
[2026-01-13 03:32:51] Incoming request
Data: Array
(
    [user_id] => guest_xs4wcgktx
    [action] => check_unread
)

[2026-01-13 03:32:51] Database connection successful
[2026-01-13 03:32:51] Action received
Data: check_unread
[2026-01-13 03:32:53] Incoming request
Data: Array
(
    [user_id] => guest_xs4wcgktx
    [last_time] => 2026-01-12T19:26:55.000Z
    [action] => fetch
)

[2026-01-13 03:32:53] Database connection successful
[2026-01-13 03:32:53] Action received
Data: fetch
[2026-01-13 03:32:53] Incoming request
Data: Array
(
    [user_id] => guest_xs4wcgktx
    [action] => check_unread
)

[2026-01-13 03:32:53] Database connection successful
[2026-01-13 03:32:53] Action received
Data: check_unread
[2026-01-13 03:32:56] Incoming request
Data: Array
(
    [user_id] => guest_xs4wcgktx
    [last_time] => 2026-01-12T19:26:55.000Z
    [action] => fetch
)

[2026-01-13 03:32:57] Database connection successful
[2026-01-13 03:32:57] Action received
Data: fetch
[2026-01-13 03:32:58] Incoming request
Data: Array
(
    [user_id] => guest_xs4wcgktx
    [action] => check_unread
)

[2026-01-13 03:32:58] Database connection successful
[2026-01-13 03:32:58] Action received
Data: check_unread
[2026-01-13 03:32:59] Incoming request
Data: Array
(
    [user_id] => guest_xs4wcgktx
    [last_time] => 2026-01-12T19:26:55.000Z
    [action] => fetch
)

[2026-01-13 03:32:59] Database connection successful
[2026-01-13 03:32:59] Action received
Data: fetch
[2026-01-13 03:32:59] Incoming request
Data: Array
(
    [user_id] => guest_xs4wcgktx
    [action] => check_unread
)

[2026-01-13 03:32:59] Database connection successful
[2026-01-13 03:32:59] Action received
Data: check_unread
[2026-01-13 03:33:02] Incoming request
Data: Array
(
    [user_id] => guest_xs4wcgktx
    [last_time] => 2026-01-12T19:26:55.000Z
    [action] => fetch
)

[2026-01-13 03:33:02] Database connection successful
[2026-01-13 03:33:02] Action received
Data: fetch
[2026-01-13 03:33:02] Incoming request
Data: Array
(
    [user_id] => guest_xs4wcgktx
    [action] => check_unread
)

[2026-01-13 03:33:02] Database connection successful
[2026-01-13 03:33:02] Action received
Data: check_unread
[2026-01-13 03:33:05] Incoming request
Data: Array
(
    [user_id] => guest_xs4wcgktx
    [last_time] => 2026-01-12T19:26:55.000Z
    [action] => fetch
)

[2026-01-13 03:33:05] Database connection successful
[2026-01-13 03:33:05] Action received
Data: fetch
[2026-01-13 03:33:05] Incoming request
Data: Array
(
    [user_id] => guest_xs4wcgktx
    [action] => check_unread
)

[2026-01-13 03:33:05] Database connection successful
[2026-01-13 03:33:05] Action received
Data: check_unread
[2026-01-13 03:33:08] Incoming request
Data: Array
(
    [user_id] => guest_xs4wcgktx
    [last_time] => 2026-01-12T19:26:55.000Z
    [action] => fetch
)

[2026-01-13 03:33:08] Database connection successful
[2026-01-13 03:33:08] Action received
Data: fetch
[2026-01-13 03:33:08] Incoming request
Data: Array
(
    [user_id] => guest_xs4wcgktx
    [action] => check_unread
)

[2026-01-13 03:33:08] Database connection successful
[2026-01-13 03:33:08] Action received
Data: check_unread
[2026-01-13 03:33:11] Incoming request
Data: Array
(
    [user_id] => guest_xs4wcgktx
    [last_time] => 2026-01-12T19:26:55.000Z
    [action] => fetch
)

[2026-01-13 03:33:11] Database connection successful
[2026-01-13 03:33:11] Action received
Data: fetch
[2026-01-13 03:33:11] Incoming request
Data: Array
(
    [user_id] => guest_xs4wcgktx
    [action] => check_unread
)

[2026-01-13 03:33:11] Database connection successful
[2026-01-13 03:33:11] Action received
Data: check_unread
[2026-01-13 03:33:14] Incoming request
Data: Array
(
    [user_id] => guest_xs4wcgktx
    [last_time] => 2026-01-12T19:26:55.000Z
    [action] => fetch
)

[2026-01-13 03:33:14] Database connection successful
[2026-01-13 03:33:14] Action received
Data: fetch
[2026-01-13 03:33:14] Incoming request
Data: Array
(
    [user_id] => guest_xs4wcgktx
    [action] => check_unread
)

[2026-01-13 03:33:14] Database connection successful
[2026-01-13 03:33:14] Action received
Data: check_unread
[2026-01-13 03:33:17] Incoming request
Data: Array
(
    [user_id] => guest_xs4wcgktx
    [last_time] => 2026-01-12T19:26:55.000Z
    [action] => fetch
)

[2026-01-13 03:33:17] Database connection successful
[2026-01-13 03:33:17] Action received
Data: fetch
[2026-01-13 03:33:17] Incoming request
Data: Array
(
    [action] => check_unread
)

[2026-01-13 03:33:17] Database connection successful
[2026-01-13 03:33:17] Action received
Data: check_unread
[2026-01-13 03:33:17] Incoming request
Data: Array
(
    [action] => check_unread
)

[2026-01-13 03:33:17] Database connection successful
[2026-01-13 03:33:17] Action received
Data: check_unread
[2026-01-13 03:33:17] Incoming request
Data: Array
(
    [user_id] => guest_xs4wcgktx
    [action] => check_unread
)

[2026-01-13 03:33:17] Database connection successful
[2026-01-13 03:33:17] Action received
Data: check_unread
[2026-01-13 03:33:20] Incoming request
Data: Array
(
    [user_id] => guest_xs4wcgktx
    [last_time] => 2026-01-12T19:26:55.000Z
    [action] => fetch
)

[2026-01-13 03:33:22] Database connection successful
[2026-01-13 03:33:22] Action received
Data: fetch
[2026-01-13 03:33:22] Incoming request
Data: Array
(
    [user_id] => guest_xs4wcgktx
    [action] => check_unread
)

[2026-01-13 03:33:22] Database connection successful
[2026-01-13 03:33:22] Action received
Data: check_unread
[2026-01-13 03:33:23] Incoming request
Data: Array
(
    [user_id] => guest_xs4wcgktx
    [last_time] => 2026-01-12T19:26:55.000Z
    [action] => fetch
)

[2026-01-13 03:33:23] Database connection successful
[2026-01-13 03:33:23] Action received
Data: fetch
[2026-01-13 03:33:23] Incoming request
Data: Array
(
    [user_id] => guest_xs4wcgktx
    [action] => check_unread
)

[2026-01-13 03:33:23] Database connection successful
[2026-01-13 03:33:23] Action received
Data: check_unread
[2026-01-13 03:33:23] Incoming request
Data: Array
(
    [user_id] => guest_xs4wcgktx
    [action] => check_unread
)

[2026-01-13 03:33:23] Database connection successful
[2026-01-13 03:33:23] Action received
Data: check_unread
[2026-01-13 03:33:26] Incoming request
Data: Array
(
    [user_id] => guest_xs4wcgktx
    [last_time] => 2026-01-12T19:26:55.000Z
    [action] => fetch
)

[2026-01-13 03:33:26] Database connection successful
[2026-01-13 03:33:26] Action received
Data: fetch
[2026-01-13 03:33:26] Incoming request
Data: Array
(
    [user_id] => guest_xs4wcgktx
    [action] => check_unread
)

[2026-01-13 03:33:26] Database connection successful
[2026-01-13 03:33:26] Action received
Data: check_unread
[2026-01-13 03:33:29] Incoming request
Data: Array
(
    [user_id] => guest_xs4wcgktx
    [last_time] => 2026-01-12T19:26:55.000Z
    [action] => fetch
)

[2026-01-13 03:33:29] Database connection successful
[2026-01-13 03:33:29] Action received
Data: fetch
[2026-01-13 03:33:29] Incoming request
Data: Array
(
    [user_id] => guest_xs4wcgktx
    [action] => check_unread
)

[2026-01-13 03:33:29] Database connection successful
[2026-01-13 03:33:29] Action received
Data: check_unread
[2026-01-13 03:33:32] Incoming request
Data: Array
(
    [user_id] => guest_xs4wcgktx
    [last_time] => 2026-01-12T19:26:55.000Z
    [action] => fetch
)

[2026-01-13 03:33:32] Database connection successful
[2026-01-13 03:33:32] Action received
Data: fetch
[2026-01-13 03:33:32] Incoming request
Data: Array
(
    [user_id] => guest_xs4wcgktx
    [action] => check_unread
)

[2026-01-13 03:33:32] Database connection successful
[2026-01-13 03:33:32] Action received
Data: check_unread
[2026-01-13 03:33:35] Incoming request
Data: Array
(
    [user_id] => guest_xs4wcgktx
    [last_time] => 2026-01-12T19:26:55.000Z
    [action] => fetch
)

[2026-01-13 03:33:35] Database connection successful
[2026-01-13 03:33:35] Action received
Data: fetch
[2026-01-13 03:33:36] Incoming request
Data: Array
(
    [user_id] => guest_xs4wcgktx
    [action] => check_unread
)

[2026-01-13 03:33:36] Database connection successful
[2026-01-13 03:33:36] Action received
Data: check_unread
[2026-01-13 03:33:38] Incoming request
Data: Array
(
    [user_id] => guest_xs4wcgktx
    [last_time] => 2026-01-12T19:26:55.000Z
    [action] => fetch
)

[2026-01-13 03:33:38] Database connection successful
[2026-01-13 03:33:38] Action received
Data: fetch
[2026-01-13 03:33:38] Incoming request
Data: Array
(
    [user_id] => guest_xs4wcgktx
    [action] => check_unread
)

[2026-01-13 03:33:38] Database connection successful
[2026-01-13 03:33:38] Action received
Data: check_unread
[2026-01-13 03:33:41] Incoming request
Data: Array
(
    [user_id] => guest_xs4wcgktx
    [last_time] => 2026-01-12T19:26:55.000Z
    [action] => fetch
)

[2026-01-13 03:33:41] Database connection successful
[2026-01-13 03:33:41] Action received
Data: fetch
[2026-01-13 03:33:42] Incoming request
Data: Array
(
    [user_id] => guest_xs4wcgktx
    [action] => check_unread
)

[2026-01-13 03:33:42] Database connection successful
[2026-01-13 03:33:42] Action received
Data: check_unread
[2026-01-13 03:33:44] Incoming request
Data: Array
(
    [user_id] => guest_xs4wcgktx
    [last_time] => 2026-01-12T19:26:55.000Z
    [action] => fetch
)

[2026-01-13 03:33:44] Database connection successful
[2026-01-13 03:33:44] Action received
Data: fetch
[2026-01-13 03:33:45] Incoming request
Data: Array
(
    [user_id] => guest_xs4wcgktx
    [action] => check_unread
)

[2026-01-13 03:33:45] Database connection successful
[2026-01-13 03:33:45] Action received
Data: check_unread
[2026-01-13 03:33:47] Incoming request
Data: Array
(
    [action] => check_unread
)

[2026-01-13 03:33:47] Database connection successful
[2026-01-13 03:33:47] Action received
Data: check_unread
[2026-01-13 03:33:47] Incoming request
Data: Array
(
    [user_id] => guest_xs4wcgktx
    [last_time] => 2026-01-12T19:26:55.000Z
    [action] => fetch
)

[2026-01-13 03:33:47] Database connection successful
[2026-01-13 03:33:47] Action received
Data: fetch
[2026-01-13 03:33:47] Incoming request
Data: Array
(
    [action] => check_unread
)

[2026-01-13 03:33:47] Database connection successful
[2026-01-13 03:33:47] Action received
Data: check_unread
[2026-01-13 03:33:48] Incoming request
Data: Array
(
    [user_id] => guest_xs4wcgktx
    [action] => check_unread
)

[2026-01-13 03:33:48] Database connection successful
[2026-01-13 03:33:48] Action received
Data: check_unread
[2026-01-13 03:33:50] Incoming request
Data: Array
(
    [user_id] => guest_xs4wcgktx
    [last_time] => 2026-01-12T19:26:55.000Z
    [action] => fetch
)

[2026-01-13 03:33:50] Database connection successful
[2026-01-13 03:33:50] Action received
Data: fetch
[2026-01-13 03:33:50] Incoming request
Data: Array
(
    [user_id] => guest_xs4wcgktx
    [action] => check_unread
)

[2026-01-13 03:33:50] Database connection successful
[2026-01-13 03:33:50] Action received
Data: check_unread
[2026-01-13 03:33:51] Incoming request
Data: Array
(
    [user_id] => guest_xs4wcgktx
    [action] => check_unread
)

[2026-01-13 03:33:51] Database connection successful
[2026-01-13 03:33:51] Action received
Data: check_unread
[2026-01-13 03:33:53] Incoming request
Data: Array
(
    [user_id] => guest_xs4wcgktx
    [last_time] => 2026-01-12T19:26:55.000Z
    [action] => fetch
)

[2026-01-13 03:33:53] Database connection successful
[2026-01-13 03:33:53] Action received
Data: fetch
[2026-01-13 03:33:54] Incoming request
Data: Array
(
    [user_id] => guest_xs4wcgktx
    [action] => check_unread
)

[2026-01-13 03:33:54] Database connection successful
[2026-01-13 03:33:54] Action received
Data: check_unread
[2026-01-13 03:33:56] Incoming request
Data: Array
(
    [user_id] => guest_xs4wcgktx
    [last_time] => 2026-01-12T19:26:55.000Z
    [action] => fetch
)

[2026-01-13 03:33:56] Database connection successful
[2026-01-13 03:33:56] Action received
Data: fetch
[2026-01-13 03:33:57] Incoming request
Data: Array
(
    [user_id] => guest_xs4wcgktx
    [action] => check_unread
)

[2026-01-13 03:33:57] Database connection successful
[2026-01-13 03:33:57] Action received
Data: check_unread
[2026-01-13 03:33:59] Incoming request
Data: Array
(
    [user_id] => guest_xs4wcgktx
    [last_time] => 2026-01-12T19:26:55.000Z
    [action] => fetch
)

[2026-01-13 03:33:59] Database connection successful
[2026-01-13 03:33:59] Action received
Data: fetch
[2026-01-13 03:34:00] Incoming request
Data: Array
(
    [user_id] => guest_xs4wcgktx
    [action] => check_unread
)

[2026-01-13 03:34:00] Database connection successful
[2026-01-13 03:34:00] Action received
Data: check_unread
[2026-01-13 03:34:02] Incoming request
Data: Array
(
    [user_id] => guest_xs4wcgktx
    [last_time] => 2026-01-12T19:26:55.000Z
    [action] => fetch
)

[2026-01-13 03:34:02] Database connection successful
[2026-01-13 03:34:02] Action received
Data: fetch
[2026-01-13 03:34:03] Incoming request
Data: Array
(
    [user_id] => guest_xs4wcgktx
    [action] => check_unread
)

[2026-01-13 03:34:03] Database connection successful
[2026-01-13 03:34:03] Action received
Data: check_unread
[2026-01-13 03:34:05] Incoming request
Data: Array
(
    [user_id] => guest_xs4wcgktx
    [last_time] => 2026-01-12T19:26:55.000Z
    [action] => fetch
)

[2026-01-13 03:34:05] Database connection successful
[2026-01-13 03:34:05] Action received
Data: fetch
[2026-01-13 03:34:06] Incoming request
Data: Array
(
    [user_id] => guest_xs4wcgktx
    [action] => check_unread
)

[2026-01-13 03:34:06] Database connection successful
[2026-01-13 03:34:06] Action received
Data: check_unread
[2026-01-13 03:34:08] Incoming request
Data: Array
(
    [user_id] => guest_xs4wcgktx
    [last_time] => 2026-01-12T19:26:55.000Z
    [action] => fetch
)

[2026-01-13 03:34:08] Database connection successful
[2026-01-13 03:34:08] Action received
Data: fetch
[2026-01-13 03:34:09] Incoming request
Data: Array
(
    [user_id] => guest_xs4wcgktx
    [action] => check_unread
)

[2026-01-13 03:34:09] Database connection successful
[2026-01-13 03:34:09] Action received
Data: check_unread
[2026-01-13 03:34:11] Incoming request
Data: Array
(
    [user_id] => guest_xs4wcgktx
    [last_time] => 2026-01-12T19:26:55.000Z
    [action] => fetch
)

[2026-01-13 03:34:11] Database connection successful
[2026-01-13 03:34:11] Action received
Data: fetch
[2026-01-13 03:34:12] Incoming request
Data: Array
(
    [user_id] => guest_xs4wcgktx
    [action] => check_unread
)

[2026-01-13 03:34:12] Database connection successful
[2026-01-13 03:34:12] Action received
Data: check_unread
[2026-01-13 03:34:14] Incoming request
Data: Array
(
    [user_id] => guest_xs4wcgktx
    [last_time] => 2026-01-12T19:26:55.000Z
    [action] => fetch
)

[2026-01-13 03:34:14] Database connection successful
[2026-01-13 03:34:14] Action received
Data: fetch
[2026-01-13 03:34:15] Incoming request
Data: Array
(
    [user_id] => guest_xs4wcgktx
    [action] => check_unread
)

[2026-01-13 03:34:15] Database connection successful
[2026-01-13 03:34:15] Action received
Data: check_unread
[2026-01-13 03:34:17] Incoming request
Data: Array
(
    [action] => check_unread
)

[2026-01-13 03:34:17] Database connection successful
[2026-01-13 03:34:17] Action received
Data: check_unread
[2026-01-13 03:34:17] Incoming request
Data: Array
(
    [action] => check_unread
)

[2026-01-13 03:34:17] Database connection successful
[2026-01-13 03:34:17] Action received
Data: check_unread
[2026-01-13 03:34:17] Incoming request
Data: Array
(
    [user_id] => guest_xs4wcgktx
    [last_time] => 2026-01-12T19:26:55.000Z
    [action] => fetch
)

[2026-01-13 03:34:17] Database connection successful
[2026-01-13 03:34:17] Action received
Data: fetch
[2026-01-13 03:34:18] Incoming request
Data: Array
(
    [user_id] => guest_xs4wcgktx
    [action] => check_unread
)

[2026-01-13 03:34:18] Database connection successful
[2026-01-13 03:34:18] Action received
Data: check_unread
[2026-01-13 03:34:20] Incoming request
Data: Array
(
    [user_id] => guest_xs4wcgktx
    [last_time] => 2026-01-12T19:26:55.000Z
    [action] => fetch
)

[2026-01-13 03:34:20] Database connection successful
[2026-01-13 03:34:20] Action received
Data: fetch
[2026-01-13 03:34:20] Incoming request
Data: Array
(
    [user_id] => guest_xs4wcgktx
    [action] => check_unread
)

[2026-01-13 03:34:20] Database connection successful
[2026-01-13 03:34:20] Action received
Data: check_unread
[2026-01-13 03:34:21] Incoming request
Data: Array
(
    [user_id] => guest_xs4wcgktx
    [action] => check_unread
)

[2026-01-13 03:34:21] Database connection successful
[2026-01-13 03:34:21] Action received
Data: check_unread
[2026-01-13 03:34:23] Incoming request
Data: Array
(
    [user_id] => guest_xs4wcgktx
    [last_time] => 2026-01-12T19:26:55.000Z
    [action] => fetch
)

[2026-01-13 03:34:23] Database connection successful
[2026-01-13 03:34:23] Action received
Data: fetch
[2026-01-13 03:34:23] Incoming request
Data: Array
(
    [user_id] => guest_xs4wcgktx
    [action] => check_unread
)

[2026-01-13 03:34:23] Database connection successful
[2026-01-13 03:34:23] Action received
Data: check_unread
[2026-01-13 03:34:26] Incoming request
Data: Array
(
    [user_id] => guest_xs4wcgktx
    [last_time] => 2026-01-12T19:26:55.000Z
    [action] => fetch
)

[2026-01-13 03:34:26] Database connection successful
[2026-01-13 03:34:26] Action received
Data: fetch
[2026-01-13 03:34:26] Incoming request
Data: Array
(
    [user_id] => guest_xs4wcgktx
    [action] => check_unread
)

[2026-01-13 03:34:26] Database connection successful
[2026-01-13 03:34:26] Action received
Data: check_unread
[2026-01-13 03:34:29] Incoming request
Data: Array
(
    [user_id] => guest_xs4wcgktx
    [last_time] => 2026-01-12T19:26:55.000Z
    [action] => fetch
)

[2026-01-13 03:34:29] Database connection successful
[2026-01-13 03:34:29] Action received
Data: fetch
[2026-01-13 03:34:29] Incoming request
Data: Array
(
    [user_id] => guest_xs4wcgktx
    [action] => check_unread
)

[2026-01-13 03:34:29] Database connection successful
[2026-01-13 03:34:29] Action received
Data: check_unread
[2026-01-13 03:34:32] Incoming request
Data: Array
(
    [user_id] => guest_xs4wcgktx
    [last_time] => 2026-01-12T19:26:55.000Z
    [action] => fetch
)

[2026-01-13 03:34:32] Database connection successful
[2026-01-13 03:34:32] Action received
Data: fetch
[2026-01-13 03:34:33] Incoming request
Data: Array
(
    [user_id] => guest_xs4wcgktx
    [action] => check_unread
)

[2026-01-13 03:34:33] Database connection successful
[2026-01-13 03:34:33] Action received
Data: check_unread
[2026-01-13 03:34:35] Incoming request
Data: Array
(
    [user_id] => guest_xs4wcgktx
    [last_time] => 2026-01-12T19:26:55.000Z
    [action] => fetch
)

[2026-01-13 03:34:35] Database connection successful
[2026-01-13 03:34:35] Action received
Data: fetch
[2026-01-13 03:34:36] Incoming request
Data: Array
(
    [user_id] => guest_xs4wcgktx
    [action] => check_unread
)

[2026-01-13 03:34:36] Database connection successful
[2026-01-13 03:34:36] Action received
Data: check_unread
[2026-01-13 03:34:38] Incoming request
Data: Array
(
    [user_id] => guest_xs4wcgktx
    [last_time] => 2026-01-12T19:26:55.000Z
    [action] => fetch
)

[2026-01-13 03:34:38] Database connection successful
[2026-01-13 03:34:38] Action received
Data: fetch
[2026-01-13 03:34:39] Incoming request
Data: Array
(
    [user_id] => guest_xs4wcgktx
    [action] => check_unread
)

[2026-01-13 03:34:39] Database connection successful
[2026-01-13 03:34:39] Action received
Data: check_unread
[2026-01-13 03:34:41] Incoming request
Data: Array
(
    [user_id] => guest_xs4wcgktx
    [last_time] => 2026-01-12T19:26:55.000Z
    [action] => fetch
)

[2026-01-13 03:34:41] Database connection successful
[2026-01-13 03:34:41] Action received
Data: fetch
[2026-01-13 03:34:42] Incoming request
Data: Array
(
    [user_id] => guest_xs4wcgktx
    [action] => check_unread
)

[2026-01-13 03:34:42] Database connection successful
[2026-01-13 03:34:42] Action received
Data: check_unread
[2026-01-13 03:34:44] Incoming request
Data: Array
(
    [user_id] => guest_xs4wcgktx
    [last_time] => 2026-01-12T19:26:55.000Z
    [action] => fetch
)

[2026-01-13 03:34:44] Database connection successful
[2026-01-13 03:34:44] Action received
Data: fetch
[2026-01-13 03:34:45] Incoming request
Data: Array
(
    [user_id] => guest_xs4wcgktx
    [action] => check_unread
)

[2026-01-13 03:34:45] Database connection successful
[2026-01-13 03:34:45] Action received
Data: check_unread
[2026-01-13 03:34:47] Incoming request
Data: Array
(
    [action] => check_unread
)

[2026-01-13 03:34:47] Database connection successful
[2026-01-13 03:34:47] Action received
Data: check_unread
[2026-01-13 03:34:47] Incoming request
Data: Array
(
    [user_id] => guest_xs4wcgktx
    [last_time] => 2026-01-12T19:26:55.000Z
    [action] => fetch
)

[2026-01-13 03:34:47] Database connection successful
[2026-01-13 03:34:47] Action received
Data: fetch
[2026-01-13 03:34:47] Incoming request
Data: Array
(
    [action] => check_unread
)

[2026-01-13 03:34:47] Database connection successful
[2026-01-13 03:34:47] Action received
Data: check_unread
[2026-01-13 03:34:48] Incoming request
Data: Array
(
    [user_id] => guest_xs4wcgktx
    [action] => check_unread
)

[2026-01-13 03:34:48] Database connection successful
[2026-01-13 03:34:48] Action received
Data: check_unread
[2026-01-13 03:34:50] Incoming request
Data: Array
(
    [user_id] => guest_xs4wcgktx
    [last_time] => 2026-01-12T19:26:55.000Z
    [action] => fetch
)

[2026-01-13 03:34:50] Database connection successful
[2026-01-13 03:34:50] Action received
Data: fetch
[2026-01-13 03:34:50] Incoming request
Data: Array
(
    [user_id] => guest_xs4wcgktx
    [action] => check_unread
)

[2026-01-13 03:34:50] Database connection successful
[2026-01-13 03:34:50] Action received
Data: check_unread
[2026-01-13 03:34:51] Incoming request
Data: Array
(
    [user_id] => guest_xs4wcgktx
    [action] => check_unread
)

[2026-01-13 03:34:51] Database connection successful
[2026-01-13 03:34:51] Action received
Data: check_unread
[2026-01-13 03:34:53] Incoming request
Data: Array
(
    [user_id] => guest_xs4wcgktx
    [last_time] => 2026-01-12T19:26:55.000Z
    [action] => fetch
)

[2026-01-13 03:34:53] Database connection successful
[2026-01-13 03:34:53] Action received
Data: fetch
[2026-01-13 03:34:54] Incoming request
Data: Array
(
    [user_id] => guest_xs4wcgktx
    [action] => check_unread
)

[2026-01-13 03:34:54] Database connection successful
[2026-01-13 03:34:54] Action received
Data: check_unread
[2026-01-13 03:34:56] Incoming request
Data: Array
(
    [user_id] => guest_xs4wcgktx
    [last_time] => 2026-01-12T19:26:55.000Z
    [action] => fetch
)

[2026-01-13 03:34:56] Database connection successful
[2026-01-13 03:34:56] Action received
Data: fetch
[2026-01-13 03:34:57] Incoming request
Data: Array
(
    [user_id] => guest_xs4wcgktx
    [action] => check_unread
)

[2026-01-13 03:34:57] Database connection successful
[2026-01-13 03:34:57] Action received
Data: check_unread
[2026-01-13 03:34:59] Incoming request
Data: Array
(
    [user_id] => guest_xs4wcgktx
    [last_time] => 2026-01-12T19:26:55.000Z
    [action] => fetch
)

[2026-01-13 03:34:59] Database connection successful
[2026-01-13 03:34:59] Action received
Data: fetch
[2026-01-13 03:35:00] Incoming request
Data: Array
(
    [user_id] => guest_xs4wcgktx
    [action] => check_unread
)

[2026-01-13 03:35:00] Database connection successful
[2026-01-13 03:35:00] Action received
Data: check_unread
[2026-01-13 03:35:02] Incoming request
Data: Array
(
    [user_id] => guest_xs4wcgktx
    [last_time] => 2026-01-12T19:26:55.000Z
    [action] => fetch
)

[2026-01-13 03:35:02] Database connection successful
[2026-01-13 03:35:02] Action received
Data: fetch
[2026-01-13 03:35:03] Incoming request
Data: Array
(
    [user_id] => guest_xs4wcgktx
    [action] => check_unread
)

[2026-01-13 03:35:03] Database connection successful
[2026-01-13 03:35:03] Action received
Data: check_unread
[2026-01-13 03:35:05] Incoming request
Data: Array
(
    [user_id] => guest_xs4wcgktx
    [last_time] => 2026-01-12T19:26:55.000Z
    [action] => fetch
)

[2026-01-13 03:35:05] Database connection successful
[2026-01-13 03:35:05] Action received
Data: fetch
[2026-01-13 03:35:06] Incoming request
Data: Array
(
    [user_id] => guest_xs4wcgktx
    [action] => check_unread
)

[2026-01-13 03:35:06] Database connection successful
[2026-01-13 03:35:06] Action received
Data: check_unread
[2026-01-13 03:35:08] Incoming request
Data: Array
(
    [user_id] => guest_xs4wcgktx
    [last_time] => 2026-01-12T19:26:55.000Z
    [action] => fetch
)

[2026-01-13 03:35:08] Database connection successful
[2026-01-13 03:35:08] Action received
Data: fetch
[2026-01-13 03:35:09] Incoming request
Data: Array
(
    [user_id] => guest_xs4wcgktx
    [action] => check_unread
)

[2026-01-13 03:35:09] Database connection successful
[2026-01-13 03:35:09] Action received
Data: check_unread
[2026-01-13 03:35:11] Incoming request
Data: Array
(
    [user_id] => guest_xs4wcgktx
    [last_time] => 2026-01-12T19:26:55.000Z
    [action] => fetch
)

[2026-01-13 03:35:11] Database connection successful
[2026-01-13 03:35:11] Action received
Data: fetch
[2026-01-13 03:35:12] Incoming request
Data: Array
(
    [user_id] => guest_xs4wcgktx
    [action] => check_unread
)

[2026-01-13 03:35:12] Database connection successful
[2026-01-13 03:35:12] Action received
Data: check_unread
[2026-01-13 03:35:14] Incoming request
Data: Array
(
    [user_id] => guest_xs4wcgktx
    [last_time] => 2026-01-12T19:26:55.000Z
    [action] => fetch
)

[2026-01-13 03:35:14] Database connection successful
[2026-01-13 03:35:14] Action received
Data: fetch
[2026-01-13 03:35:15] Incoming request
Data: Array
(
    [user_id] => guest_xs4wcgktx
    [action] => check_unread
)

[2026-01-13 03:35:15] Database connection successful
[2026-01-13 03:35:15] Action received
Data: check_unread
[2026-01-13 03:35:18] Incoming request
Data: Array
(
    [user_id] => guest_xs4wcgktx
    [last_time] => 2026-01-12T19:26:55.000Z
    [action] => fetch
)

[2026-01-13 03:35:18] Database connection successful
[2026-01-13 03:35:18] Action received
Data: fetch
[2026-01-13 03:35:18] Incoming request
Data: Array
(
    [action] => check_unread
)

[2026-01-13 03:35:18] Database connection successful
[2026-01-13 03:35:18] Action received
Data: check_unread
[2026-01-13 03:35:18] Incoming request
Data: Array
(
    [action] => check_unread
)

[2026-01-13 03:35:18] Database connection successful
[2026-01-13 03:35:18] Action received
Data: check_unread
[2026-01-13 03:35:18] Incoming request
Data: Array
(
    [user_id] => guest_xs4wcgktx
    [action] => check_unread
)

[2026-01-13 03:35:18] Database connection successful
[2026-01-13 03:35:18] Action received
Data: check_unread
[2026-01-13 03:35:20] Incoming request
Data: Array
(
    [user_id] => guest_xs4wcgktx
    [last_time] => 2026-01-12T19:26:55.000Z
    [action] => fetch
)

[2026-01-13 03:35:20] Database connection successful
[2026-01-13 03:35:20] Action received
Data: fetch
[2026-01-13 03:35:20] Incoming request
Data: Array
(
    [user_id] => guest_xs4wcgktx
    [action] => check_unread
)

[2026-01-13 03:35:20] Database connection successful
[2026-01-13 03:35:20] Action received
Data: check_unread
[2026-01-13 03:35:21] Incoming request
Data: Array
(
    [user_id] => guest_xs4wcgktx
    [action] => check_unread
)

[2026-01-13 03:35:21] Database connection successful
[2026-01-13 03:35:21] Action received
Data: check_unread
[2026-01-13 03:35:23] Incoming request
Data: Array
(
    [user_id] => guest_xs4wcgktx
    [last_time] => 2026-01-12T19:26:55.000Z
    [action] => fetch
)

[2026-01-13 03:35:23] Database connection successful
[2026-01-13 03:35:23] Action received
Data: fetch
[2026-01-13 03:35:24] Incoming request
Data: Array
(
    [user_id] => guest_xs4wcgktx
    [action] => check_unread
)

[2026-01-13 03:35:24] Database connection successful
[2026-01-13 03:35:24] Action received
Data: check_unread
[2026-01-13 03:35:26] Incoming request
Data: Array
(
    [user_id] => guest_xs4wcgktx
    [last_time] => 2026-01-12T19:26:55.000Z
    [action] => fetch
)

[2026-01-13 03:35:26] Database connection successful
[2026-01-13 03:35:26] Action received
Data: fetch
[2026-01-13 03:35:27] Incoming request
Data: Array
(
    [user_id] => guest_xs4wcgktx
    [action] => check_unread
)

[2026-01-13 03:35:27] Database connection successful
[2026-01-13 03:35:27] Action received
Data: check_unread
[2026-01-13 03:35:29] Incoming request
Data: Array
(
    [user_id] => guest_xs4wcgktx
    [last_time] => 2026-01-12T19:26:55.000Z
    [action] => fetch
)

[2026-01-13 03:35:29] Database connection successful
[2026-01-13 03:35:29] Action received
Data: fetch
[2026-01-13 03:35:30] Incoming request
Data: Array
(
    [user_id] => guest_xs4wcgktx
    [action] => check_unread
)

[2026-01-13 03:35:30] Database connection successful
[2026-01-13 03:35:30] Action received
Data: check_unread
[2026-01-13 03:35:32] Incoming request
Data: Array
(
    [user_id] => guest_xs4wcgktx
    [last_time] => 2026-01-12T19:26:55.000Z
    [action] => fetch
)

[2026-01-13 03:35:32] Database connection successful
[2026-01-13 03:35:32] Action received
Data: fetch
[2026-01-13 03:35:33] Incoming request
Data: Array
(
    [user_id] => guest_xs4wcgktx
    [action] => check_unread
)

[2026-01-13 03:35:33] Database connection successful
[2026-01-13 03:35:33] Action received
Data: check_unread
[2026-01-13 03:35:35] Incoming request
Data: Array
(
    [user_id] => guest_xs4wcgktx
    [last_time] => 2026-01-12T19:26:55.000Z
    [action] => fetch
)

[2026-01-13 03:35:35] Database connection successful
[2026-01-13 03:35:35] Action received
Data: fetch
[2026-01-13 03:35:36] Incoming request
Data: Array
(
    [user_id] => guest_xs4wcgktx
    [action] => check_unread
)

[2026-01-13 03:35:36] Database connection successful
[2026-01-13 03:35:36] Action received
Data: check_unread
[2026-01-13 03:36:36] Incoming request
Data: Array
(
    [user_id] => guest_xs4wcgktx
    [last_time] => 2026-01-12T19:26:55.000Z
    [action] => fetch
)

[2026-01-13 03:36:36] Database connection successful
[2026-01-13 03:36:36] Action received
Data: fetch
[2026-01-13 03:36:36] Incoming request
Data: Array
(
    [action] => check_unread
)

[2026-01-13 03:36:36] Database connection successful
[2026-01-13 03:36:36] Action received
Data: check_unread
[2026-01-13 03:36:36] Incoming request
Data: Array
(
    [action] => check_unread
)

[2026-01-13 03:36:36] Database connection successful
[2026-01-13 03:36:36] Action received
Data: check_unread
[2026-01-13 03:36:36] Incoming request
Data: Array
(
    [user_id] => guest_xs4wcgktx
    [action] => check_unread
)

[2026-01-13 03:36:36] Database connection successful
[2026-01-13 03:36:36] Action received
Data: check_unread
[2026-01-13 03:36:37] Incoming request
Data: Array
(
    [user_id] => guest_xs4wcgktx
    [action] => check_unread
)

[2026-01-13 03:36:37] Database connection successful
[2026-01-13 03:36:37] Action received
Data: check_unread
[2026-01-13 03:37:36] Incoming request
Data: Array
(
    [user_id] => guest_xs4wcgktx
    [last_time] => 2026-01-12T19:26:55.000Z
    [action] => fetch
)

[2026-01-13 03:37:36] Database connection successful
[2026-01-13 03:37:36] Action received
Data: fetch
[2026-01-13 03:37:36] Incoming request
Data: Array
(
    [action] => check_unread
)

[2026-01-13 03:37:36] Database connection successful
[2026-01-13 03:37:36] Action received
Data: check_unread
[2026-01-13 03:37:36] Incoming request
Data: Array
(
    [user_id] => guest_xs4wcgktx
    [action] => check_unread
)

[2026-01-13 03:37:36] Database connection successful
[2026-01-13 03:37:36] Action received
Data: check_unread
[2026-01-13 03:37:36] Incoming request
Data: Array
(
    [action] => check_unread
)

[2026-01-13 03:37:36] Database connection successful
[2026-01-13 03:37:36] Action received
Data: check_unread
[2026-01-13 03:37:37] Incoming request
Data: Array
(
    [user_id] => guest_xs4wcgktx
    [action] => check_unread
)

[2026-01-13 03:37:37] Database connection successful
[2026-01-13 03:37:37] Action received
Data: check_unread
[2026-01-13 03:38:36] Incoming request
Data: Array
(
    [user_id] => guest_xs4wcgktx
    [last_time] => 2026-01-12T19:26:55.000Z
    [action] => fetch
)

[2026-01-13 03:38:36] Database connection successful
[2026-01-13 03:38:36] Action received
Data: fetch
[2026-01-13 03:38:36] Incoming request
Data: Array
(
    [user_id] => guest_xs4wcgktx
    [action] => check_unread
)

[2026-01-13 03:38:36] Database connection successful
[2026-01-13 03:38:36] Action received
Data: check_unread
[2026-01-13 03:38:36] Incoming request
Data: Array
(
    [action] => check_unread
)

[2026-01-13 03:38:36] Database connection successful
[2026-01-13 03:38:36] Action received
Data: check_unread
[2026-01-13 03:38:36] Incoming request
Data: Array
(
    [action] => check_unread
)

[2026-01-13 03:38:36] Database connection successful
[2026-01-13 03:38:36] Action received
Data: check_unread
[2026-01-13 03:38:37] Incoming request
Data: Array
(
    [user_id] => guest_xs4wcgktx
    [action] => check_unread
)

[2026-01-13 03:38:39] Database connection successful
[2026-01-13 03:38:39] Action received
Data: check_unread
[2026-01-13 03:39:36] Incoming request
Data: Array
(
    [user_id] => guest_xs4wcgktx
    [last_time] => 2026-01-12T19:26:55.000Z
    [action] => fetch
)

[2026-01-13 03:39:36] Database connection successful
[2026-01-13 03:39:36] Action received
Data: fetch
[2026-01-13 03:39:36] Incoming request
Data: Array
(
    [action] => check_unread
)

[2026-01-13 03:39:36] Database connection successful
[2026-01-13 03:39:36] Action received
Data: check_unread
[2026-01-13 03:39:36] Incoming request
Data: Array
(
    [action] => check_unread
)

[2026-01-13 03:39:36] Database connection successful
[2026-01-13 03:39:36] Action received
Data: check_unread
[2026-01-13 03:39:36] Incoming request
Data: Array
(
    [user_id] => guest_xs4wcgktx
    [action] => check_unread
)

[2026-01-13 03:39:36] Database connection successful
[2026-01-13 03:39:36] Action received
Data: check_unread
[2026-01-13 03:39:37] Incoming request
Data: Array
(
    [user_id] => guest_xs4wcgktx
    [action] => check_unread
)

[2026-01-13 03:39:37] Database connection successful
[2026-01-13 03:39:37] Action received
Data: check_unread
[2026-01-13 03:40:36] Incoming request
Data: Array
(
    [user_id] => guest_xs4wcgktx
    [last_time] => 2026-01-12T19:26:55.000Z
    [action] => fetch
)

[2026-01-13 03:40:36] Database connection successful
[2026-01-13 03:40:36] Action received
Data: fetch
[2026-01-13 03:40:36] Incoming request
Data: Array
(
    [user_id] => guest_xs4wcgktx
    [action] => check_unread
)

[2026-01-13 03:40:36] Database connection successful
[2026-01-13 03:40:36] Action received
Data: check_unread
[2026-01-13 03:40:36] Incoming request
Data: Array
(
    [action] => check_unread
)

[2026-01-13 03:40:36] Database connection successful
[2026-01-13 03:40:36] Action received
Data: check_unread
[2026-01-13 03:40:36] Incoming request
Data: Array
(
    [action] => check_unread
)

[2026-01-13 03:40:36] Database connection successful
[2026-01-13 03:40:36] Action received
Data: check_unread
[2026-01-13 03:40:37] Incoming request
Data: Array
(
    [user_id] => guest_xs4wcgktx
    [action] => check_unread
)

[2026-01-13 03:40:37] Database connection successful
[2026-01-13 03:40:37] Action received
Data: check_unread
[2026-01-13 03:41:36] Incoming request
Data: Array
(
    [action] => check_unread
)

[2026-01-13 03:41:36] Database connection successful
[2026-01-13 03:41:36] Action received
Data: check_unread
[2026-01-13 03:41:36] Incoming request
Data: Array
(
    [action] => check_unread
)

[2026-01-13 03:41:36] Database connection successful
[2026-01-13 03:41:36] Action received
Data: check_unread
[2026-01-13 03:41:36] Incoming request
Data: Array
(
    [user_id] => guest_xs4wcgktx
    [last_time] => 2026-01-12T19:26:55.000Z
    [action] => fetch
)

[2026-01-13 03:41:36] Database connection successful
[2026-01-13 03:41:36] Action received
Data: fetch
[2026-01-13 03:41:36] Incoming request
Data: Array
(
    [user_id] => guest_xs4wcgktx
    [action] => check_unread
)

[2026-01-13 03:41:36] Database connection successful
[2026-01-13 03:41:36] Action received
Data: check_unread
[2026-01-13 03:41:37] Incoming request
Data: Array
(
    [user_id] => guest_xs4wcgktx
    [action] => check_unread
)

[2026-01-13 03:41:37] Database connection successful
[2026-01-13 03:41:37] Action received
Data: check_unread
[2026-01-13 03:42:36] Incoming request
Data: Array
(
    [user_id] => guest_xs4wcgktx
    [last_time] => 2026-01-12T19:26:55.000Z
    [action] => fetch
)

[2026-01-13 03:42:36] Database connection successful
[2026-01-13 03:42:36] Action received
Data: fetch
[2026-01-13 03:42:36] Incoming request
Data: Array
(
    [action] => check_unread
)

[2026-01-13 03:42:36] Database connection successful
[2026-01-13 03:42:36] Action received
Data: check_unread
[2026-01-13 03:42:36] Incoming request
Data: Array
(
    [user_id] => guest_xs4wcgktx
    [action] => check_unread
)

[2026-01-13 03:42:36] Database connection successful
[2026-01-13 03:42:36] Action received
Data: check_unread
[2026-01-13 03:42:36] Incoming request
Data: Array
(
    [action] => check_unread
)

[2026-01-13 03:42:36] Database connection successful
[2026-01-13 03:42:36] Action received
Data: check_unread
[2026-01-13 03:42:37] Incoming request
Data: Array
(
    [user_id] => guest_xs4wcgktx
    [action] => check_unread
)

[2026-01-13 03:42:37] Database connection successful
[2026-01-13 03:42:37] Action received
Data: check_unread
[2026-01-13 03:43:36] Incoming request
Data: Array
(
    [user_id] => guest_xs4wcgktx
    [last_time] => 2026-01-12T19:26:55.000Z
    [action] => fetch
)

[2026-01-13 03:43:36] Database connection successful
[2026-01-13 03:43:36] Action received
Data: fetch
[2026-01-13 03:43:36] Incoming request
Data: Array
(
    [action] => check_unread
)

[2026-01-13 03:43:36] Database connection successful
[2026-01-13 03:43:36] Action received
Data: check_unread
[2026-01-13 03:43:36] Incoming request
Data: Array
(
    [action] => check_unread
)

[2026-01-13 03:43:36] Database connection successful
[2026-01-13 03:43:36] Action received
Data: check_unread
[2026-01-13 03:43:36] Incoming request
Data: Array
(
    [user_id] => guest_xs4wcgktx
    [action] => check_unread
)

[2026-01-13 03:43:36] Database connection successful
[2026-01-13 03:43:36] Action received
Data: check_unread
[2026-01-13 03:43:37] Incoming request
Data: Array
(
    [user_id] => guest_xs4wcgktx
    [action] => check_unread
)

[2026-01-13 03:43:37] Database connection successful
[2026-01-13 03:43:37] Action received
Data: check_unread
[2026-01-13 03:44:36] Incoming request
Data: Array
(
    [user_id] => guest_xs4wcgktx
    [last_time] => 2026-01-12T19:26:55.000Z
    [action] => fetch
)

[2026-01-13 03:44:36] Database connection successful
[2026-01-13 03:44:36] Action received
Data: fetch
[2026-01-13 03:44:36] Incoming request
Data: Array
(
    [action] => check_unread
)

[2026-01-13 03:44:36] Database connection successful
[2026-01-13 03:44:36] Action received
Data: check_unread
[2026-01-13 03:44:36] Incoming request
Data: Array
(
    [action] => check_unread
)

[2026-01-13 03:44:36] Database connection successful
[2026-01-13 03:44:36] Action received
Data: check_unread
[2026-01-13 03:44:36] Incoming request
Data: Array
(
    [user_id] => guest_xs4wcgktx
    [action] => check_unread
)

[2026-01-13 03:44:36] Database connection successful
[2026-01-13 03:44:36] Action received
Data: check_unread
[2026-01-13 03:44:37] Incoming request
Data: Array
(
    [user_id] => guest_xs4wcgktx
    [action] => check_unread
)

[2026-01-13 03:44:37] Database connection successful
[2026-01-13 03:44:37] Action received
Data: check_unread
[2026-01-13 03:45:29] Incoming request
Data: Array
(
    [user_id] => guest_xs4wcgktx
    [last_time] => 2026-01-12T19:26:55.000Z
    [action] => fetch
)

[2026-01-13 03:45:29] Database connection successful
[2026-01-13 03:45:29] Action received
Data: fetch
[2026-01-13 03:45:29] Incoming request
Data: Array
(
    [action] => check_unread
)

[2026-01-13 03:45:29] Database connection successful
[2026-01-13 03:45:29] Action received
Data: check_unread
[2026-01-13 03:45:29] Incoming request
Data: Array
(
    [action] => check_unread
)

[2026-01-13 03:45:29] Database connection successful
[2026-01-13 03:45:29] Action received
Data: check_unread
[2026-01-13 03:45:29] Incoming request
Data: Array
(
    [user_id] => guest_xs4wcgktx
    [action] => check_unread
)

[2026-01-13 03:45:29] Database connection successful
[2026-01-13 03:45:29] Action received
Data: check_unread
[2026-01-13 03:45:30] Incoming request
Data: Array
(
    [user_id] => guest_xs4wcgktx
    [action] => check_unread
)

[2026-01-13 03:45:30] Database connection successful
[2026-01-13 03:45:30] Action received
Data: check_unread
[2026-01-13 03:45:32] Incoming request
Data: Array
(
    [user_id] => guest_xs4wcgktx
    [last_time] => 2026-01-12T19:26:55.000Z
    [action] => fetch
)

[2026-01-13 03:45:32] Database connection successful
[2026-01-13 03:45:32] Action received
Data: fetch
[2026-01-13 03:45:34] Incoming request
Data: Array
(
    [user_id] => guest_xs4wcgktx
    [action] => check_unread
)

[2026-01-13 03:45:34] Database connection successful
[2026-01-13 03:45:34] Action received
Data: check_unread
[2026-01-13 03:45:35] Incoming request
Data: Array
(
    [user_id] => guest_xs4wcgktx
    [last_time] => 2026-01-12T19:26:55.000Z
    [action] => fetch
)

[2026-01-13 03:45:37] Database connection successful
[2026-01-13 03:45:37] Action received
Data: fetch
[2026-01-13 03:45:37] Incoming request
Data: Array
(
    [user_id] => guest_xs4wcgktx
    [action] => check_unread
)

[2026-01-13 03:45:38] Database connection successful
[2026-01-13 03:45:38] Action received
Data: check_unread
[2026-01-13 03:45:38] Incoming request
Data: Array
(
    [user_id] => guest_xs4wcgktx
    [last_time] => 2026-01-12T19:26:55.000Z
    [action] => fetch
)

[2026-01-13 03:45:38] Database connection successful
[2026-01-13 03:45:38] Action received
Data: fetch
[2026-01-13 03:45:39] Incoming request
Data: Array
(
    [user_id] => guest_xs4wcgktx
    [action] => check_unread
)

[2026-01-13 03:45:39] Database connection successful
[2026-01-13 03:45:39] Action received
Data: check_unread
[2026-01-13 03:45:41] Incoming request
Data: Array
(
    [user_id] => guest_xs4wcgktx
    [last_time] => 2026-01-12T19:26:55.000Z
    [action] => fetch
)

[2026-01-13 03:45:41] Database connection successful
[2026-01-13 03:45:41] Action received
Data: fetch
[2026-01-13 03:45:42] Incoming request
Data: Array
(
    [user_id] => guest_xs4wcgktx
    [action] => check_unread
)

[2026-01-13 03:45:42] Database connection successful
[2026-01-13 03:45:42] Action received
Data: check_unread
[2026-01-13 03:45:44] Incoming request
Data: Array
(
    [user_id] => guest_xs4wcgktx
    [last_time] => 2026-01-12T19:26:55.000Z
    [action] => fetch
)

[2026-01-13 03:45:44] Database connection successful
[2026-01-13 03:45:44] Action received
Data: fetch
[2026-01-13 03:45:45] Incoming request
Data: Array
(
    [user_id] => guest_xs4wcgktx
    [action] => check_unread
)

[2026-01-13 03:45:45] Database connection successful
[2026-01-13 03:45:45] Action received
Data: check_unread
[2026-01-13 03:45:47] Incoming request
Data: Array
(
    [user_id] => guest_xs4wcgktx
    [last_time] => 2026-01-12T19:26:55.000Z
    [action] => fetch
)

[2026-01-13 03:45:47] Database connection successful
[2026-01-13 03:45:47] Action received
Data: fetch
[2026-01-13 03:45:47] Incoming request
Data: Array
(
    [action] => check_unread
)

[2026-01-13 03:45:47] Database connection successful
[2026-01-13 03:45:47] Action received
Data: check_unread
[2026-01-13 03:45:47] Incoming request
Data: Array
(
    [action] => check_unread
)

[2026-01-13 03:45:47] Database connection successful
[2026-01-13 03:45:47] Action received
Data: check_unread
[2026-01-13 03:45:48] Incoming request
Data: Array
(
    [user_id] => guest_xs4wcgktx
    [action] => check_unread
)

[2026-01-13 03:45:48] Database connection successful
[2026-01-13 03:45:48] Action received
Data: check_unread
[2026-01-13 03:45:50] Incoming request
Data: Array
(
    [user_id] => guest_xs4wcgktx
    [last_time] => 2026-01-12T19:26:55.000Z
    [action] => fetch
)

[2026-01-13 03:45:52] Database connection successful
[2026-01-13 03:45:52] Action received
Data: fetch
[2026-01-13 03:45:52] Incoming request
Data: Array
(
    [user_id] => guest_xs4wcgktx
    [action] => check_unread
)

[2026-01-13 03:45:52] Database connection successful
[2026-01-13 03:45:52] Action received
Data: check_unread
[2026-01-13 03:45:53] Incoming request
Data: Array
(
    [user_id] => guest_xs4wcgktx
    [action] => check_unread
)

[2026-01-13 03:45:53] Database connection successful
[2026-01-13 03:45:53] Action received
Data: check_unread
[2026-01-13 03:45:53] Incoming request
Data: Array
(
    [user_id] => guest_xs4wcgktx
    [last_time] => 2026-01-12T19:26:55.000Z
    [action] => fetch
)

[2026-01-13 03:45:53] Database connection successful
[2026-01-13 03:45:53] Action received
Data: fetch
[2026-01-13 03:45:54] Incoming request
Data: Array
(
    [user_id] => guest_xs4wcgktx
    [action] => check_unread
)

[2026-01-13 03:45:54] Database connection successful
[2026-01-13 03:45:54] Action received
Data: check_unread
[2026-01-13 03:45:56] Incoming request
Data: Array
(
    [user_id] => guest_xs4wcgktx
    [last_time] => 2026-01-12T19:26:55.000Z
    [action] => fetch
)

[2026-01-13 03:45:56] Database connection successful
[2026-01-13 03:45:56] Action received
Data: fetch
[2026-01-13 03:45:57] Incoming request
Data: Array
(
    [user_id] => guest_xs4wcgktx
    [action] => check_unread
)

[2026-01-13 03:45:57] Database connection successful
[2026-01-13 03:45:57] Action received
Data: check_unread
[2026-01-13 03:45:59] Incoming request
Data: Array
(
    [user_id] => guest_xs4wcgktx
    [last_time] => 2026-01-12T19:26:55.000Z
    [action] => fetch
)

[2026-01-13 03:45:59] Database connection successful
[2026-01-13 03:45:59] Action received
Data: fetch
[2026-01-13 03:46:00] Incoming request
Data: Array
(
    [user_id] => guest_xs4wcgktx
    [action] => check_unread
)

[2026-01-13 03:46:00] Database connection successful
[2026-01-13 03:46:00] Action received
Data: check_unread
[2026-01-13 03:46:02] Incoming request
Data: Array
(
    [user_id] => guest_xs4wcgktx
    [last_time] => 2026-01-12T19:26:55.000Z
    [action] => fetch
)

[2026-01-13 03:46:02] Database connection successful
[2026-01-13 03:46:02] Action received
Data: fetch
[2026-01-13 03:46:03] Incoming request
Data: Array
(
    [user_id] => guest_xs4wcgktx
    [action] => check_unread
)

[2026-01-13 03:46:03] Database connection successful
[2026-01-13 03:46:03] Action received
Data: check_unread
[2026-01-13 03:46:05] Incoming request
Data: Array
(
    [user_id] => guest_xs4wcgktx
    [last_time] => 2026-01-12T19:26:55.000Z
    [action] => fetch
)

[2026-01-13 03:46:05] Database connection successful
[2026-01-13 03:46:05] Action received
Data: fetch
[2026-01-13 03:46:06] Incoming request
Data: Array
(
    [user_id] => guest_xs4wcgktx
    [action] => check_unread
)

[2026-01-13 03:46:06] Database connection successful
[2026-01-13 03:46:06] Action received
Data: check_unread
[2026-01-13 03:46:08] Incoming request
Data: Array
(
    [user_id] => guest_xs4wcgktx
    [last_time] => 2026-01-12T19:26:55.000Z
    [action] => fetch
)

[2026-01-13 03:46:08] Database connection successful
[2026-01-13 03:46:08] Action received
Data: fetch
[2026-01-13 03:46:09] Incoming request
Data: Array
(
    [user_id] => guest_xs4wcgktx
    [action] => check_unread
)

[2026-01-13 03:46:09] Database connection successful
[2026-01-13 03:46:09] Action received
Data: check_unread
[2026-01-13 03:46:11] Incoming request
Data: Array
(
    [user_id] => guest_xs4wcgktx
    [last_time] => 2026-01-12T19:26:55.000Z
    [action] => fetch
)

[2026-01-13 03:46:11] Database connection successful
[2026-01-13 03:46:11] Action received
Data: fetch
[2026-01-13 03:46:12] Incoming request
Data: Array
(
    [user_id] => guest_xs4wcgktx
    [action] => check_unread
)

[2026-01-13 03:46:12] Database connection successful
[2026-01-13 03:46:12] Action received
Data: check_unread
[2026-01-13 03:46:14] Incoming request
Data: Array
(
    [user_id] => guest_xs4wcgktx
    [last_time] => 2026-01-12T19:26:55.000Z
    [action] => fetch
)

[2026-01-13 03:46:14] Database connection successful
[2026-01-13 03:46:14] Action received
Data: fetch
[2026-01-13 03:46:15] Incoming request
Data: Array
(
    [user_id] => guest_xs4wcgktx
    [action] => check_unread
)

[2026-01-13 03:46:15] Database connection successful
[2026-01-13 03:46:15] Action received
Data: check_unread
[2026-01-13 03:46:17] Incoming request
Data: Array
(
    [action] => check_unread
)

[2026-01-13 03:46:17] Database connection successful
[2026-01-13 03:46:17] Action received
Data: check_unread
[2026-01-13 03:46:17] Incoming request
Data: Array
(
    [user_id] => guest_xs4wcgktx
    [last_time] => 2026-01-12T19:26:55.000Z
    [action] => fetch
)

[2026-01-13 03:46:17] Database connection successful
[2026-01-13 03:46:17] Action received
Data: fetch
[2026-01-13 03:46:17] Incoming request
Data: Array
(
    [action] => check_unread
)

[2026-01-13 03:46:17] Database connection successful
[2026-01-13 03:46:17] Action received
Data: check_unread
[2026-01-13 03:46:18] Incoming request
Data: Array
(
    [user_id] => guest_xs4wcgktx
    [action] => check_unread
)

[2026-01-13 03:46:18] Database connection successful
[2026-01-13 03:46:18] Action received
Data: check_unread
[2026-01-13 03:46:20] Incoming request
Data: Array
(
    [user_id] => guest_xs4wcgktx
    [last_time] => 2026-01-12T19:26:55.000Z
    [action] => fetch
)

[2026-01-13 03:46:20] Database connection successful
[2026-01-13 03:46:20] Action received
Data: fetch
[2026-01-13 03:46:20] Incoming request
Data: Array
(
    [user_id] => guest_xs4wcgktx
    [action] => check_unread
)

[2026-01-13 03:46:20] Database connection successful
[2026-01-13 03:46:20] Action received
Data: check_unread
[2026-01-13 03:46:21] Incoming request
Data: Array
(
    [user_id] => guest_xs4wcgktx
    [action] => check_unread
)

[2026-01-13 03:46:21] Database connection successful
[2026-01-13 03:46:21] Action received
Data: check_unread
[2026-01-13 03:46:23] Incoming request
Data: Array
(
    [user_id] => guest_xs4wcgktx
    [last_time] => 2026-01-12T19:26:55.000Z
    [action] => fetch
)

[2026-01-13 03:46:23] Database connection successful
[2026-01-13 03:46:23] Action received
Data: fetch
[2026-01-13 03:46:24] Incoming request
Data: Array
(
    [user_id] => guest_xs4wcgktx
    [action] => check_unread
)

[2026-01-13 03:46:24] Database connection successful
[2026-01-13 03:46:24] Action received
Data: check_unread
[2026-01-13 03:46:26] Incoming request
Data: Array
(
    [user_id] => guest_xs4wcgktx
    [last_time] => 2026-01-12T19:26:55.000Z
    [action] => fetch
)

[2026-01-13 03:46:26] Database connection successful
[2026-01-13 03:46:26] Action received
Data: fetch
[2026-01-13 03:46:27] Incoming request
Data: Array
(
    [user_id] => guest_xs4wcgktx
    [action] => check_unread
)

[2026-01-13 03:46:27] Database connection successful
[2026-01-13 03:46:27] Action received
Data: check_unread
[2026-01-13 03:46:29] Incoming request
Data: Array
(
    [user_id] => guest_xs4wcgktx
    [last_time] => 2026-01-12T19:26:55.000Z
    [action] => fetch
)

[2026-01-13 03:46:29] Database connection successful
[2026-01-13 03:46:29] Action received
Data: fetch
[2026-01-13 03:46:30] Incoming request
Data: Array
(
    [user_id] => guest_xs4wcgktx
    [action] => check_unread
)

[2026-01-13 03:46:30] Database connection successful
[2026-01-13 03:46:30] Action received
Data: check_unread
[2026-01-13 03:46:36] Incoming request
Data: Array
(
    [user_id] => guest_xs4wcgktx
    [last_time] => 2026-01-12T19:26:55.000Z
    [action] => fetch
)

[2026-01-13 03:46:36] Database connection successful
[2026-01-13 03:46:36] Action received
Data: fetch
[2026-01-13 03:46:37] Incoming request
Data: Array
(
    [user_id] => guest_xs4wcgktx
    [action] => check_unread
)

[2026-01-13 03:46:37] Database connection successful
[2026-01-13 03:46:37] Action received
Data: check_unread
[2026-01-13 03:47:36] Incoming request
Data: Array
(
    [user_id] => guest_xs4wcgktx
    [last_time] => 2026-01-12T19:26:55.000Z
    [action] => fetch
)

[2026-01-13 03:47:36] Database connection successful
[2026-01-13 03:47:36] Action received
Data: fetch
[2026-01-13 03:47:36] Incoming request
Data: Array
(
    [action] => check_unread
)

[2026-01-13 03:47:36] Database connection successful
[2026-01-13 03:47:36] Action received
Data: check_unread
[2026-01-13 03:47:36] Incoming request
Data: Array
(
    [action] => check_unread
)

[2026-01-13 03:47:36] Database connection successful
[2026-01-13 03:47:36] Action received
Data: check_unread
[2026-01-13 03:47:36] Incoming request
Data: Array
(
    [user_id] => guest_xs4wcgktx
    [action] => check_unread
)

[2026-01-13 03:47:36] Database connection successful
[2026-01-13 03:47:36] Action received
Data: check_unread
[2026-01-13 03:47:37] Incoming request
Data: Array
(
    [user_id] => guest_xs4wcgktx
    [action] => check_unread
)

[2026-01-13 03:47:37] Database connection successful
[2026-01-13 03:47:37] Action received
Data: check_unread
[2026-01-13 03:48:36] Incoming request
Data: Array
(
    [user_id] => guest_xs4wcgktx
    [last_time] => 2026-01-12T19:26:55.000Z
    [action] => fetch
)

[2026-01-13 03:48:36] Database connection successful
[2026-01-13 03:48:36] Action received
Data: fetch
[2026-01-13 03:48:36] Incoming request
Data: Array
(
    [action] => check_unread
)

[2026-01-13 03:48:36] Database connection successful
[2026-01-13 03:48:36] Action received
Data: check_unread
[2026-01-13 03:48:36] Incoming request
Data: Array
(
    [action] => check_unread
)

[2026-01-13 03:48:36] Database connection successful
[2026-01-13 03:48:36] Action received
Data: check_unread
[2026-01-13 03:48:36] Incoming request
Data: Array
(
    [user_id] => guest_xs4wcgktx
    [action] => check_unread
)

[2026-01-13 03:48:36] Database connection successful
[2026-01-13 03:48:36] Action received
Data: check_unread
[2026-01-13 03:48:37] Incoming request
Data: Array
(
    [user_id] => guest_xs4wcgktx
    [action] => check_unread
)

[2026-01-13 03:48:37] Database connection successful
[2026-01-13 03:48:37] Action received
Data: check_unread
[2026-01-13 03:49:36] Incoming request
Data: Array
(
    [user_id] => guest_xs4wcgktx
    [last_time] => 2026-01-12T19:26:55.000Z
    [action] => fetch
)

[2026-01-13 03:49:36] Database connection successful
[2026-01-13 03:49:36] Action received
Data: fetch
[2026-01-13 03:49:36] Incoming request
Data: Array
(
    [action] => check_unread
)

[2026-01-13 03:49:36] Database connection successful
[2026-01-13 03:49:36] Action received
Data: check_unread
[2026-01-13 03:49:36] Incoming request
Data: Array
(
    [action] => check_unread
)

[2026-01-13 03:49:36] Database connection successful
[2026-01-13 03:49:36] Action received
Data: check_unread
[2026-01-13 03:49:36] Incoming request
Data: Array
(
    [user_id] => guest_xs4wcgktx
    [action] => check_unread
)

[2026-01-13 03:49:36] Database connection successful
[2026-01-13 03:49:36] Action received
Data: check_unread
[2026-01-13 03:49:37] Incoming request
Data: Array
(
    [user_id] => guest_xs4wcgktx
    [action] => check_unread
)

[2026-01-13 03:49:37] Database connection successful
[2026-01-13 03:49:37] Action received
Data: check_unread
[2026-01-13 03:50:36] Incoming request
Data: Array
(
    [user_id] => guest_xs4wcgktx
    [last_time] => 2026-01-12T19:26:55.000Z
    [action] => fetch
)

[2026-01-13 03:50:36] Database connection successful
[2026-01-13 03:50:36] Action received
Data: fetch
[2026-01-13 03:50:36] Incoming request
Data: Array
(
    [action] => check_unread
)

[2026-01-13 03:50:36] Database connection successful
[2026-01-13 03:50:36] Action received
Data: check_unread
[2026-01-13 03:50:36] Incoming request
Data: Array
(
    [action] => check_unread
)

[2026-01-13 03:50:36] Database connection successful
[2026-01-13 03:50:36] Action received
Data: check_unread
[2026-01-13 03:50:36] Incoming request
Data: Array
(
    [user_id] => guest_xs4wcgktx
    [action] => check_unread
)

[2026-01-13 03:50:36] Database connection successful
[2026-01-13 03:50:36] Action received
Data: check_unread
[2026-01-13 03:50:37] Incoming request
Data: Array
(
    [user_id] => guest_xs4wcgktx
    [action] => check_unread
)

[2026-01-13 03:50:37] Database connection successful
[2026-01-13 03:50:37] Action received
Data: check_unread
[2026-01-13 03:51:39] Incoming request
Data: Array
(
    [user_id] => guest_xs4wcgktx
    [last_time] => 2026-01-12T19:26:55.000Z
    [action] => fetch
)

[2026-01-13 03:51:39] Database connection successful
[2026-01-13 03:51:39] Action received
Data: fetch
[2026-01-13 03:51:39] Incoming request
Data: Array
(
    [action] => check_unread
)

[2026-01-13 03:51:39] Database connection successful
[2026-01-13 03:51:39] Action received
Data: check_unread
[2026-01-13 03:51:39] Incoming request
Data: Array
(
    [action] => check_unread
)

[2026-01-13 03:51:39] Database connection successful
[2026-01-13 03:51:39] Action received
Data: check_unread
[2026-01-13 03:51:39] Incoming request
Data: Array
(
    [user_id] => guest_xs4wcgktx
    [action] => check_unread
)

[2026-01-13 03:51:39] Database connection successful
[2026-01-13 03:51:39] Action received
Data: check_unread
[2026-01-13 03:51:39] Incoming request
Data: Array
(
    [user_id] => guest_xs4wcgktx
    [action] => check_unread
)

[2026-01-13 03:51:39] Database connection successful
[2026-01-13 03:51:39] Action received
Data: check_unread
[2026-01-13 03:52:36] Incoming request
Data: Array
(
    [action] => check_unread
)

[2026-01-13 03:52:36] Database connection successful
[2026-01-13 03:52:36] Action received
Data: check_unread
[2026-01-13 03:52:36] Incoming request
Data: Array
(
    [user_id] => guest_xs4wcgktx
    [last_time] => 2026-01-12T19:26:55.000Z
    [action] => fetch
)

[2026-01-13 03:52:36] Database connection successful
[2026-01-13 03:52:36] Action received
Data: fetch
[2026-01-13 03:52:36] Incoming request
Data: Array
(
    [action] => check_unread
)

[2026-01-13 03:52:36] Database connection successful
[2026-01-13 03:52:36] Action received
Data: check_unread
[2026-01-13 03:52:36] Incoming request
Data: Array
(
    [user_id] => guest_xs4wcgktx
    [action] => check_unread
)

[2026-01-13 03:52:36] Database connection successful
[2026-01-13 03:52:36] Action received
Data: check_unread
[2026-01-13 03:52:37] Incoming request
Data: Array
(
    [user_id] => guest_xs4wcgktx
    [action] => check_unread
)

[2026-01-13 03:52:37] Database connection successful
[2026-01-13 03:52:37] Action received
Data: check_unread
[2026-01-13 03:53:36] Incoming request
Data: Array
(
    [user_id] => guest_xs4wcgktx
    [last_time] => 2026-01-12T19:26:55.000Z
    [action] => fetch
)

[2026-01-13 03:53:36] Database connection successful
[2026-01-13 03:53:36] Action received
Data: fetch
[2026-01-13 03:53:36] Incoming request
Data: Array
(
    [action] => check_unread
)

[2026-01-13 03:53:36] Database connection successful
[2026-01-13 03:53:36] Action received
Data: check_unread
[2026-01-13 03:53:36] Incoming request
Data: Array
(
    [user_id] => guest_xs4wcgktx
    [action] => check_unread
)

[2026-01-13 03:53:36] Database connection successful
[2026-01-13 03:53:36] Action received
Data: check_unread
[2026-01-13 03:53:36] Incoming request
Data: Array
(
    [action] => check_unread
)

[2026-01-13 03:53:36] Database connection successful
[2026-01-13 03:53:36] Action received
Data: check_unread
[2026-01-13 03:53:37] Incoming request
Data: Array
(
    [user_id] => guest_xs4wcgktx
    [action] => check_unread
)

[2026-01-13 03:53:37] Database connection successful
[2026-01-13 03:53:37] Action received
Data: check_unread
[2026-01-13 03:54:07] Incoming request
Data: Array
(
    [action] => check_unread
)

[2026-01-13 03:54:07] Database connection successful
[2026-01-13 03:54:07] Action received
Data: check_unread
[2026-01-13 03:54:07] Incoming request
Data: Array
(
    [user_id] => guest_xs4wcgktx
    [action] => check_unread
)

[2026-01-13 03:54:07] Database connection successful
[2026-01-13 03:54:07] Action received
Data: check_unread
[2026-01-13 03:54:07] Incoming request
Data: Array
(
    [user_id] => guest_xs4wcgktx
    [last_time] => 2026-01-12T19:26:55.000Z
    [action] => fetch
)

[2026-01-13 03:54:07] Database connection successful
[2026-01-13 03:54:07] Action received
Data: fetch
[2026-01-13 03:54:07] Incoming request
Data: Array
(
    [action] => check_unread
)

[2026-01-13 03:54:07] Database connection successful
[2026-01-13 03:54:07] Action received
Data: check_unread
[2026-01-13 03:54:08] Incoming request
Data: Array
(
    [user_id] => guest_xs4wcgktx
    [action] => check_unread
)

[2026-01-13 03:54:08] Database connection successful
[2026-01-13 03:54:08] Action received
Data: check_unread
[2026-01-13 03:54:08] Incoming request
Data: Array
(
    [user_id] => guest_xs4wcgktx
    [last_time] => 2026-01-12T19:26:55.000Z
    [action] => fetch
)

[2026-01-13 03:54:08] Database connection successful
[2026-01-13 03:54:08] Action received
Data: fetch
[2026-01-13 03:54:08] Incoming request
Data: Array
(
    [user_id] => guest_xs4wcgktx
    [action] => check_unread
)

[2026-01-13 03:54:08] Database connection successful
[2026-01-13 03:54:08] Action received
Data: check_unread
[2026-01-13 03:54:11] Incoming request
Data: Array
(
    [user_id] => guest_xs4wcgktx
    [last_time] => 2026-01-12T19:26:55.000Z
    [action] => fetch
)

[2026-01-13 03:54:11] Database connection successful
[2026-01-13 03:54:11] Action received
Data: fetch
[2026-01-13 03:54:12] Incoming request
Data: Array
(
    [user_id] => guest_xs4wcgktx
    [action] => check_unread
)

[2026-01-13 03:54:12] Database connection successful
[2026-01-13 03:54:12] Action received
Data: check_unread
[2026-01-13 03:54:13] Incoming request
Data: Array
(
    [action] => check_unread
)

[2026-01-13 03:54:13] Database connection successful
[2026-01-13 03:54:13] Action received
Data: check_unread
[2026-01-13 03:54:13] Incoming request
Data: Array
(
    [action] => check_unread
)

[2026-01-13 03:54:13] Database connection successful
[2026-01-13 03:54:13] Action received
Data: check_unread
[2026-01-13 03:54:43] Incoming request
Data: Array
(
    [action] => check_unread
)

[2026-01-13 03:54:43] Database connection successful
[2026-01-13 03:54:43] Action received
Data: check_unread
[2026-01-13 03:54:43] Incoming request
Data: Array
(
    [action] => check_unread
)

[2026-01-13 03:54:43] Database connection successful
[2026-01-13 03:54:43] Action received
Data: check_unread
[2026-01-13 03:55:13] Incoming request
Data: Array
(
    [action] => check_unread
)

[2026-01-13 03:55:13] Database connection successful
[2026-01-13 03:55:13] Action received
Data: check_unread
[2026-01-13 03:55:13] Incoming request
Data: Array
(
    [action] => check_unread
)

[2026-01-13 03:55:13] Database connection successful
[2026-01-13 03:55:13] Action received
Data: check_unread
[2026-01-13 03:55:43] Incoming request
Data: Array
(
    [action] => check_unread
)

[2026-01-13 03:55:43] Database connection successful
[2026-01-13 03:55:43] Action received
Data: check_unread
[2026-01-13 03:55:43] Incoming request
Data: Array
(
    [action] => check_unread
)

[2026-01-13 03:55:43] Database connection successful
[2026-01-13 03:55:43] Action received
Data: check_unread
[2026-01-13 03:56:13] Incoming request
Data: Array
(
    [action] => check_unread
)

[2026-01-13 03:56:13] Database connection successful
[2026-01-13 03:56:13] Action received
Data: check_unread
[2026-01-13 03:56:13] Incoming request
Data: Array
(
    [action] => check_unread
)

[2026-01-13 03:56:13] Database connection successful
[2026-01-13 03:56:13] Action received
Data: check_unread
[2026-01-13 03:56:31] Incoming request
Data: Array
(
    [action] => check_unread
)

[2026-01-13 03:56:31] Database connection successful
[2026-01-13 03:56:31] Action received
Data: check_unread
[2026-01-13 03:56:31] Incoming request
Data: Array
(
    [action] => check_unread
)

[2026-01-13 03:56:31] Database connection successful
[2026-01-13 03:56:31] Action received
Data: check_unread
[2026-01-13 03:56:35] Incoming request
Data: Array
(
    [action] => check_unread
)

[2026-01-13 03:56:35] Database connection successful
[2026-01-13 03:56:35] Action received
Data: check_unread
[2026-01-13 03:56:51] Incoming request
Data: Array
(
    [action] => check_unread
)

[2026-01-13 03:56:51] Database connection successful
[2026-01-13 03:56:51] Action received
Data: check_unread
[2026-01-13 03:56:51] Incoming request
Data: Array
(
    [action] => check_unread
)

[2026-01-13 03:56:51] Database connection successful
[2026-01-13 03:56:51] Action received
Data: check_unread
[2026-01-13 03:57:13] Incoming request
Data: Array
(
    [action] => check_unread
)

[2026-01-13 03:57:13] Database connection successful
[2026-01-13 03:57:13] Action received
Data: check_unread
[2026-01-13 03:57:13] Incoming request
Data: Array
(
    [action] => check_unread
)

[2026-01-13 03:57:13] Database connection successful
[2026-01-13 03:57:13] Action received
Data: check_unread
[2026-01-13 03:57:43] Incoming request
Data: Array
(
    [action] => check_unread
)

[2026-01-13 03:57:43] Database connection successful
[2026-01-13 03:57:43] Action received
Data: check_unread
[2026-01-13 03:57:43] Incoming request
Data: Array
(
    [action] => check_unread
)

[2026-01-13 03:57:43] Database connection successful
[2026-01-13 03:57:43] Action received
Data: check_unread
[2026-01-13 03:58:13] Incoming request
Data: Array
(
    [action] => check_unread
)

[2026-01-13 03:58:13] Database connection successful
[2026-01-13 03:58:13] Action received
Data: check_unread
[2026-01-13 03:58:13] Incoming request
Data: Array
(
    [action] => check_unread
)

[2026-01-13 03:58:13] Database connection successful
[2026-01-13 03:58:13] Action received
Data: check_unread
[2026-01-13 03:59:14] Incoming request
Data: Array
(
    [action] => check_unread
)

[2026-01-13 03:59:14] Database connection successful
[2026-01-13 03:59:14] Action received
Data: check_unread
[2026-01-13 03:59:14] Incoming request
Data: Array
(
    [action] => check_unread
)

[2026-01-13 03:59:14] Database connection successful
[2026-01-13 03:59:14] Action received
Data: check_unread
[2026-01-13 04:00:17] Incoming request
Data: Array
(
    [action] => check_unread
)

[2026-01-13 04:00:17] Database connection successful
[2026-01-13 04:00:17] Action received
Data: check_unread
[2026-01-13 04:00:17] Incoming request
Data: Array
(
    [action] => check_unread
)

[2026-01-13 04:00:17] Database connection successful
[2026-01-13 04:00:17] Action received
Data: check_unread
[2026-01-13 04:00:58] Incoming request
Data: Array
(
    [action] => check_unread
)

[2026-01-13 04:00:58] Database connection successful
[2026-01-13 04:00:58] Action received
Data: check_unread
[2026-01-13 04:00:58] Incoming request
Data: Array
(
    [action] => check_unread
)

[2026-01-13 04:00:58] Database connection successful
[2026-01-13 04:00:58] Action received
Data: check_unread
[2026-01-13 04:01:13] Incoming request
Data: Array
(
    [action] => check_unread
)

[2026-01-13 04:01:13] Database connection successful
[2026-01-13 04:01:13] Action received
Data: check_unread
[2026-01-13 04:01:13] Incoming request
Data: Array
(
    [action] => check_unread
)

[2026-01-13 04:01:13] Database connection successful
[2026-01-13 04:01:13] Action received
Data: check_unread
[2026-01-13 07:56:34] Incoming request
Data: Array
(
    [action] => check_unread
)

[2026-01-13 07:56:34] Database connection successful
[2026-01-13 07:56:34] Action received
Data: check_unread
[2026-01-13 07:56:36] Incoming request
Data: Array
(
    [action] => check_unread
)

[2026-01-13 07:56:36] Database connection successful
[2026-01-13 07:56:36] Action received
Data: check_unread
[2026-01-13 07:56:41] Incoming request
Data: Array
(
    [action] => check_unread
)

[2026-01-13 07:56:41] Database connection successful
[2026-01-13 07:56:41] Action received
Data: check_unread
[2026-01-13 14:12:00] Incoming request
Data: Array
(
    [action] => check_unread
)

[2026-01-13 14:12:00] Database connection successful
[2026-01-13 14:12:00] Action received
Data: check_unread
[2026-01-13 14:12:05] Incoming request
Data: Array
(
    [action] => check_unread
)

[2026-01-13 14:12:05] Database connection successful
[2026-01-13 14:12:05] Action received
Data: check_unread
[2026-01-13 14:12:20] Incoming request
Data: Array
(
    [action] => check_unread
)

[2026-01-13 14:12:20] Database connection successful
[2026-01-13 14:12:20] Action received
Data: check_unread
[2026-01-13 14:12:29] Incoming request
Data: Array
(
    [action] => check_unread
)

[2026-01-13 14:12:29] Database connection successful
[2026-01-13 14:12:29] Action received
Data: check_unread
[2026-01-13 14:12:39] Incoming request
Data: Array
(
    [action] => check_unread
)

[2026-01-13 14:12:39] Database connection successful
[2026-01-13 14:12:39] Action received
Data: check_unread
[2026-01-13 14:18:04] Incoming request
Data: Array
(
    [action] => check_unread
)

[2026-01-13 14:18:04] Database connection successful
[2026-01-13 14:18:04] Action received
Data: check_unread
[2026-01-13 14:18:12] Incoming request
Data: Array
(
    [action] => check_unread
)

[2026-01-13 14:18:12] Database connection successful
[2026-01-13 14:18:12] Action received
Data: check_unread
[2026-01-13 14:20:28] Incoming request
Data: Array
(
    [action] => check_unread
)

[2026-01-13 14:20:28] Database connection successful
[2026-01-13 14:20:28] Action received
Data: check_unread
[2026-01-13 14:20:31] Incoming request
Data: Array
(
    [action] => check_unread
)

[2026-01-13 14:20:31] Database connection successful
[2026-01-13 14:20:31] Action received
Data: check_unread
[2026-01-13 14:20:33] Incoming request
Data: Array
(
    [action] => check_unread
)

[2026-01-13 14:20:33] Database connection successful
[2026-01-13 14:20:33] Action received
Data: check_unread
[2026-01-13 14:20:42] Incoming request
Data: Array
(
    [action] => check_unread
)

[2026-01-13 14:20:42] Database connection successful
[2026-01-13 14:20:42] Action received
Data: check_unread
[2026-01-13 14:20:47] Incoming request
Data: Array
(
    [action] => check_unread
)

[2026-01-13 14:20:47] Database connection successful
[2026-01-13 14:20:47] Action received
Data: check_unread
[2026-01-13 14:20:51] Incoming request
Data: Array
(
    [action] => check_unread
)

[2026-01-13 14:20:51] Database connection successful
[2026-01-13 14:20:51] Action received
Data: check_unread
[2026-01-13 14:21:01] Incoming request
Data: Array
(
    [action] => check_unread
)

[2026-01-13 14:21:01] Database connection successful
[2026-01-13 14:21:01] Action received
Data: check_unread
[2026-01-13 14:21:36] Incoming request
Data: Array
(
    [action] => check_unread
)

[2026-01-13 14:21:36] Database connection successful
[2026-01-13 14:21:36] Action received
Data: check_unread
[2026-01-13 14:21:38] Incoming request
Data: Array
(
    [action] => check_unread
)

[2026-01-13 14:21:38] Database connection successful
[2026-01-13 14:21:38] Action received
Data: check_unread
[2026-01-13 14:21:41] Incoming request
Data: Array
(
    [action] => check_unread
)

[2026-01-13 14:21:41] Database connection successful
[2026-01-13 14:21:41] Action received
Data: check_unread
[2026-01-13 14:22:05] Incoming request
Data: Array
(
    [action] => check_unread
)

[2026-01-13 14:22:05] Database connection successful
[2026-01-13 14:22:05] Action received
Data: check_unread
[2026-01-13 14:22:20] Incoming request
Data: Array
(
    [action] => check_unread
)

[2026-01-13 14:22:20] Database connection successful
[2026-01-13 14:22:20] Action received
Data: check_unread
[2026-01-13 14:22:21] Incoming request
Data: Array
(
    [action] => check_unread
)

[2026-01-13 14:22:21] Database connection successful
[2026-01-13 14:22:21] Action received
Data: check_unread
[2026-01-13 14:22:26] Incoming request
Data: Array
(
    [action] => check_unread
)

[2026-01-13 14:22:26] Database connection successful
[2026-01-13 14:22:26] Action received
Data: check_unread
[2026-01-13 14:22:37] Incoming request
Data: Array
(
    [action] => check_unread
)

[2026-01-13 14:22:37] Database connection successful
[2026-01-13 14:22:37] Action received
Data: check_unread
[2026-01-13 14:22:48] Incoming request
Data: Array
(
    [action] => check_unread
)

[2026-01-13 14:22:48] Database connection successful
[2026-01-13 14:22:48] Action received
Data: check_unread
[2026-01-13 14:22:50] Incoming request
Data: Array
(
    [action] => check_unread
)

[2026-01-13 14:22:50] Database connection successful
[2026-01-13 14:22:50] Action received
Data: check_unread
[2026-01-14 01:26:01] Incoming request
Data: Array
(
    [action] => check_unread
)

[2026-01-14 01:26:01] Database connection successful
[2026-01-14 01:26:01] Action received
Data: check_unread
[2026-01-14 01:26:04] Incoming request
Data: Array
(
    [action] => check_unread
)

[2026-01-14 01:26:04] Database connection successful
[2026-01-14 01:26:04] Action received
Data: check_unread
[2026-01-14 01:26:37] Incoming request
Data: Array
(
    [action] => check_unread
)

[2026-01-14 01:26:37] Database connection successful
[2026-01-14 01:26:37] Action received
Data: check_unread
[2026-01-14 01:26:42] Incoming request
Data: Array
(
    [action] => check_unread
)

[2026-01-14 01:26:42] Database connection successful
[2026-01-14 01:26:42] Action received
Data: check_unread
[2026-01-14 01:26:50] Incoming request
Data: Array
(
    [action] => check_unread
)

[2026-01-14 01:26:50] Database connection successful
[2026-01-14 01:26:50] Action received
Data: check_unread
[2026-01-14 01:26:57] Incoming request
Data: Array
(
    [action] => check_unread
)

[2026-01-14 01:26:57] Database connection successful
[2026-01-14 01:26:57] Action received
Data: check_unread
[2026-01-14 01:27:10] Incoming request
Data: Array
(
    [action] => check_unread
)

[2026-01-14 01:27:10] Database connection successful
[2026-01-14 01:27:10] Action received
Data: check_unread
[2026-01-14 01:27:39] Incoming request
Data: Array
(
    [action] => check_unread
)

[2026-01-14 01:27:39] Database connection successful
[2026-01-14 01:27:39] Action received
Data: check_unread
[2026-01-14 01:27:55] Incoming request
Data: Array
(
    [action] => check_unread
)

[2026-01-14 01:27:55] Database connection successful
[2026-01-14 01:27:55] Action received
Data: check_unread
[2026-01-14 01:28:04] Incoming request
Data: Array
(
    [action] => check_unread
)

[2026-01-14 01:28:06] Database connection successful
[2026-01-14 01:28:06] Action received
Data: check_unread
[2026-01-14 01:28:06] Incoming request
Data: Array
(
    [action] => check_unread
)

[2026-01-14 01:28:06] Database connection successful
[2026-01-14 01:28:06] Action received
Data: check_unread
[2026-01-14 01:28:10] Incoming request
Data: Array
(
    [action] => check_unread
)

[2026-01-14 01:28:10] Database connection successful
[2026-01-14 01:28:10] Action received
Data: check_unread
[2026-01-14 01:28:10] Incoming request
Data: Array
(
    [action] => check_unread
)

[2026-01-14 01:28:10] Database connection successful
[2026-01-14 01:28:10] Action received
Data: check_unread
[2026-01-14 01:28:21] Incoming request
Data: Array
(
    [action] => check_unread
)

[2026-01-14 01:28:22] Database connection successful
[2026-01-14 01:28:22] Action received
Data: check_unread
[2026-01-14 01:28:22] Incoming request
Data: Array
(
    [action] => check_unread
)

[2026-01-14 01:28:22] Database connection successful
[2026-01-14 01:28:22] Action received
Data: check_unread
[2026-01-14 01:28:27] Incoming request
Data: Array
(
    [action] => check_unread
)

[2026-01-14 01:28:27] Database connection successful
[2026-01-14 01:28:27] Action received
Data: check_unread
[2026-01-14 01:28:27] Incoming request
Data: Array
(
    [action] => check_unread
)

[2026-01-14 01:28:27] Database connection successful
[2026-01-14 01:28:27] Action received
Data: check_unread
[2026-01-14 01:28:40] Incoming request
Data: Array
(
    [action] => check_unread
)

[2026-01-14 01:28:40] Database connection successful
[2026-01-14 01:28:40] Action received
Data: check_unread
[2026-01-14 01:28:40] Incoming request
Data: Array
(
    [action] => check_unread
)

[2026-01-14 01:28:40] Database connection successful
[2026-01-14 01:28:40] Action received
Data: check_unread
[2026-01-14 01:29:10] Incoming request
Data: Array
(
    [action] => check_unread
)

[2026-01-14 01:29:10] Database connection successful
[2026-01-14 01:29:10] Action received
Data: check_unread
[2026-01-14 01:29:10] Incoming request
Data: Array
(
    [action] => check_unread
)

[2026-01-14 01:29:10] Database connection successful
[2026-01-14 01:29:10] Action received
Data: check_unread
[2026-01-14 01:29:40] Incoming request
Data: Array
(
    [action] => check_unread
)

[2026-01-14 01:29:40] Database connection successful
[2026-01-14 01:29:40] Action received
Data: check_unread
[2026-01-14 01:29:40] Incoming request
Data: Array
(
    [action] => check_unread
)

[2026-01-14 01:29:40] Database connection successful
[2026-01-14 01:29:40] Action received
Data: check_unread
[2026-01-14 01:30:10] Incoming request
Data: Array
(
    [action] => check_unread
)

[2026-01-14 01:30:10] Database connection successful
[2026-01-14 01:30:10] Action received
Data: check_unread
[2026-01-14 01:30:10] Incoming request
Data: Array
(
    [action] => check_unread
)

[2026-01-14 01:30:10] Database connection successful
[2026-01-14 01:30:10] Action received
Data: check_unread
[2026-01-14 01:30:40] Incoming request
Data: Array
(
    [action] => check_unread
)

[2026-01-14 01:30:40] Database connection successful
[2026-01-14 01:30:40] Action received
Data: check_unread
[2026-01-14 01:30:40] Incoming request
Data: Array
(
    [action] => check_unread
)

[2026-01-14 01:30:40] Database connection successful
[2026-01-14 01:30:40] Action received
Data: check_unread
[2026-01-14 01:31:10] Incoming request
Data: Array
(
    [action] => check_unread
)

[2026-01-14 01:31:10] Database connection successful
[2026-01-14 01:31:10] Action received
Data: check_unread
[2026-01-14 01:31:11] Incoming request
Data: Array
(
    [action] => check_unread
)

[2026-01-14 01:31:11] Database connection successful
[2026-01-14 01:31:11] Action received
Data: check_unread
[2026-01-14 01:36:03] Incoming request
Data: Array
(
    [action] => check_unread
)

[2026-01-14 01:36:03] Database connection successful
[2026-01-14 01:36:03] Action received
Data: check_unread
[2026-01-14 01:36:03] Incoming request
Data: Array
(
    [action] => check_unread
)

[2026-01-14 01:36:03] Database connection successful
[2026-01-14 01:36:03] Action received
Data: check_unread
[2026-01-14 01:36:26] Incoming request
Data: Array
(
    [action] => check_unread
)

[2026-01-14 01:36:26] Database connection successful
[2026-01-14 01:36:26] Action received
Data: check_unread
[2026-01-14 01:36:28] Incoming request
Data: Array
(
    [action] => check_unread
)

[2026-01-14 01:36:28] Database connection successful
[2026-01-14 01:36:28] Action received
Data: check_unread
[2026-01-14 01:36:33] Incoming request
Data: Array
(
    [action] => check_unread
)

[2026-01-14 01:36:33] Database connection successful
[2026-01-14 01:36:33] Action received
Data: check_unread
[2026-01-14 01:36:33] Incoming request
Data: Array
(
    [action] => check_unread
)

[2026-01-14 01:36:33] Database connection successful
[2026-01-14 01:36:33] Action received
Data: check_unread
[2026-01-14 01:36:59] Incoming request
Data: Array
(
    [action] => check_unread
)

[2026-01-14 01:36:59] Database connection successful
[2026-01-14 01:36:59] Action received
Data: check_unread
[2026-01-14 01:36:59] Incoming request
Data: Array
(
    [action] => check_unread
)

[2026-01-14 01:36:59] Database connection successful
[2026-01-14 01:36:59] Action received
Data: check_unread
[2026-01-14 01:37:04] Incoming request
Data: Array
(
    [action] => check_unread
)

[2026-01-14 01:37:04] Database connection successful
[2026-01-14 01:37:04] Action received
Data: check_unread
[2026-01-14 01:37:04] Incoming request
Data: Array
(
    [action] => check_unread
)

[2026-01-14 01:37:04] Database connection successful
[2026-01-14 01:37:04] Action received
Data: check_unread
[2026-01-14 01:37:17] Incoming request
Data: Array
(
    [action] => check_unread
)

[2026-01-14 01:37:17] Database connection successful
[2026-01-14 01:37:17] Action received
Data: check_unread
[2026-01-14 01:37:17] Incoming request
Data: Array
(
    [action] => check_unread
)

[2026-01-14 01:37:17] Database connection successful
[2026-01-14 01:37:17] Action received
Data: check_unread
[2026-01-14 01:37:19] Incoming request
Data: Array
(
    [action] => check_unread
)

[2026-01-14 01:37:19] Database connection successful
[2026-01-14 01:37:19] Action received
Data: check_unread
[2026-01-14 01:45:56] Incoming request
Data: Array
(
    [action] => check_unread
)

[2026-01-14 01:45:56] Database connection successful
[2026-01-14 01:45:56] Action received
Data: check_unread
[2026-01-14 01:45:59] Incoming request
Data: Array
(
    [action] => check_unread
)

[2026-01-14 01:45:59] Database connection successful
[2026-01-14 01:45:59] Action received
Data: check_unread
[2026-01-14 01:46:10] Incoming request
Data: Array
(
    [action] => check_unread
)

[2026-01-14 01:46:10] Database connection successful
[2026-01-14 01:46:10] Action received
Data: check_unread
[2026-01-14 01:46:13] Incoming request
Data: Array
(
    [action] => check_unread
)

[2026-01-14 01:46:13] Database connection successful
[2026-01-14 01:46:13] Action received
Data: check_unread
[2026-01-14 01:46:25] Incoming request
Data: Array
(
    [action] => check_unread
)

[2026-01-14 01:46:25] Database connection successful
[2026-01-14 01:46:25] Action received
Data: check_unread
[2026-01-14 01:46:40] Incoming request
Data: Array
(
    [action] => check_unread
)

[2026-01-14 01:46:40] Database connection successful
[2026-01-14 01:46:40] Action received
Data: check_unread
[2026-01-14 01:46:45] Incoming request
Data: Array
(
    [action] => check_unread
)

[2026-01-14 01:46:45] Database connection successful
[2026-01-14 01:46:45] Action received
Data: check_unread
[2026-01-14 01:46:59] Incoming request
Data: Array
(
    [action] => check_unread
)

[2026-01-14 01:46:59] Database connection successful
[2026-01-14 01:46:59] Action received
Data: check_unread
[2026-01-14 01:47:08] Incoming request
Data: Array
(
    [action] => check_unread
)

[2026-01-14 01:47:08] Database connection successful
[2026-01-14 01:47:08] Action received
Data: check_unread
[2026-01-14 01:47:20] Incoming request
Data: Array
(
    [action] => check_unread
)

[2026-01-14 01:47:20] Database connection successful
[2026-01-14 01:47:20] Action received
Data: check_unread
[2026-01-14 01:49:40] Incoming request
Data: Array
(
    [action] => check_unread
)

[2026-01-14 01:49:40] Database connection successful
[2026-01-14 01:49:40] Action received
Data: check_unread
[2026-01-14 02:22:16] Incoming request
Data: Array
(
    [action] => check_unread
)

[2026-01-14 02:22:16] Database connection successful
[2026-01-14 02:22:16] Action received
Data: check_unread
[2026-01-14 02:22:19] Incoming request
Data: Array
(
    [action] => check_unread
)

[2026-01-14 02:22:19] Database connection successful
[2026-01-14 02:22:19] Action received
Data: check_unread
[2026-01-14 02:22:29] Incoming request
Data: Array
(
    [action] => check_unread
)

[2026-01-14 02:22:29] Database connection successful
[2026-01-14 02:22:29] Action received
Data: check_unread
[2026-01-14 02:23:24] Incoming request
Data: Array
(
    [action] => check_unread
)

[2026-01-14 02:23:24] Database connection successful
[2026-01-14 02:23:24] Action received
Data: check_unread
[2026-01-14 02:23:26] Incoming request
Data: Array
(
    [action] => check_unread
)

[2026-01-14 02:23:26] Database connection successful
[2026-01-14 02:23:26] Action received
Data: check_unread
[2026-01-14 02:23:42] Incoming request
Data: Array
(
    [action] => check_unread
)

[2026-01-14 02:23:42] Database connection successful
[2026-01-14 02:23:42] Action received
Data: check_unread
[2026-01-14 02:23:54] Incoming request
Data: Array
(
    [action] => check_unread
)

[2026-01-14 02:23:54] Database connection successful
[2026-01-14 02:23:54] Action received
Data: check_unread
[2026-01-14 02:23:54] Incoming request
Data: Array
(
    [action] => check_unread
)

[2026-01-14 02:23:54] Database connection successful
[2026-01-14 02:23:54] Action received
Data: check_unread
[2026-01-14 02:23:58] Incoming request
Data: Array
(
    [action] => check_unread
)

[2026-01-14 02:23:58] Database connection successful
[2026-01-14 02:23:58] Action received
Data: check_unread
[2026-01-14 02:23:58] Incoming request
Data: Array
(
    [action] => check_unread
)

[2026-01-14 02:23:58] Database connection successful
[2026-01-14 02:23:58] Action received
Data: check_unread
[2026-01-14 02:24:00] Incoming request
Data: Array
(
    [action] => check_unread
)

[2026-01-14 02:24:00] Database connection successful
[2026-01-14 02:24:00] Action received
Data: check_unread
[2026-01-14 02:24:04] Incoming request
Data: Array
(
    [action] => check_unread
)

[2026-01-14 02:24:04] Database connection successful
[2026-01-14 02:24:04] Action received
Data: check_unread
[2026-01-14 02:24:26] Incoming request
Data: Array
(
    [action] => check_unread
)

[2026-01-14 02:24:26] Database connection successful
[2026-01-14 02:24:26] Action received
Data: check_unread
[2026-01-14 02:24:26] Incoming request
Data: Array
(
    [action] => check_unread
)

[2026-01-14 02:24:26] Database connection successful
[2026-01-14 02:24:26] Action received
Data: check_unread
[2026-01-14 02:24:55] Incoming request
Data: Array
(
    [action] => check_unread
)

[2026-01-14 02:24:55] Database connection successful
[2026-01-14 02:24:55] Action received
Data: check_unread
[2026-01-14 02:24:55] Incoming request
Data: Array
(
    [action] => check_unread
)

[2026-01-14 02:24:55] Database connection successful
[2026-01-14 02:24:55] Action received
Data: check_unread
[2026-01-14 02:25:25] Incoming request
Data: Array
(
    [action] => check_unread
)

[2026-01-14 02:25:25] Database connection successful
[2026-01-14 02:25:25] Action received
Data: check_unread
[2026-01-14 02:25:25] Incoming request
Data: Array
(
    [action] => check_unread
)

[2026-01-14 02:25:25] Database connection successful
[2026-01-14 02:25:25] Action received
Data: check_unread
[2026-01-14 02:25:55] Incoming request
Data: Array
(
    [action] => check_unread
)

[2026-01-14 02:25:55] Database connection successful
[2026-01-14 02:25:55] Action received
Data: check_unread
[2026-01-14 02:25:55] Incoming request
Data: Array
(
    [action] => check_unread
)

[2026-01-14 02:25:55] Database connection successful
[2026-01-14 02:25:55] Action received
Data: check_unread
[2026-01-14 02:26:25] Incoming request
Data: Array
(
    [action] => check_unread
)

[2026-01-14 02:26:25] Database connection successful
[2026-01-14 02:26:25] Action received
Data: check_unread
[2026-01-14 02:26:25] Incoming request
Data: Array
(
    [action] => check_unread
)

[2026-01-14 02:26:25] Database connection successful
[2026-01-14 02:26:25] Action received
Data: check_unread
[2026-01-14 02:27:52] Incoming request
Data: Array
(
    [action] => check_unread
)

[2026-01-14 02:27:52] Database connection successful
[2026-01-14 02:27:52] Action received
Data: check_unread
[2026-01-14 02:27:52] Incoming request
Data: Array
(
    [action] => check_unread
)

[2026-01-14 02:27:52] Database connection successful
[2026-01-14 02:27:52] Action received
Data: check_unread
[2026-01-14 02:28:00] Incoming request
Data: Array
(
    [action] => check_unread
)

[2026-01-14 02:28:00] Database connection successful
[2026-01-14 02:28:00] Action received
Data: check_unread
[2026-01-14 02:28:00] Incoming request
Data: Array
(
    [action] => check_unread
)

[2026-01-14 02:28:00] Database connection successful
[2026-01-14 02:28:00] Action received
Data: check_unread
[2026-01-14 02:28:08] Incoming request
Data: Array
(
    [action] => check_unread
)

[2026-01-14 02:28:08] Database connection successful
[2026-01-14 02:28:08] Action received
Data: check_unread
[2026-01-14 02:28:09] Incoming request
Data: Array
(
    [action] => check_unread
)

[2026-01-14 02:28:09] Database connection successful
[2026-01-14 02:28:09] Action received
Data: check_unread
[2026-01-14 02:28:39] Incoming request
Data: Array
(
    [action] => check_unread
)

[2026-01-14 02:28:39] Database connection successful
[2026-01-14 02:28:39] Action received
Data: check_unread
[2026-01-14 02:50:02] Incoming request
Data: Array
(
    [action] => check_unread
)

[2026-01-14 02:50:02] Database connection successful
[2026-01-14 02:50:02] Action received
Data: check_unread
[2026-01-14 02:50:37] Incoming request
Data: Array
(
    [action] => check_unread
)

[2026-01-14 02:50:37] Database connection successful
[2026-01-14 02:50:37] Action received
Data: check_unread
[2026-01-14 02:50:39] Incoming request
Data: Array
(
    [action] => check_unread
)

[2026-01-14 02:50:39] Database connection successful
[2026-01-14 02:50:39] Action received
Data: check_unread
[2026-01-14 02:50:44] Incoming request
Data: Array
(
    [action] => check_unread
)

[2026-01-14 02:50:44] Database connection successful
[2026-01-14 02:50:44] Action received
Data: check_unread
[2026-01-14 02:50:49] Incoming request
Data: Array
(
    [action] => check_unread
)

[2026-01-14 02:50:49] Database connection successful
[2026-01-14 02:50:49] Action received
Data: check_unread
[2026-01-14 02:50:53] Incoming request
Data: Array
(
    [action] => check_unread
)

[2026-01-14 02:50:53] Database connection successful
[2026-01-14 02:50:53] Action received
Data: check_unread
[2026-01-14 02:50:58] Incoming request
Data: Array
(
    [action] => check_unread
)

[2026-01-14 02:50:58] Database connection successful
[2026-01-14 02:50:58] Action received
Data: check_unread
[2026-01-14 02:51:29] Incoming request
Data: Array
(
    [action] => check_unread
)

[2026-01-14 02:51:29] Database connection successful
[2026-01-14 02:51:29] Action received
Data: check_unread
[2026-01-14 02:51:29] Incoming request
Data: Array
(
    [action] => check_unread
)

[2026-01-14 02:51:29] Database connection successful
[2026-01-14 02:51:29] Action received
Data: check_unread
[2026-01-14 02:51:32] Incoming request
Data: Array
(
    [action] => check_unread
)

[2026-01-14 02:51:32] Database connection successful
[2026-01-14 02:51:32] Action received
Data: check_unread
[2026-01-14 02:51:32] Incoming request
Data: Array
(
    [action] => check_unread
)

[2026-01-14 02:51:32] Database connection successful
[2026-01-14 02:51:32] Action received
Data: check_unread
[2026-01-14 02:51:59] Incoming request
Data: Array
(
    [action] => check_unread
)

[2026-01-14 02:51:59] Database connection successful
[2026-01-14 02:51:59] Action received
Data: check_unread
[2026-01-14 02:51:59] Incoming request
Data: Array
(
    [action] => check_unread
)

[2026-01-14 02:51:59] Database connection successful
[2026-01-14 02:51:59] Action received
Data: check_unread
[2026-01-14 02:52:17] Incoming request
Data: Array
(
    [action] => check_unread
)

[2026-01-14 02:52:17] Database connection successful
[2026-01-14 02:52:17] Action received
Data: check_unread
[2026-01-14 02:52:17] Incoming request
Data: Array
(
    [action] => check_unread
)

[2026-01-14 02:52:17] Database connection successful
[2026-01-14 02:52:17] Action received
Data: check_unread
[2026-01-14 10:18:08] Incoming request
Data: Array
(
    [action] => check_unread
)

[2026-01-14 10:18:08] Database connection successful
[2026-01-14 10:18:08] Action received
Data: check_unread
[2026-01-14 10:18:11] Incoming request
Data: Array
(
    [action] => check_unread
)

[2026-01-14 10:18:11] Database connection successful
[2026-01-14 10:18:11] Action received
Data: check_unread
[2026-01-14 10:24:51] Incoming request
Data: Array
(
    [action] => check_unread
)

[2026-01-14 10:24:51] Database connection successful
[2026-01-14 10:24:51] Action received
Data: check_unread
[2026-01-14 10:24:53] Incoming request
Data: Array
(
    [action] => check_unread
)

[2026-01-14 10:24:53] Database connection successful
[2026-01-14 10:24:53] Action received
Data: check_unread
[2026-01-14 10:27:06] Incoming request
Data: Array
(
    [action] => check_unread
)

[2026-01-14 10:27:06] Database connection successful
[2026-01-14 10:27:06] Action received
Data: check_unread
[2026-01-14 10:27:07] Incoming request
Data: Array
(
    [action] => check_unread
)

[2026-01-14 10:27:07] Database connection successful
[2026-01-14 10:27:07] Action received
Data: check_unread
[2026-01-14 10:27:24] Incoming request
Data: Array
(
    [action] => check_unread
)

[2026-01-14 10:27:24] Database connection successful
[2026-01-14 10:27:24] Action received
Data: check_unread
[2026-01-14 10:27:24] Incoming request
Data: Array
(
    [action] => check_unread
)

[2026-01-14 10:27:24] Database connection successful
[2026-01-14 10:27:24] Action received
Data: check_unread
[2026-01-14 10:27:27] Incoming request
Data: Array
(
    [action] => check_unread
)

[2026-01-14 10:27:27] Database connection successful
[2026-01-14 10:27:27] Action received
Data: check_unread
[2026-01-14 10:27:27] Incoming request
Data: Array
(
    [action] => check_unread
)

[2026-01-14 10:27:27] Database connection successful
[2026-01-14 10:27:27] Action received
Data: check_unread
[2026-01-14 10:27:44] Incoming request
Data: Array
(
    [action] => check_unread
)

[2026-01-14 10:27:44] Database connection successful
[2026-01-14 10:27:44] Action received
Data: check_unread
[2026-01-14 10:27:44] Incoming request
Data: Array
(
    [action] => check_unread
)

[2026-01-14 10:27:44] Database connection successful
[2026-01-14 10:27:44] Action received
Data: check_unread
[2026-01-14 10:28:13] Incoming request
Data: Array
(
    [action] => check_unread
)

[2026-01-14 10:28:13] Database connection successful
[2026-01-14 10:28:13] Action received
Data: check_unread
[2026-01-14 10:28:13] Incoming request
Data: Array
(
    [action] => check_unread
)

[2026-01-14 10:28:13] Database connection successful
[2026-01-14 10:28:13] Action received
Data: check_unread
[2026-01-14 10:28:43] Incoming request
Data: Array
(
    [action] => check_unread
)

[2026-01-14 10:28:43] Database connection successful
[2026-01-14 10:28:43] Action received
Data: check_unread
[2026-01-14 10:28:43] Incoming request
Data: Array
(
    [action] => check_unread
)

[2026-01-14 10:28:43] Database connection successful
[2026-01-14 10:28:43] Action received
Data: check_unread
[2026-01-14 10:29:43] Incoming request
Data: Array
(
    [action] => check_unread
)

[2026-01-14 10:29:43] Database connection successful
[2026-01-14 10:29:43] Action received
Data: check_unread
[2026-01-14 10:29:43] Incoming request
Data: Array
(
    [action] => check_unread
)

[2026-01-14 10:29:43] Database connection successful
[2026-01-14 10:29:43] Action received
Data: check_unread
[2026-01-14 10:29:56] Incoming request
Data: Array
(
    [action] => check_unread
)

[2026-01-14 10:29:56] Database connection successful
[2026-01-14 10:29:56] Action received
Data: check_unread
[2026-01-14 10:29:56] Incoming request
Data: Array
(
    [action] => check_unread
)

[2026-01-14 10:29:56] Database connection successful
[2026-01-14 10:29:56] Action received
Data: check_unread
[2026-01-14 10:30:28] Incoming request
Data: Array
(
    [action] => check_unread
)

[2026-01-14 10:30:28] Database connection successful
[2026-01-14 10:30:28] Action received
Data: check_unread
[2026-01-14 10:30:28] Incoming request
Data: Array
(
    [action] => check_unread
)

[2026-01-14 10:30:28] Database connection successful
[2026-01-14 10:30:28] Action received
Data: check_unread
[2026-01-14 10:30:31] Incoming request
Data: Array
(
    [action] => check_unread
)

[2026-01-14 10:30:31] Database connection successful
[2026-01-14 10:30:31] Action received
Data: check_unread
[2026-01-14 10:30:31] Incoming request
Data: Array
(
    [action] => check_unread
)

[2026-01-14 10:30:31] Database connection successful
[2026-01-14 10:30:31] Action received
Data: check_unread
[2026-01-14 10:30:37] Incoming request
Data: Array
(
    [action] => check_unread
)

[2026-01-14 10:30:37] Database connection successful
[2026-01-14 10:30:37] Action received
Data: check_unread
[2026-01-14 10:31:00] Incoming request
Data: Array
(
    [action] => check_unread
)

[2026-01-14 10:31:00] Database connection successful
[2026-01-14 10:31:00] Action received
Data: check_unread
[2026-01-14 10:31:00] Incoming request
Data: Array
(
    [action] => check_unread
)

[2026-01-14 10:31:00] Database connection successful
[2026-01-14 10:31:00] Action received
Data: check_unread
[2026-01-14 10:31:06] Incoming request
Data: Array
(
    [action] => check_unread
)

[2026-01-14 10:31:06] Database connection successful
[2026-01-14 10:31:06] Action received
Data: check_unread
[2026-01-14 10:31:06] Incoming request
Data: Array
(
    [action] => check_unread
)

[2026-01-14 10:31:06] Database connection successful
[2026-01-14 10:31:06] Action received
Data: check_unread
[2026-01-14 10:31:12] Incoming request
Data: Array
(
    [action] => check_unread
)

[2026-01-14 10:31:12] Database connection successful
[2026-01-14 10:31:12] Action received
Data: check_unread
[2026-01-14 10:31:16] Incoming request
Data: Array
(
    [action] => check_unread
)

[2026-01-14 10:31:16] Database connection successful
[2026-01-14 10:31:16] Action received
Data: check_unread
[2026-01-14 10:31:16] Incoming request
Data: Array
(
    [action] => check_unread
)

[2026-01-14 10:31:16] Database connection successful
[2026-01-14 10:31:16] Action received
Data: check_unread
[2026-01-14 10:31:42] Incoming request
Data: Array
(
    [action] => check_unread
)

[2026-01-14 10:31:42] Database connection successful
[2026-01-14 10:31:42] Action received
Data: check_unread
[2026-01-14 10:31:46] Incoming request
Data: Array
(
    [action] => check_unread
)

[2026-01-14 10:31:46] Database connection successful
[2026-01-14 10:31:46] Action received
Data: check_unread
[2026-01-14 10:31:46] Incoming request
Data: Array
(
    [action] => check_unread
)

[2026-01-14 10:31:46] Database connection successful
[2026-01-14 10:31:46] Action received
Data: check_unread
[2026-01-14 10:32:00] Incoming request
Data: Array
(
    [action] => check_unread
)

[2026-01-14 10:32:00] Database connection successful
[2026-01-14 10:32:00] Action received
Data: check_unread
[2026-01-14 10:32:30] Incoming request
Data: Array
(
    [action] => check_unread
)

[2026-01-14 10:32:30] Database connection successful
[2026-01-14 10:32:30] Action received
Data: check_unread
[2026-01-14 10:33:00] Incoming request
Data: Array
(
    [action] => check_unread
)

[2026-01-14 10:33:00] Database connection successful
[2026-01-14 10:33:00] Action received
Data: check_unread
[2026-01-14 10:33:31] Incoming request
Data: Array
(
    [action] => check_unread
)

[2026-01-14 10:33:31] Database connection successful
[2026-01-14 10:33:31] Action received
Data: check_unread
[2026-01-14 10:34:01] Incoming request
Data: Array
(
    [action] => check_unread
)

[2026-01-14 10:34:02] Database connection successful
[2026-01-14 10:34:02] Action received
Data: check_unread
[2026-01-14 10:34:24] Incoming request
Data: Array
(
    [action] => check_unread
)

[2026-01-14 10:34:24] Database connection successful
[2026-01-14 10:34:24] Action received
Data: check_unread
[2026-01-14 10:34:36] Incoming request
Data: Array
(
    [action] => check_unread
)

[2026-01-14 10:34:36] Database connection successful
[2026-01-14 10:34:36] Action received
Data: check_unread
[2026-01-14 10:35:05] Incoming request
Data: Array
(
    [action] => check_unread
)

[2026-01-14 10:35:05] Database connection successful
[2026-01-14 10:35:05] Action received
Data: check_unread
[2026-01-14 10:35:09] Incoming request
Data: Array
(
    [action] => check_unread
)

[2026-01-14 10:35:09] Database connection successful
[2026-01-14 10:35:09] Action received
Data: check_unread
[2026-01-14 10:35:09] Incoming request
Data: Array
(
    [action] => check_unread
)

[2026-01-14 10:35:09] Database connection successful
[2026-01-14 10:35:09] Action received
Data: check_unread
[2026-01-14 10:35:28] Incoming request
Data: Array
(
    [action] => check_unread
)

[2026-01-14 10:35:28] Database connection successful
[2026-01-14 10:35:28] Action received
Data: check_unread
[2026-01-14 10:35:28] Incoming request
Data: Array
(
    [action] => check_unread
)

[2026-01-14 10:35:28] Database connection successful
[2026-01-14 10:35:28] Action received
Data: check_unread
[2026-01-14 10:35:43] Incoming request
Data: Array
(
    [action] => check_unread
)

[2026-01-14 10:35:43] Database connection successful
[2026-01-14 10:35:43] Action received
Data: check_unread
[2026-01-14 10:35:43] Incoming request
Data: Array
(
    [action] => check_unread
)

[2026-01-14 10:35:43] Database connection successful
[2026-01-14 10:35:43] Action received
Data: check_unread
[2026-01-14 10:35:47] Incoming request
Data: Array
(
    [action] => check_unread
)

[2026-01-14 10:35:47] Database connection successful
[2026-01-14 10:35:47] Action received
Data: check_unread
[2026-01-14 10:39:40] Incoming request
Data: Array
(
    [action] => check_unread
)

[2026-01-14 10:39:40] Database connection successful
[2026-01-14 10:39:40] Action received
Data: check_unread
[2026-01-14 10:40:10] Incoming request
Data: Array
(
    [action] => check_unread
)

[2026-01-14 10:40:10] Database connection successful
[2026-01-14 10:40:10] Action received
Data: check_unread
[2026-01-14 10:40:42] Incoming request
Data: Array
(
    [action] => check_unread
)

[2026-01-14 10:40:42] Database connection successful
[2026-01-14 10:40:42] Action received
Data: check_unread
[2026-01-14 10:41:10] Incoming request
Data: Array
(
    [action] => check_unread
)

[2026-01-14 10:41:10] Database connection successful
[2026-01-14 10:41:10] Action received
Data: check_unread
[2026-01-14 10:41:40] Incoming request
Data: Array
(
    [action] => check_unread
)

[2026-01-14 10:41:40] Database connection successful
[2026-01-14 10:41:40] Action received
Data: check_unread
[2026-01-14 10:41:56] Incoming request
Data: Array
(
    [action] => check_unread
)

[2026-01-14 10:41:56] Database connection successful
[2026-01-14 10:41:56] Action received
Data: check_unread
[2026-01-14 10:42:18] Incoming request
Data: Array
(
    [action] => check_unread
)

[2026-01-14 10:42:18] Database connection successful
[2026-01-14 10:42:18] Action received
Data: check_unread
[2026-01-14 10:42:37] Incoming request
Data: Array
(
    [action] => check_unread
)

[2026-01-14 10:42:37] Database connection successful
[2026-01-14 10:42:37] Action received
Data: check_unread
[2026-01-14 10:43:07] Incoming request
Data: Array
(
    [action] => check_unread
)

[2026-01-14 10:43:07] Database connection successful
[2026-01-14 10:43:07] Action received
Data: check_unread
[2026-01-14 10:43:37] Incoming request
Data: Array
(
    [action] => check_unread
)

[2026-01-14 10:43:37] Database connection successful
[2026-01-14 10:43:37] Action received
Data: check_unread
[2026-01-14 10:44:07] Incoming request
Data: Array
(
    [action] => check_unread
)

[2026-01-14 10:44:07] Database connection successful
[2026-01-14 10:44:07] Action received
Data: check_unread
[2026-01-14 10:44:37] Incoming request
Data: Array
(
    [action] => check_unread
)

[2026-01-14 10:44:37] Database connection successful
[2026-01-14 10:44:37] Action received
Data: check_unread
[2026-01-14 10:45:08] Incoming request
Data: Array
(
    [action] => check_unread
)

[2026-01-14 10:45:08] Database connection successful
[2026-01-14 10:45:08] Action received
Data: check_unread
[2026-01-14 10:45:37] Incoming request
Data: Array
(
    [action] => check_unread
)

[2026-01-14 10:45:37] Database connection successful
[2026-01-14 10:45:37] Action received
Data: check_unread
[2026-01-14 10:46:07] Incoming request
Data: Array
(
    [action] => check_unread
)

[2026-01-14 10:46:07] Database connection successful
[2026-01-14 10:46:07] Action received
Data: check_unread
[2026-01-14 10:46:44] Incoming request
Data: Array
(
    [action] => check_unread
)

[2026-01-14 10:46:44] Database connection successful
[2026-01-14 10:46:44] Action received
Data: check_unread
[2026-01-14 10:47:07] Incoming request
Data: Array
(
    [action] => check_unread
)

[2026-01-14 10:47:07] Database connection successful
[2026-01-14 10:47:07] Action received
Data: check_unread
[2026-01-14 10:48:08] Incoming request
Data: Array
(
    [action] => check_unread
)

[2026-01-14 10:48:08] Database connection successful
[2026-01-14 10:48:08] Action received
Data: check_unread
[2026-01-14 10:49:09] Incoming request
Data: Array
(
    [action] => check_unread
)

[2026-01-14 10:49:09] Database connection successful
[2026-01-14 10:49:09] Action received
Data: check_unread
[2026-01-14 10:49:19] Incoming request
Data: Array
(
    [action] => check_unread
)

[2026-01-14 10:49:19] Database connection successful
[2026-01-14 10:49:19] Action received
Data: check_unread
[2026-01-14 10:49:23] Incoming request
Data: Array
(
    [action] => check_unread
)

[2026-01-14 10:49:23] Database connection successful
[2026-01-14 10:49:23] Action received
Data: check_unread
[2026-01-14 10:49:27] Incoming request
Data: Array
(
    [action] => check_unread
)

[2026-01-14 10:49:27] Database connection successful
[2026-01-14 10:49:27] Action received
Data: check_unread
[2026-01-14 10:49:35] Incoming request
Data: Array
(
    [action] => check_unread
)

[2026-01-14 10:49:35] Database connection successful
[2026-01-14 10:49:35] Action received
Data: check_unread
[2026-01-14 10:50:05] Incoming request
Data: Array
(
    [action] => check_unread
)

[2026-01-14 10:50:05] Database connection successful
[2026-01-14 10:50:05] Action received
Data: check_unread
[2026-01-14 10:50:12] Incoming request
Data: Array
(
    [action] => check_unread
)

[2026-01-14 10:50:12] Database connection successful
[2026-01-14 10:50:12] Action received
Data: check_unread
[2026-01-14 10:50:17] Incoming request
Data: Array
(
    [action] => check_unread
)

[2026-01-14 10:50:17] Database connection successful
[2026-01-14 10:50:17] Action received
Data: check_unread
[2026-01-14 10:50:17] Incoming request
Data: Array
(
    [action] => check_unread
)

[2026-01-14 10:50:17] Database connection successful
[2026-01-14 10:50:17] Action received
Data: check_unread
[2026-01-14 10:50:35] Incoming request
Data: Array
(
    [action] => check_unread
)

[2026-01-14 10:50:35] Database connection successful
[2026-01-14 10:50:35] Action received
Data: check_unread
[2026-01-14 10:51:05] Incoming request
Data: Array
(
    [action] => check_unread
)

[2026-01-14 10:51:05] Database connection successful
[2026-01-14 10:51:05] Action received
Data: check_unread
[2026-01-14 10:51:11] Incoming request
Data: Array
(
    [action] => check_unread
)

[2026-01-14 10:51:11] Database connection successful
[2026-01-14 10:51:11] Action received
Data: check_unread
[2026-01-14 10:51:46] Incoming request
Data: Array
(
    [action] => check_unread
)

[2026-01-14 10:51:46] Database connection successful
[2026-01-14 10:51:46] Action received
Data: check_unread
[2026-01-14 10:52:06] Incoming request
Data: Array
(
    [action] => check_unread
)

[2026-01-14 10:52:06] Database connection successful
[2026-01-14 10:52:06] Action received
Data: check_unread
[2026-01-14 10:52:14] Incoming request
Data: Array
(
    [action] => check_unread
)

[2026-01-14 10:52:14] Database connection successful
[2026-01-14 10:52:14] Action received
Data: check_unread
[2026-01-14 10:52:35] Incoming request
Data: Array
(
    [action] => check_unread
)

[2026-01-14 10:52:35] Database connection successful
[2026-01-14 10:52:35] Action received
Data: check_unread
[2026-01-14 10:52:38] Incoming request
Data: Array
(
    [action] => check_unread
)

[2026-01-14 10:52:38] Database connection successful
[2026-01-14 10:52:38] Action received
Data: check_unread
[2026-01-14 10:53:11] Incoming request
Data: Array
(
    [action] => check_unread
)

[2026-01-14 10:53:11] Database connection successful
[2026-01-14 10:53:11] Action received
Data: check_unread
[2026-01-14 10:53:13] Incoming request
Data: Array
(
    [action] => check_unread
)

[2026-01-14 10:53:13] Database connection successful
[2026-01-14 10:53:13] Action received
Data: check_unread
[2026-01-14 10:53:41] Incoming request
Data: Array
(
    [action] => check_unread
)

[2026-01-14 10:53:41] Database connection successful
[2026-01-14 10:53:41] Action received
Data: check_unread
[2026-01-14 10:54:11] Incoming request
Data: Array
(
    [action] => check_unread
)

[2026-01-14 10:54:11] Database connection successful
[2026-01-14 10:54:11] Action received
Data: check_unread
[2026-01-14 10:54:14] Incoming request
Data: Array
(
    [action] => check_unread
)

[2026-01-14 10:54:14] Database connection successful
[2026-01-14 10:54:14] Action received
Data: check_unread
[2026-01-14 10:55:17] Incoming request
Data: Array
(
    [action] => check_unread
)

[2026-01-14 10:55:17] Database connection successful
[2026-01-14 10:55:17] Action received
Data: check_unread
[2026-01-14 10:56:18] Incoming request
Data: Array
(
    [action] => check_unread
)

[2026-01-14 10:56:18] Database connection successful
[2026-01-14 10:56:18] Action received
Data: check_unread
[2026-01-14 11:19:50] Incoming request
Data: Array
(
    [action] => check_unread
)

[2026-01-14 11:19:50] Database connection successful
[2026-01-14 11:19:50] Action received
Data: check_unread
[2026-01-14 11:19:50] Incoming request
Data: Array
(
    [action] => check_unread
)

[2026-01-14 11:19:50] Database connection successful
[2026-01-14 11:19:50] Action received
Data: check_unread
[2026-01-14 11:39:52] Incoming request
Data: Array
(
    [action] => check_unread
)

[2026-01-14 11:39:52] Database connection successful
[2026-01-14 11:39:52] Action received
Data: check_unread
[2026-01-14 11:40:06] Incoming request
Data: Array
(
    [action] => check_unread
)

[2026-01-14 11:40:06] Database connection successful
[2026-01-14 11:40:06] Action received
Data: check_unread
[2026-01-14 11:40:21] Incoming request
Data: Array
(
    [action] => check_unread
)

[2026-01-14 11:40:21] Database connection successful
[2026-01-14 11:40:21] Action received
Data: check_unread
[2026-01-14 11:53:57] Incoming request
Data: Array
(
    [action] => check_unread
)

[2026-01-14 11:53:57] Database connection successful
[2026-01-14 11:53:57] Action received
Data: check_unread
[2026-01-14 11:54:07] Incoming request
Data: Array
(
    [action] => check_unread
)

[2026-01-14 11:54:07] Database connection successful
[2026-01-14 11:54:07] Action received
Data: check_unread
[2026-01-14 11:55:41] Incoming request
Data: Array
(
    [action] => check_unread
)

[2026-01-14 11:55:41] Database connection successful
[2026-01-14 11:55:41] Action received
Data: check_unread
[2026-01-14 11:55:56] Incoming request
Data: Array
(
    [action] => check_unread
)

[2026-01-14 11:55:56] Database connection successful
[2026-01-14 11:55:56] Action received
Data: check_unread
[2026-01-14 11:57:45] Incoming request
Data: Array
(
    [action] => check_unread
)

[2026-01-14 11:57:45] Database connection successful
[2026-01-14 11:57:45] Action received
Data: check_unread
[2026-01-14 11:57:56] Incoming request
Data: Array
(
    [action] => check_unread
)

[2026-01-14 11:57:56] Database connection successful
[2026-01-14 11:57:56] Action received
Data: check_unread
[2026-01-14 11:58:26] Incoming request
Data: Array
(
    [action] => check_unread
)

[2026-01-14 11:58:26] Database connection successful
[2026-01-14 11:58:26] Action received
Data: check_unread
[2026-01-14 11:58:56] Incoming request
Data: Array
(
    [action] => check_unread
)

[2026-01-14 11:58:56] Database connection successful
[2026-01-14 11:58:56] Action received
Data: check_unread
[2026-01-14 11:59:26] Incoming request
Data: Array
(
    [action] => check_unread
)

[2026-01-14 11:59:26] Database connection successful
[2026-01-14 11:59:26] Action received
Data: check_unread
[2026-01-14 11:59:57] Incoming request
Data: Array
(
    [action] => check_unread
)

[2026-01-14 11:59:57] Database connection successful
[2026-01-14 11:59:57] Action received
Data: check_unread
[2026-01-14 12:00:26] Incoming request
Data: Array
(
    [action] => check_unread
)

[2026-01-14 12:00:26] Database connection successful
[2026-01-14 12:00:26] Action received
Data: check_unread
[2026-01-14 12:01:23] Incoming request
Data: Array
(
    [action] => check_unread
)

[2026-01-14 12:01:23] Database connection successful
[2026-01-14 12:01:23] Action received
Data: check_unread
[2026-01-14 12:02:24] Incoming request
Data: Array
(
    [action] => check_unread
)

[2026-01-14 12:02:24] Database connection successful
[2026-01-14 12:02:24] Action received
Data: check_unread
[2026-01-14 12:03:23] Incoming request
Data: Array
(
    [action] => check_unread
)

[2026-01-14 12:03:23] Database connection successful
[2026-01-14 12:03:23] Action received
Data: check_unread
[2026-01-14 12:04:23] Incoming request
Data: Array
(
    [action] => check_unread
)

[2026-01-14 12:04:23] Database connection successful
[2026-01-14 12:04:23] Action received
Data: check_unread
[2026-01-14 12:05:23] Incoming request
Data: Array
(
    [action] => check_unread
)

[2026-01-14 12:05:23] Database connection successful
[2026-01-14 12:05:23] Action received
Data: check_unread
[2026-01-14 12:06:23] Incoming request
Data: Array
(
    [action] => check_unread
)

[2026-01-14 12:06:23] Database connection successful
[2026-01-14 12:06:23] Action received
Data: check_unread
[2026-01-14 12:07:33] Incoming request
Data: Array
(
    [action] => check_unread
)

[2026-01-14 12:07:33] Database connection successful
[2026-01-14 12:07:33] Action received
Data: check_unread
[2026-01-14 12:08:23] Incoming request
Data: Array
(
    [action] => check_unread
)

[2026-01-14 12:08:23] Database connection successful
[2026-01-14 12:08:23] Action received
Data: check_unread
[2026-01-14 12:09:23] Incoming request
Data: Array
(
    [action] => check_unread
)

[2026-01-14 12:09:23] Database connection successful
[2026-01-14 12:09:23] Action received
Data: check_unread
[2026-01-14 12:10:23] Incoming request
Data: Array
(
    [action] => check_unread
)

[2026-01-14 12:10:23] Database connection successful
[2026-01-14 12:10:23] Action received
Data: check_unread
[2026-01-14 12:11:23] Incoming request
Data: Array
(
    [action] => check_unread
)

[2026-01-14 12:11:23] Database connection successful
[2026-01-14 12:11:23] Action received
Data: check_unread
[2026-01-14 12:12:23] Incoming request
Data: Array
(
    [action] => check_unread
)

[2026-01-14 12:12:23] Database connection successful
[2026-01-14 12:12:23] Action received
Data: check_unread
[2026-01-14 12:13:23] Incoming request
Data: Array
(
    [action] => check_unread
)

[2026-01-14 12:13:23] Database connection successful
[2026-01-14 12:13:23] Action received
Data: check_unread
[2026-01-14 12:14:23] Incoming request
Data: Array
(
    [action] => check_unread
)

[2026-01-14 12:14:23] Database connection successful
[2026-01-14 12:14:23] Action received
Data: check_unread
[2026-01-15 14:03:52] Incoming request
Data: Array
(
    [action] => check_unread
)

[2026-01-15 14:03:52] Database connection successful
[2026-01-15 14:03:52] Action received
Data: check_unread
[2026-01-15 14:03:56] Incoming request
Data: Array
(
    [action] => check_unread
)

[2026-01-15 14:03:56] Database connection successful
[2026-01-15 14:03:56] Action received
Data: check_unread
[2026-01-15 17:46:39] Incoming request
Data: Array
(
    [action] => check_unread
)

[2026-01-15 17:46:39] Database connection successful
[2026-01-15 17:46:39] Action received
Data: check_unread
[2026-01-15 17:47:09] Incoming request
Data: Array
(
    [action] => check_unread
)

[2026-01-15 17:47:09] Database connection successful
[2026-01-15 17:47:09] Action received
Data: check_unread
[2026-01-15 18:31:36] Incoming request
Data: Array
(
    [action] => check_unread
)

[2026-01-15 18:31:36] Database connection successful
[2026-01-15 18:31:36] Action received
Data: check_unread
[2026-01-15 18:31:50] Incoming request
Data: Array
(
    [action] => check_unread
)

[2026-01-15 18:31:50] Database connection successful
[2026-01-15 18:31:50] Action received
Data: check_unread
[2026-01-15 18:31:53] Incoming request
Data: Array
(
    [action] => check_unread
)

[2026-01-15 18:31:53] Database connection successful
[2026-01-15 18:31:53] Action received
Data: check_unread
[2026-01-15 18:47:41] Incoming request
Data: Array
(
    [action] => check_unread
)

[2026-01-15 18:47:41] Database connection successful
[2026-01-15 18:47:41] Action received
Data: check_unread
[2026-01-15 18:47:50] Incoming request
Data: Array
(
    [action] => check_unread
)

[2026-01-15 18:47:50] Database connection successful
[2026-01-15 18:47:50] Action received
Data: check_unread
[2026-01-15 18:47:54] Incoming request
Data: Array
(
    [action] => check_unread
)

[2026-01-15 18:47:54] Database connection successful
[2026-01-15 18:47:54] Action received
Data: check_unread
[2026-01-15 18:47:59] Incoming request
Data: Array
(
    [action] => check_unread
)

[2026-01-15 18:47:59] Database connection successful
[2026-01-15 18:47:59] Action received
Data: check_unread
[2026-01-15 18:48:00] Incoming request
Data: Array
(
    [action] => check_unread
)

[2026-01-15 18:48:00] Database connection successful
[2026-01-15 18:48:00] Action received
Data: check_unread
[2026-01-15 18:48:07] Incoming request
Data: Array
(
    [action] => check_unread
)

[2026-01-15 18:48:07] Database connection successful
[2026-01-15 18:48:07] Action received
Data: check_unread
[2026-01-15 18:48:12] Incoming request
Data: Array
(
    [action] => check_unread
)

[2026-01-15 18:48:12] Database connection successful
[2026-01-15 18:48:12] Action received
Data: check_unread
[2026-01-15 18:48:15] Incoming request
Data: Array
(
    [action] => check_unread
)

[2026-01-15 18:48:15] Database connection successful
[2026-01-15 18:48:15] Action received
Data: check_unread
[2026-01-16 07:31:03] Incoming request
Data: Array
(
    [action] => check_unread
)

[2026-01-16 07:31:03] Database connection successful
[2026-01-16 07:31:03] Action received
Data: check_unread
[2026-01-16 07:31:10] Incoming request
Data: Array
(
    [action] => check_unread
)

[2026-01-16 07:31:10] Database connection successful
[2026-01-16 07:31:10] Action received
Data: check_unread
[2026-01-16 07:31:17] Incoming request
Data: Array
(
    [action] => check_unread
)

[2026-01-16 07:31:17] Database connection successful
[2026-01-16 07:31:17] Action received
Data: check_unread
[2026-01-16 07:31:26] Incoming request
Data: Array
(
    [action] => check_unread
)

[2026-01-16 07:31:26] Database connection successful
[2026-01-16 07:31:26] Action received
Data: check_unread
[2026-01-16 07:31:26] Incoming request
Data: Array
(
    [action] => check_unread
)

[2026-01-16 07:31:26] Database connection successful
[2026-01-16 07:31:26] Action received
Data: check_unread
[2026-01-16 07:31:30] Incoming request
Data: Array
(
    [action] => check_unread
)

[2026-01-16 07:31:30] Database connection successful
[2026-01-16 07:31:30] Action received
Data: check_unread
[2026-01-16 07:31:30] Incoming request
Data: Array
(
    [action] => check_unread
)

[2026-01-16 07:31:30] Database connection successful
[2026-01-16 07:31:30] Action received
Data: check_unread
[2026-01-16 07:32:00] Incoming request
Data: Array
(
    [action] => check_unread
)

[2026-01-16 07:32:00] Database connection successful
[2026-01-16 07:32:00] Action received
Data: check_unread
[2026-01-16 07:32:00] Incoming request
Data: Array
(
    [action] => check_unread
)

[2026-01-16 07:32:00] Database connection successful
[2026-01-16 07:32:00] Action received
Data: check_unread
[2026-01-16 07:32:00] Incoming request
Data: Array
(
    [action] => check_unread
)

[2026-01-16 07:32:00] Database connection successful
[2026-01-16 07:32:00] Action received
Data: check_unread
[2026-01-16 07:32:00] Incoming request
Data: Array
(
    [action] => check_unread
)

[2026-01-16 07:32:00] Database connection successful
[2026-01-16 07:32:00] Action received
Data: check_unread
[2026-01-16 07:32:31] Incoming request
Data: Array
(
    [action] => check_unread
)

[2026-01-16 07:32:31] Database connection successful
[2026-01-16 07:32:31] Action received
Data: check_unread
[2026-01-16 07:32:31] Incoming request
Data: Array
(
    [action] => check_unread
)

[2026-01-16 07:32:31] Database connection successful
[2026-01-16 07:32:31] Action received
Data: check_unread
[2026-01-16 07:33:01] Incoming request
Data: Array
(
    [action] => check_unread
)

[2026-01-16 07:33:01] Database connection successful
[2026-01-16 07:33:01] Action received
Data: check_unread
[2026-01-16 07:33:01] Incoming request
Data: Array
(
    [action] => check_unread
)

[2026-01-16 07:33:01] Database connection successful
[2026-01-16 07:33:01] Action received
Data: check_unread
[2026-01-16 07:33:31] Incoming request
Data: Array
(
    [action] => check_unread
)

[2026-01-16 07:33:31] Database connection successful
[2026-01-16 07:33:31] Action received
Data: check_unread
[2026-01-16 07:33:31] Incoming request
Data: Array
(
    [action] => check_unread
)

[2026-01-16 07:33:31] Database connection successful
[2026-01-16 07:33:31] Action received
Data: check_unread
[2026-01-16 07:34:01] Incoming request
Data: Array
(
    [action] => check_unread
)

[2026-01-16 07:34:01] Database connection successful
[2026-01-16 07:34:01] Action received
Data: check_unread
[2026-01-16 07:34:01] Incoming request
Data: Array
(
    [action] => check_unread
)

[2026-01-16 07:34:01] Database connection successful
[2026-01-16 07:34:01] Action received
Data: check_unread
[2026-01-16 07:34:31] Incoming request
Data: Array
(
    [action] => check_unread
)

[2026-01-16 07:34:31] Database connection successful
[2026-01-16 07:34:31] Action received
Data: check_unread
[2026-01-16 07:34:31] Incoming request
Data: Array
(
    [action] => check_unread
)

[2026-01-16 07:34:31] Database connection successful
[2026-01-16 07:34:31] Action received
Data: check_unread
[2026-01-16 07:35:01] Incoming request
Data: Array
(
    [action] => check_unread
)

[2026-01-16 07:35:02] Database connection successful
[2026-01-16 07:35:02] Action received
Data: check_unread
[2026-01-16 07:35:02] Incoming request
Data: Array
(
    [action] => check_unread
)

[2026-01-16 07:35:02] Database connection successful
[2026-01-16 07:35:02] Action received
Data: check_unread
[2026-01-16 07:35:31] Incoming request
Data: Array
(
    [action] => check_unread
)

[2026-01-16 07:35:31] Database connection successful
[2026-01-16 07:35:31] Action received
Data: check_unread
[2026-01-16 07:35:31] Incoming request
Data: Array
(
    [action] => check_unread
)

[2026-01-16 07:35:31] Database connection successful
[2026-01-16 07:35:31] Action received
Data: check_unread
[2026-01-16 07:36:32] Incoming request
Data: Array
(
    [action] => check_unread
)

[2026-01-16 07:36:32] Database connection successful
[2026-01-16 07:36:32] Action received
Data: check_unread
[2026-01-16 07:36:32] Incoming request
Data: Array
(
    [action] => check_unread
)

[2026-01-16 07:36:32] Database connection successful
[2026-01-16 07:36:32] Action received
Data: check_unread
[2026-01-16 07:37:33] Incoming request
Data: Array
(
    [action] => check_unread
)

[2026-01-16 07:37:34] Database connection successful
[2026-01-16 07:37:34] Action received
Data: check_unread
[2026-01-16 07:37:34] Incoming request
Data: Array
(
    [action] => check_unread
)

[2026-01-16 07:37:34] Database connection successful
[2026-01-16 07:37:34] Action received
Data: check_unread
[2026-01-16 07:38:34] Incoming request
Data: Array
(
    [action] => check_unread
)

[2026-01-16 07:38:34] Database connection successful
[2026-01-16 07:38:34] Action received
Data: check_unread
[2026-01-16 07:38:34] Incoming request
Data: Array
(
    [action] => check_unread
)

[2026-01-16 07:38:34] Database connection successful
[2026-01-16 07:38:34] Action received
Data: check_unread
[2026-01-16 07:39:35] Incoming request
Data: Array
(
    [action] => check_unread
)

[2026-01-16 07:39:35] Database connection successful
[2026-01-16 07:39:35] Action received
Data: check_unread
[2026-01-16 07:39:35] Incoming request
Data: Array
(
    [action] => check_unread
)

[2026-01-16 07:39:35] Database connection successful
[2026-01-16 07:39:35] Action received
Data: check_unread
[2026-01-16 07:40:36] Incoming request
Data: Array
(
    [action] => check_unread
)

[2026-01-16 07:40:36] Database connection successful
[2026-01-16 07:40:36] Action received
Data: check_unread
[2026-01-16 07:40:36] Incoming request
Data: Array
(
    [action] => check_unread
)

[2026-01-16 07:40:36] Database connection successful
[2026-01-16 07:40:36] Action received
Data: check_unread
[2026-01-16 07:41:37] Incoming request
Data: Array
(
    [action] => check_unread
)

[2026-01-16 07:41:37] Database connection successful
[2026-01-16 07:41:37] Action received
Data: check_unread
[2026-01-16 07:41:37] Incoming request
Data: Array
(
    [action] => check_unread
)

[2026-01-16 07:41:37] Database connection successful
[2026-01-16 07:41:37] Action received
Data: check_unread
[2026-01-16 07:42:38] Incoming request
Data: Array
(
    [action] => check_unread
)

[2026-01-16 07:42:38] Database connection successful
[2026-01-16 07:42:38] Action received
Data: check_unread
[2026-01-16 07:42:38] Incoming request
Data: Array
(
    [action] => check_unread
)

[2026-01-16 07:42:38] Database connection successful
[2026-01-16 07:42:38] Action received
Data: check_unread
[2026-01-16 07:43:39] Incoming request
Data: Array
(
    [action] => check_unread
)

[2026-01-16 07:43:39] Database connection successful
[2026-01-16 07:43:39] Action received
Data: check_unread
[2026-01-16 07:43:39] Incoming request
Data: Array
(
    [action] => check_unread
)

[2026-01-16 07:43:39] Database connection successful
[2026-01-16 07:43:39] Action received
Data: check_unread
[2026-01-16 07:44:40] Incoming request
Data: Array
(
    [action] => check_unread
)

[2026-01-16 07:44:40] Database connection successful
[2026-01-16 07:44:40] Action received
Data: check_unread
[2026-01-16 07:44:40] Incoming request
Data: Array
(
    [action] => check_unread
)

[2026-01-16 07:44:40] Database connection successful
[2026-01-16 07:44:40] Action received
Data: check_unread
[2026-01-16 07:45:41] Incoming request
Data: Array
(
    [action] => check_unread
)

[2026-01-16 07:45:41] Database connection successful
[2026-01-16 07:45:41] Action received
Data: check_unread
[2026-01-16 07:45:41] Incoming request
Data: Array
(
    [action] => check_unread
)

[2026-01-16 07:45:41] Database connection successful
[2026-01-16 07:45:41] Action received
Data: check_unread
[2026-01-16 07:46:42] Incoming request
Data: Array
(
    [action] => check_unread
)

[2026-01-16 07:46:42] Database connection successful
[2026-01-16 07:46:42] Action received
Data: check_unread
[2026-01-16 07:46:42] Incoming request
Data: Array
(
    [action] => check_unread
)

[2026-01-16 07:46:42] Database connection successful
[2026-01-16 07:46:42] Action received
Data: check_unread
[2026-01-16 07:47:42] Incoming request
Data: Array
(
    [action] => check_unread
)

[2026-01-16 07:47:42] Database connection successful
[2026-01-16 07:47:42] Action received
Data: check_unread
[2026-01-16 07:47:42] Incoming request
Data: Array
(
    [action] => check_unread
)

[2026-01-16 07:47:42] Database connection successful
[2026-01-16 07:47:42] Action received
Data: check_unread
[2026-01-16 07:48:42] Incoming request
Data: Array
(
    [action] => check_unread
)

[2026-01-16 07:48:42] Database connection successful
[2026-01-16 07:48:42] Action received
Data: check_unread
[2026-01-16 07:48:42] Incoming request
Data: Array
(
    [action] => check_unread
)

[2026-01-16 07:48:42] Database connection successful
[2026-01-16 07:48:42] Action received
Data: check_unread
[2026-01-16 07:49:42] Incoming request
Data: Array
(
    [action] => check_unread
)

[2026-01-16 07:49:42] Database connection successful
[2026-01-16 07:49:42] Action received
Data: check_unread
[2026-01-16 07:49:42] Incoming request
Data: Array
(
    [action] => check_unread
)

[2026-01-16 07:49:42] Database connection successful
[2026-01-16 07:49:42] Action received
Data: check_unread
[2026-01-16 07:50:01] Incoming request
Data: Array
(
    [action] => check_unread
)

[2026-01-16 07:50:02] Database connection successful
[2026-01-16 07:50:02] Action received
Data: check_unread
[2026-01-16 07:50:02] Incoming request
Data: Array
(
    [action] => check_unread
)

[2026-01-16 07:50:02] Database connection successful
[2026-01-16 07:50:02] Action received
Data: check_unread
[2026-01-16 07:50:31] Incoming request
Data: Array
(
    [action] => check_unread
)

[2026-01-16 07:50:31] Database connection successful
[2026-01-16 07:50:31] Action received
Data: check_unread
[2026-01-16 07:50:31] Incoming request
Data: Array
(
    [action] => check_unread
)

[2026-01-16 07:50:31] Database connection successful
[2026-01-16 07:50:31] Action received
Data: check_unread
[2026-01-16 07:51:32] Incoming request
Data: Array
(
    [action] => check_unread
)

[2026-01-16 07:51:32] Database connection successful
[2026-01-16 07:51:32] Action received
Data: check_unread
[2026-01-16 07:51:32] Incoming request
Data: Array
(
    [action] => check_unread
)

[2026-01-16 07:51:32] Database connection successful
[2026-01-16 07:51:32] Action received
Data: check_unread
[2026-01-16 07:52:33] Incoming request
Data: Array
(
    [action] => check_unread
)

[2026-01-16 07:52:33] Database connection successful
[2026-01-16 07:52:33] Action received
Data: check_unread
[2026-01-16 07:52:33] Incoming request
Data: Array
(
    [action] => check_unread
)

[2026-01-16 07:52:33] Database connection successful
[2026-01-16 07:52:33] Action received
Data: check_unread
[2026-01-16 07:53:34] Incoming request
Data: Array
(
    [action] => check_unread
)

[2026-01-16 07:53:34] Database connection successful
[2026-01-16 07:53:34] Action received
Data: check_unread
[2026-01-16 07:53:34] Incoming request
Data: Array
(
    [action] => check_unread
)

[2026-01-16 07:53:34] Database connection successful
[2026-01-16 07:53:34] Action received
Data: check_unread
[2026-01-16 07:54:35] Incoming request
Data: Array
(
    [action] => check_unread
)

[2026-01-16 07:54:35] Database connection successful
[2026-01-16 07:54:35] Action received
Data: check_unread
[2026-01-16 07:54:35] Incoming request
Data: Array
(
    [action] => check_unread
)

[2026-01-16 07:54:35] Database connection successful
[2026-01-16 07:54:35] Action received
Data: check_unread
[2026-01-16 07:55:34] Incoming request
Data: Array
(
    [action] => check_unread
)

[2026-01-16 07:55:34] Database connection successful
[2026-01-16 07:55:34] Action received
Data: check_unread
[2026-01-16 07:55:34] Incoming request
Data: Array
(
    [action] => check_unread
)

[2026-01-16 07:55:34] Database connection successful
[2026-01-16 07:55:34] Action received
Data: check_unread
[2026-01-16 07:56:01] Incoming request
Data: Array
(
    [action] => check_unread
)

[2026-01-16 07:56:01] Database connection successful
[2026-01-16 07:56:01] Action received
Data: check_unread
[2026-01-16 07:56:01] Incoming request
Data: Array
(
    [action] => check_unread
)

[2026-01-16 07:56:01] Database connection successful
[2026-01-16 07:56:01] Action received
Data: check_unread
[2026-01-16 07:56:31] Incoming request
Data: Array
(
    [action] => check_unread
)

[2026-01-16 07:56:31] Database connection successful
[2026-01-16 07:56:31] Action received
Data: check_unread
[2026-01-16 07:56:31] Incoming request
Data: Array
(
    [action] => check_unread
)

[2026-01-16 07:56:31] Database connection successful
[2026-01-16 07:56:31] Action received
Data: check_unread
[2026-01-16 07:57:32] Incoming request
Data: Array
(
    [action] => check_unread
)

[2026-01-16 07:57:32] Database connection successful
[2026-01-16 07:57:32] Action received
Data: check_unread
[2026-01-16 07:57:32] Incoming request
Data: Array
(
    [action] => check_unread
)

[2026-01-16 07:57:32] Database connection successful
[2026-01-16 07:57:32] Action received
Data: check_unread
[2026-01-16 07:58:33] Incoming request
Data: Array
(
    [action] => check_unread
)

[2026-01-16 07:58:33] Database connection successful
[2026-01-16 07:58:33] Action received
Data: check_unread
[2026-01-16 07:58:33] Incoming request
Data: Array
(
    [action] => check_unread
)

[2026-01-16 07:58:33] Database connection successful
[2026-01-16 07:58:33] Action received
Data: check_unread
[2026-01-16 07:59:34] Incoming request
Data: Array
(
    [action] => check_unread
)

[2026-01-16 07:59:34] Database connection successful
[2026-01-16 07:59:34] Action received
Data: check_unread
[2026-01-16 07:59:34] Incoming request
Data: Array
(
    [action] => check_unread
)

[2026-01-16 07:59:34] Database connection successful
[2026-01-16 07:59:34] Action received
Data: check_unread
[2026-01-16 08:00:35] Incoming request
Data: Array
(
    [action] => check_unread
)

[2026-01-16 08:00:35] Database connection successful
[2026-01-16 08:00:35] Action received
Data: check_unread
[2026-01-16 08:00:35] Incoming request
Data: Array
(
    [action] => check_unread
)

[2026-01-16 08:00:35] Database connection successful
[2026-01-16 08:00:35] Action received
Data: check_unread
[2026-01-16 08:01:36] Incoming request
Data: Array
(
    [action] => check_unread
)

[2026-01-16 08:01:36] Database connection successful
[2026-01-16 08:01:36] Action received
Data: check_unread
[2026-01-16 08:01:36] Incoming request
Data: Array
(
    [action] => check_unread
)

[2026-01-16 08:01:36] Database connection successful
[2026-01-16 08:01:36] Action received
Data: check_unread
[2026-01-16 08:02:37] Incoming request
Data: Array
(
    [action] => check_unread
)

[2026-01-16 08:02:37] Database connection successful
[2026-01-16 08:02:37] Action received
Data: check_unread
[2026-01-16 08:02:37] Incoming request
Data: Array
(
    [action] => check_unread
)

[2026-01-16 08:02:37] Database connection successful
[2026-01-16 08:02:37] Action received
Data: check_unread
[2026-01-16 08:03:38] Incoming request
Data: Array
(
    [action] => check_unread
)

[2026-01-16 08:03:38] Database connection successful
[2026-01-16 08:03:38] Action received
Data: check_unread
[2026-01-16 08:03:38] Incoming request
Data: Array
(
    [action] => check_unread
)

[2026-01-16 08:03:38] Database connection successful
[2026-01-16 08:03:38] Action received
Data: check_unread
[2026-01-16 08:04:39] Incoming request
Data: Array
(
    [action] => check_unread
)

[2026-01-16 08:04:39] Database connection successful
[2026-01-16 08:04:39] Action received
Data: check_unread
[2026-01-16 08:04:39] Incoming request
Data: Array
(
    [action] => check_unread
)

[2026-01-16 08:04:39] Database connection successful
[2026-01-16 08:04:39] Action received
Data: check_unread
[2026-01-16 08:05:40] Incoming request
Data: Array
(
    [action] => check_unread
)

[2026-01-16 08:05:40] Database connection successful
[2026-01-16 08:05:40] Action received
Data: check_unread
[2026-01-16 08:05:40] Incoming request
Data: Array
(
    [action] => check_unread
)

[2026-01-16 08:05:40] Database connection successful
[2026-01-16 08:05:40] Action received
Data: check_unread
[2026-01-16 08:06:41] Incoming request
Data: Array
(
    [action] => check_unread
)

[2026-01-16 08:06:41] Database connection successful
[2026-01-16 08:06:41] Action received
Data: check_unread
[2026-01-16 08:06:41] Incoming request
Data: Array
(
    [action] => check_unread
)

[2026-01-16 08:06:41] Database connection successful
[2026-01-16 08:06:41] Action received
Data: check_unread
[2026-01-16 08:07:42] Incoming request
Data: Array
(
    [action] => check_unread
)

[2026-01-16 08:07:42] Database connection successful
[2026-01-16 08:07:42] Action received
Data: check_unread
[2026-01-16 08:07:42] Incoming request
Data: Array
(
    [action] => check_unread
)

[2026-01-16 08:07:42] Database connection successful
[2026-01-16 08:07:42] Action received
Data: check_unread
[2026-01-16 08:08:14] Incoming request
Data: Array
(
    [action] => check_unread
)

[2026-01-16 08:08:14] Database connection successful
[2026-01-16 08:08:14] Action received
Data: check_unread
[2026-01-16 08:08:14] Incoming request
Data: Array
(
    [action] => check_unread
)

[2026-01-16 08:08:14] Database connection successful
[2026-01-16 08:08:14] Action received
Data: check_unread
[2026-01-16 08:08:31] Incoming request
Data: Array
(
    [action] => check_unread
)

[2026-01-16 08:08:31] Database connection successful
[2026-01-16 08:08:31] Action received
Data: check_unread
[2026-01-16 08:08:31] Incoming request
Data: Array
(
    [action] => check_unread
)

[2026-01-16 08:08:31] Database connection successful
[2026-01-16 08:08:31] Action received
Data: check_unread
[2026-01-16 08:09:01] Incoming request
Data: Array
(
    [action] => check_unread
)

[2026-01-16 08:09:01] Database connection successful
[2026-01-16 08:09:01] Action received
Data: check_unread
[2026-01-16 08:09:01] Incoming request
Data: Array
(
    [action] => check_unread
)

[2026-01-16 08:09:01] Database connection successful
[2026-01-16 08:09:01] Action received
Data: check_unread
[2026-01-16 08:09:42] Incoming request
Data: Array
(
    [action] => check_unread
)

[2026-01-16 08:09:42] Database connection successful
[2026-01-16 08:09:42] Action received
Data: check_unread
[2026-01-16 08:09:42] Incoming request
Data: Array
(
    [action] => check_unread
)

[2026-01-16 08:09:42] Database connection successful
[2026-01-16 08:09:42] Action received
Data: check_unread
[2026-01-16 08:10:42] Incoming request
Data: Array
(
    [action] => check_unread
)

[2026-01-16 08:10:42] Database connection successful
[2026-01-16 08:10:42] Action received
Data: check_unread
[2026-01-16 08:10:43] Incoming request
Data: Array
(
    [action] => check_unread
)

[2026-01-16 08:10:43] Database connection successful
[2026-01-16 08:10:43] Action received
Data: check_unread
[2026-01-16 08:11:40] Incoming request
Data: Array
(
    [action] => check_unread
)

[2026-01-16 08:11:40] Database connection successful
[2026-01-16 08:11:40] Action received
Data: check_unread
[2026-01-16 08:11:40] Incoming request
Data: Array
(
    [action] => check_unread
)

[2026-01-16 08:11:40] Database connection successful
[2026-01-16 08:11:40] Action received
Data: check_unread
[2026-01-16 08:12:01] Incoming request
Data: Array
(
    [action] => check_unread
)

[2026-01-16 08:12:02] Database connection successful
[2026-01-16 08:12:02] Action received
Data: check_unread
[2026-01-16 08:12:02] Incoming request
Data: Array
(
    [action] => check_unread
)

[2026-01-16 08:12:02] Database connection successful
[2026-01-16 08:12:02] Action received
Data: check_unread
[2026-01-16 08:12:31] Incoming request
Data: Array
(
    [action] => check_unread
)

[2026-01-16 08:12:31] Database connection successful
[2026-01-16 08:12:31] Action received
Data: check_unread
[2026-01-16 08:12:31] Incoming request
Data: Array
(
    [action] => check_unread
)

[2026-01-16 08:12:31] Database connection successful
[2026-01-16 08:12:31] Action received
Data: check_unread
[2026-01-16 08:13:32] Incoming request
Data: Array
(
    [action] => check_unread
)

[2026-01-16 08:13:32] Database connection successful
[2026-01-16 08:13:32] Action received
Data: check_unread
[2026-01-16 08:13:32] Incoming request
Data: Array
(
    [action] => check_unread
)

[2026-01-16 08:13:32] Database connection successful
[2026-01-16 08:13:32] Action received
Data: check_unread
[2026-01-16 08:14:33] Incoming request
Data: Array
(
    [action] => check_unread
)

[2026-01-16 08:14:33] Database connection successful
[2026-01-16 08:14:33] Action received
Data: check_unread
[2026-01-16 08:14:33] Incoming request
Data: Array
(
    [action] => check_unread
)

[2026-01-16 08:14:33] Database connection successful
[2026-01-16 08:14:33] Action received
Data: check_unread
[2026-01-16 08:15:34] Incoming request
Data: Array
(
    [action] => check_unread
)

[2026-01-16 08:15:34] Database connection successful
[2026-01-16 08:15:34] Action received
Data: check_unread
[2026-01-16 08:15:34] Incoming request
Data: Array
(
    [action] => check_unread
)

[2026-01-16 08:15:34] Database connection successful
[2026-01-16 08:15:34] Action received
Data: check_unread
[2026-01-16 08:16:35] Incoming request
Data: Array
(
    [action] => check_unread
)

[2026-01-16 08:16:35] Database connection successful
[2026-01-16 08:16:35] Action received
Data: check_unread
[2026-01-16 08:16:35] Incoming request
Data: Array
(
    [action] => check_unread
)

[2026-01-16 08:16:35] Database connection successful
[2026-01-16 08:16:35] Action received
Data: check_unread
[2026-01-16 08:17:36] Incoming request
Data: Array
(
    [action] => check_unread
)

[2026-01-16 08:17:36] Database connection successful
[2026-01-16 08:17:36] Action received
Data: check_unread
[2026-01-16 08:17:36] Incoming request
Data: Array
(
    [action] => check_unread
)

[2026-01-16 08:17:36] Database connection successful
[2026-01-16 08:17:36] Action received
Data: check_unread
[2026-01-16 08:18:37] Incoming request
Data: Array
(
    [action] => check_unread
)

[2026-01-16 08:18:37] Database connection successful
[2026-01-16 08:18:37] Action received
Data: check_unread
[2026-01-16 08:18:37] Incoming request
Data: Array
(
    [action] => check_unread
)

[2026-01-16 08:18:37] Database connection successful
[2026-01-16 08:18:37] Action received
Data: check_unread
[2026-01-16 08:19:38] Incoming request
Data: Array
(
    [action] => check_unread
)

[2026-01-16 08:19:38] Database connection successful
[2026-01-16 08:19:38] Action received
Data: check_unread
[2026-01-16 08:19:38] Incoming request
Data: Array
(
    [action] => check_unread
)

[2026-01-16 08:19:38] Database connection successful
[2026-01-16 08:19:38] Action received
Data: check_unread
[2026-01-16 08:20:39] Incoming request
Data: Array
(
    [action] => check_unread
)

[2026-01-16 08:20:39] Database connection successful
[2026-01-16 08:20:39] Action received
Data: check_unread
[2026-01-16 08:20:39] Incoming request
Data: Array
(
    [action] => check_unread
)

[2026-01-16 08:20:39] Database connection successful
[2026-01-16 08:20:39] Action received
Data: check_unread
[2026-01-16 08:21:40] Incoming request
Data: Array
(
    [action] => check_unread
)

[2026-01-16 08:21:40] Database connection successful
[2026-01-16 08:21:40] Action received
Data: check_unread
[2026-01-16 08:21:40] Incoming request
Data: Array
(
    [action] => check_unread
)

[2026-01-16 08:21:40] Database connection successful
[2026-01-16 08:21:40] Action received
Data: check_unread
[2026-01-16 08:22:41] Incoming request
Data: Array
(
    [action] => check_unread
)

[2026-01-16 08:22:41] Database connection successful
[2026-01-16 08:22:41] Action received
Data: check_unread
[2026-01-16 08:22:41] Incoming request
Data: Array
(
    [action] => check_unread
)

[2026-01-16 08:22:41] Database connection successful
[2026-01-16 08:22:41] Action received
Data: check_unread
[2026-01-16 08:23:46] Incoming request
Data: Array
(
    [action] => check_unread
)

[2026-01-16 08:23:47] Database connection successful
[2026-01-16 08:23:47] Action received
Data: check_unread
[2026-01-16 08:23:47] Incoming request
Data: Array
(
    [action] => check_unread
)

[2026-01-16 08:23:48] Database connection successful
[2026-01-16 08:23:48] Action received
Data: check_unread
[2026-01-16 08:24:42] Incoming request
Data: Array
(
    [action] => check_unread
)

[2026-01-16 08:24:42] Database connection successful
[2026-01-16 08:24:42] Action received
Data: check_unread
[2026-01-16 08:24:42] Incoming request
Data: Array
(
    [action] => check_unread
)

[2026-01-16 08:24:42] Database connection successful
[2026-01-16 08:24:42] Action received
Data: check_unread
[2026-01-16 08:25:20] Incoming request
Data: Array
(
    [action] => check_unread
)

[2026-01-16 08:25:20] Database connection successful
[2026-01-16 08:25:20] Action received
Data: check_unread
[2026-01-16 08:25:20] Incoming request
Data: Array
(
    [action] => check_unread
)

[2026-01-16 08:25:20] Database connection successful
[2026-01-16 08:25:20] Action received
Data: check_unread
[2026-01-16 08:25:31] Incoming request
Data: Array
(
    [action] => check_unread
)

[2026-01-16 08:25:31] Database connection successful
[2026-01-16 08:25:31] Action received
Data: check_unread
[2026-01-16 08:25:31] Incoming request
Data: Array
(
    [action] => check_unread
)

[2026-01-16 08:25:31] Database connection successful
[2026-01-16 08:25:31] Action received
Data: check_unread
[2026-01-16 08:26:01] Incoming request
Data: Array
(
    [action] => check_unread
)

[2026-01-16 08:26:01] Database connection successful
[2026-01-16 08:26:01] Action received
Data: check_unread
[2026-01-16 08:26:01] Incoming request
Data: Array
(
    [action] => check_unread
)

[2026-01-16 08:26:01] Database connection successful
[2026-01-16 08:26:01] Action received
Data: check_unread
[2026-01-16 08:26:42] Incoming request
Data: Array
(
    [action] => check_unread
)

[2026-01-16 08:26:42] Database connection successful
[2026-01-16 08:26:42] Action received
Data: check_unread
[2026-01-16 08:26:42] Incoming request
Data: Array
(
    [action] => check_unread
)

[2026-01-16 08:26:42] Database connection successful
[2026-01-16 08:26:42] Action received
Data: check_unread
[2026-01-16 08:27:42] Incoming request
Data: Array
(
    [action] => check_unread
)

[2026-01-16 08:27:42] Database connection successful
[2026-01-16 08:27:42] Action received
Data: check_unread
[2026-01-16 08:27:42] Incoming request
Data: Array
(
    [action] => check_unread
)

[2026-01-16 08:27:42] Database connection successful
[2026-01-16 08:27:42] Action received
Data: check_unread
[2026-01-16 08:28:42] Incoming request
Data: Array
(
    [action] => check_unread
)

[2026-01-16 08:28:42] Database connection successful
[2026-01-16 08:28:42] Action received
Data: check_unread
[2026-01-16 08:28:42] Incoming request
Data: Array
(
    [action] => check_unread
)

[2026-01-16 08:28:42] Database connection successful
[2026-01-16 08:28:42] Action received
Data: check_unread
[2026-01-16 08:29:42] Incoming request
Data: Array
(
    [action] => check_unread
)

[2026-01-16 08:29:43] Database connection successful
[2026-01-16 08:29:43] Action received
Data: check_unread
[2026-01-16 08:29:43] Incoming request
Data: Array
(
    [action] => check_unread
)

[2026-01-16 08:29:43] Database connection successful
[2026-01-16 08:29:43] Action received
Data: check_unread
[2026-01-16 08:30:42] Incoming request
Data: Array
(
    [action] => check_unread
)

[2026-01-16 08:30:42] Database connection successful
[2026-01-16 08:30:42] Action received
Data: check_unread
[2026-01-16 08:30:42] Incoming request
Data: Array
(
    [action] => check_unread
)

[2026-01-16 08:30:42] Database connection successful
[2026-01-16 08:30:42] Action received
Data: check_unread
[2026-01-16 08:31:42] Incoming request
Data: Array
(
    [action] => check_unread
)

[2026-01-16 08:31:42] Database connection successful
[2026-01-16 08:31:42] Action received
Data: check_unread
[2026-01-16 08:31:42] Incoming request
Data: Array
(
    [action] => check_unread
)

[2026-01-16 08:31:42] Database connection successful
[2026-01-16 08:31:42] Action received
Data: check_unread
[2026-01-16 08:32:42] Incoming request
Data: Array
(
    [action] => check_unread
)

[2026-01-16 08:32:42] Database connection successful
[2026-01-16 08:32:42] Action received
Data: check_unread
[2026-01-16 08:32:42] Incoming request
Data: Array
(
    [action] => check_unread
)

[2026-01-16 08:32:42] Database connection successful
[2026-01-16 08:32:42] Action received
Data: check_unread
[2026-01-16 08:33:42] Incoming request
Data: Array
(
    [action] => check_unread
)

[2026-01-16 08:33:42] Database connection successful
[2026-01-16 08:33:42] Action received
Data: check_unread
[2026-01-16 08:33:42] Incoming request
Data: Array
(
    [action] => check_unread
)

[2026-01-16 08:33:42] Database connection successful
[2026-01-16 08:33:42] Action received
Data: check_unread
[2026-01-16 08:34:42] Incoming request
Data: Array
(
    [action] => check_unread
)

[2026-01-16 08:34:42] Database connection successful
[2026-01-16 08:34:42] Action received
Data: check_unread
[2026-01-16 08:34:42] Incoming request
Data: Array
(
    [action] => check_unread
)

[2026-01-16 08:34:42] Database connection successful
[2026-01-16 08:34:42] Action received
Data: check_unread
[2026-01-16 08:35:42] Incoming request
Data: Array
(
    [action] => check_unread
)

[2026-01-16 08:35:42] Database connection successful
[2026-01-16 08:35:42] Action received
Data: check_unread
[2026-01-16 08:35:42] Incoming request
Data: Array
(
    [action] => check_unread
)

[2026-01-16 08:35:42] Database connection successful
[2026-01-16 08:35:42] Action received
Data: check_unread
[2026-01-16 08:36:42] Incoming request
Data: Array
(
    [action] => check_unread
)

[2026-01-16 08:36:42] Database connection successful
[2026-01-16 08:36:42] Action received
Data: check_unread
[2026-01-16 08:36:42] Incoming request
Data: Array
(
    [action] => check_unread
)

[2026-01-16 08:36:42] Database connection successful
[2026-01-16 08:36:42] Action received
Data: check_unread
[2026-01-16 08:37:42] Incoming request
Data: Array
(
    [action] => check_unread
)

[2026-01-16 08:37:42] Database connection successful
[2026-01-16 08:37:42] Action received
Data: check_unread
[2026-01-16 08:37:42] Incoming request
Data: Array
(
    [action] => check_unread
)

[2026-01-16 08:37:42] Database connection successful
[2026-01-16 08:37:42] Action received
Data: check_unread
[2026-01-16 08:38:42] Incoming request
Data: Array
(
    [action] => check_unread
)

[2026-01-16 08:38:42] Database connection successful
[2026-01-16 08:38:42] Action received
Data: check_unread
[2026-01-16 08:38:42] Incoming request
Data: Array
(
    [action] => check_unread
)

[2026-01-16 08:38:42] Database connection successful
[2026-01-16 08:38:42] Action received
Data: check_unread
[2026-01-16 08:39:42] Incoming request
Data: Array
(
    [action] => check_unread
)

[2026-01-16 08:39:42] Database connection successful
[2026-01-16 08:39:42] Action received
Data: check_unread
[2026-01-16 08:39:42] Incoming request
Data: Array
(
    [action] => check_unread
)

[2026-01-16 08:39:42] Database connection successful
[2026-01-16 08:39:42] Action received
Data: check_unread
[2026-01-16 08:40:42] Incoming request
Data: Array
(
    [action] => check_unread
)

[2026-01-16 08:40:42] Database connection successful
[2026-01-16 08:40:42] Action received
Data: check_unread
[2026-01-16 08:40:42] Incoming request
Data: Array
(
    [action] => check_unread
)

[2026-01-16 08:40:42] Database connection successful
[2026-01-16 08:40:42] Action received
Data: check_unread
[2026-01-16 08:41:42] Incoming request
Data: Array
(
    [action] => check_unread
)

[2026-01-16 08:41:42] Database connection successful
[2026-01-16 08:41:42] Action received
Data: check_unread
[2026-01-16 08:41:42] Incoming request
Data: Array
(
    [action] => check_unread
)

[2026-01-16 08:41:42] Database connection successful
[2026-01-16 08:41:42] Action received
Data: check_unread
[2026-01-16 08:42:42] Incoming request
Data: Array
(
    [action] => check_unread
)

[2026-01-16 08:42:42] Database connection successful
[2026-01-16 08:42:42] Action received
Data: check_unread
[2026-01-16 08:42:42] Incoming request
Data: Array
(
    [action] => check_unread
)

[2026-01-16 08:42:42] Database connection successful
[2026-01-16 08:42:42] Action received
Data: check_unread
[2026-01-16 08:43:43] Incoming request
Data: Array
(
    [action] => check_unread
)

[2026-01-16 08:43:43] Database connection successful
[2026-01-16 08:43:43] Action received
Data: check_unread
[2026-01-16 08:43:43] Incoming request
Data: Array
(
    [action] => check_unread
)

[2026-01-16 08:43:43] Database connection successful
[2026-01-16 08:43:43] Action received
Data: check_unread
[2026-01-16 08:44:42] Incoming request
Data: Array
(
    [action] => check_unread
)

[2026-01-16 08:44:42] Database connection successful
[2026-01-16 08:44:42] Action received
Data: check_unread
[2026-01-16 08:44:42] Incoming request
Data: Array
(
    [action] => check_unread
)

[2026-01-16 08:44:42] Database connection successful
[2026-01-16 08:44:42] Action received
Data: check_unread
[2026-01-16 08:45:42] Incoming request
Data: Array
(
    [action] => check_unread
)

[2026-01-16 08:45:42] Database connection successful
[2026-01-16 08:45:42] Action received
Data: check_unread
[2026-01-16 08:45:42] Incoming request
Data: Array
(
    [action] => check_unread
)

[2026-01-16 08:45:42] Database connection successful
[2026-01-16 08:45:42] Action received
Data: check_unread
[2026-01-16 08:46:12] Incoming request
Data: Array
(
    [action] => check_unread
)

[2026-01-16 08:46:13] Database connection successful
[2026-01-16 08:46:13] Action received
Data: check_unread
[2026-01-16 08:46:13] Incoming request
Data: Array
(
    [action] => check_unread
)

[2026-01-16 08:46:13] Database connection successful
[2026-01-16 08:46:13] Action received
Data: check_unread
[2026-01-16 08:46:31] Incoming request
Data: Array
(
    [action] => check_unread
)

[2026-01-16 08:46:31] Database connection successful
[2026-01-16 08:46:31] Action received
Data: check_unread
[2026-01-16 08:46:31] Incoming request
Data: Array
(
    [action] => check_unread
)

[2026-01-16 08:46:31] Database connection successful
[2026-01-16 08:46:31] Action received
Data: check_unread
[2026-01-16 08:47:01] Incoming request
Data: Array
(
    [action] => check_unread
)

[2026-01-16 08:47:01] Database connection successful
[2026-01-16 08:47:01] Action received
Data: check_unread
[2026-01-16 08:47:01] Incoming request
Data: Array
(
    [action] => check_unread
)

[2026-01-16 08:47:01] Database connection successful
[2026-01-16 08:47:01] Action received
Data: check_unread
[2026-01-16 08:47:42] Incoming request
Data: Array
(
    [action] => check_unread
)

[2026-01-16 08:47:42] Database connection successful
[2026-01-16 08:47:42] Action received
Data: check_unread
[2026-01-16 08:47:42] Incoming request
Data: Array
(
    [action] => check_unread
)

[2026-01-16 08:47:42] Database connection successful
[2026-01-16 08:47:42] Action received
Data: check_unread
[2026-01-16 08:48:42] Incoming request
Data: Array
(
    [action] => check_unread
)

[2026-01-16 08:48:43] Database connection successful
[2026-01-16 08:48:43] Action received
Data: check_unread
[2026-01-16 08:48:43] Incoming request
Data: Array
(
    [action] => check_unread
)

[2026-01-16 08:48:43] Database connection successful
[2026-01-16 08:48:43] Action received
Data: check_unread
[2026-01-16 08:49:42] Incoming request
Data: Array
(
    [action] => check_unread
)

[2026-01-16 08:49:42] Database connection successful
[2026-01-16 08:49:42] Action received
Data: check_unread
[2026-01-16 08:49:42] Incoming request
Data: Array
(
    [action] => check_unread
)

[2026-01-16 08:49:42] Database connection successful
[2026-01-16 08:49:42] Action received
Data: check_unread
[2026-01-16 08:50:42] Incoming request
Data: Array
(
    [action] => check_unread
)

[2026-01-16 08:50:42] Database connection successful
[2026-01-16 08:50:42] Action received
Data: check_unread
[2026-01-16 08:50:42] Incoming request
Data: Array
(
    [action] => check_unread
)

[2026-01-16 08:50:42] Database connection successful
[2026-01-16 08:50:42] Action received
Data: check_unread
[2026-01-16 08:51:42] Incoming request
Data: Array
(
    [action] => check_unread
)

[2026-01-16 08:51:42] Database connection successful
[2026-01-16 08:51:42] Action received
Data: check_unread
[2026-01-16 08:51:42] Incoming request
Data: Array
(
    [action] => check_unread
)

[2026-01-16 08:51:42] Database connection successful
[2026-01-16 08:51:42] Action received
Data: check_unread
[2026-01-16 08:52:42] Incoming request
Data: Array
(
    [action] => check_unread
)

[2026-01-16 08:52:42] Database connection successful
[2026-01-16 08:52:42] Action received
Data: check_unread
[2026-01-16 08:52:42] Incoming request
Data: Array
(
    [action] => check_unread
)

[2026-01-16 08:52:42] Database connection successful
[2026-01-16 08:52:42] Action received
Data: check_unread
[2026-01-16 08:53:42] Incoming request
Data: Array
(
    [action] => check_unread
)

[2026-01-16 08:53:42] Database connection successful
[2026-01-16 08:53:42] Action received
Data: check_unread
[2026-01-16 08:53:42] Incoming request
Data: Array
(
    [action] => check_unread
)

[2026-01-16 08:53:42] Database connection successful
[2026-01-16 08:53:42] Action received
Data: check_unread
[2026-01-16 08:54:42] Incoming request
Data: Array
(
    [action] => check_unread
)

[2026-01-16 08:54:42] Database connection successful
[2026-01-16 08:54:42] Action received
Data: check_unread
[2026-01-16 08:54:42] Incoming request
Data: Array
(
    [action] => check_unread
)

[2026-01-16 08:54:42] Database connection successful
[2026-01-16 08:54:42] Action received
Data: check_unread
[2026-01-16 08:55:42] Incoming request
Data: Array
(
    [action] => check_unread
)

[2026-01-16 08:55:42] Database connection successful
[2026-01-16 08:55:42] Action received
Data: check_unread
[2026-01-16 08:55:42] Incoming request
Data: Array
(
    [action] => check_unread
)

[2026-01-16 08:55:42] Database connection successful
[2026-01-16 08:55:42] Action received
Data: check_unread
[2026-01-16 08:56:42] Incoming request
Data: Array
(
    [action] => check_unread
)

[2026-01-16 08:56:42] Database connection successful
[2026-01-16 08:56:42] Action received
Data: check_unread
[2026-01-16 08:56:42] Incoming request
Data: Array
(
    [action] => check_unread
)

[2026-01-16 08:56:42] Database connection successful
[2026-01-16 08:56:42] Action received
Data: check_unread
[2026-01-16 08:57:42] Incoming request
Data: Array
(
    [action] => check_unread
)

[2026-01-16 08:57:42] Database connection successful
[2026-01-16 08:57:42] Action received
Data: check_unread
[2026-01-16 08:57:42] Incoming request
Data: Array
(
    [action] => check_unread
)

[2026-01-16 08:57:42] Database connection successful
[2026-01-16 08:57:42] Action received
Data: check_unread
[2026-01-16 08:58:42] Incoming request
Data: Array
(
    [action] => check_unread
)

[2026-01-16 08:58:42] Database connection successful
[2026-01-16 08:58:42] Action received
Data: check_unread
[2026-01-16 08:58:42] Incoming request
Data: Array
(
    [action] => check_unread
)

[2026-01-16 08:58:42] Database connection successful
[2026-01-16 08:58:42] Action received
Data: check_unread
[2026-01-16 08:59:42] Incoming request
Data: Array
(
    [action] => check_unread
)

[2026-01-16 08:59:42] Database connection successful
[2026-01-16 08:59:42] Action received
Data: check_unread
[2026-01-16 08:59:42] Incoming request
Data: Array
(
    [action] => check_unread
)

[2026-01-16 08:59:42] Database connection successful
[2026-01-16 08:59:42] Action received
Data: check_unread
[2026-01-16 09:00:42] Incoming request
Data: Array
(
    [action] => check_unread
)

[2026-01-16 09:00:42] Database connection successful
[2026-01-16 09:00:42] Action received
Data: check_unread
[2026-01-16 09:00:42] Incoming request
Data: Array
(
    [action] => check_unread
)

[2026-01-16 09:00:42] Database connection successful
[2026-01-16 09:00:42] Action received
Data: check_unread
[2026-01-16 09:01:42] Incoming request
Data: Array
(
    [action] => check_unread
)

[2026-01-16 09:01:42] Database connection successful
[2026-01-16 09:01:42] Action received
Data: check_unread
[2026-01-16 09:01:42] Incoming request
Data: Array
(
    [action] => check_unread
)

[2026-01-16 09:01:42] Database connection successful
[2026-01-16 09:01:42] Action received
Data: check_unread
[2026-01-16 09:02:42] Incoming request
Data: Array
(
    [action] => check_unread
)

[2026-01-16 09:02:42] Database connection successful
[2026-01-16 09:02:42] Action received
Data: check_unread
[2026-01-16 09:02:42] Incoming request
Data: Array
(
    [action] => check_unread
)

[2026-01-16 09:02:42] Database connection successful
[2026-01-16 09:02:42] Action received
Data: check_unread
[2026-01-16 09:03:42] Incoming request
Data: Array
(
    [action] => check_unread
)

[2026-01-16 09:03:42] Database connection successful
[2026-01-16 09:03:42] Action received
Data: check_unread
[2026-01-16 09:03:42] Incoming request
Data: Array
(
    [action] => check_unread
)

[2026-01-16 09:03:42] Database connection successful
[2026-01-16 09:03:42] Action received
Data: check_unread
[2026-01-16 09:04:42] Incoming request
Data: Array
(
    [action] => check_unread
)

[2026-01-16 09:04:42] Database connection successful
[2026-01-16 09:04:42] Action received
Data: check_unread
[2026-01-16 09:04:42] Incoming request
Data: Array
(
    [action] => check_unread
)

[2026-01-16 09:04:42] Database connection successful
[2026-01-16 09:04:42] Action received
Data: check_unread
[2026-01-16 09:05:42] Incoming request
Data: Array
(
    [action] => check_unread
)

[2026-01-16 09:05:42] Database connection successful
[2026-01-16 09:05:42] Action received
Data: check_unread
[2026-01-16 09:05:42] Incoming request
Data: Array
(
    [action] => check_unread
)

[2026-01-16 09:05:42] Database connection successful
[2026-01-16 09:05:42] Action received
Data: check_unread
[2026-01-16 09:06:42] Incoming request
Data: Array
(
    [action] => check_unread
)

[2026-01-16 09:06:42] Database connection successful
[2026-01-16 09:06:42] Action received
Data: check_unread
[2026-01-16 09:06:42] Incoming request
Data: Array
(
    [action] => check_unread
)

[2026-01-16 09:06:42] Database connection successful
[2026-01-16 09:06:42] Action received
Data: check_unread
[2026-01-16 09:07:42] Incoming request
Data: Array
(
    [action] => check_unread
)

[2026-01-16 09:07:42] Database connection successful
[2026-01-16 09:07:42] Action received
Data: check_unread
[2026-01-16 09:07:42] Incoming request
Data: Array
(
    [action] => check_unread
)

[2026-01-16 09:07:42] Database connection successful
[2026-01-16 09:07:42] Action received
Data: check_unread
[2026-01-16 09:08:42] Incoming request
Data: Array
(
    [action] => check_unread
)

[2026-01-16 09:08:42] Database connection successful
[2026-01-16 09:08:42] Action received
Data: check_unread
[2026-01-16 09:08:42] Incoming request
Data: Array
(
    [action] => check_unread
)

[2026-01-16 09:08:42] Database connection successful
[2026-01-16 09:08:42] Action received
Data: check_unread
[2026-01-16 09:09:42] Incoming request
Data: Array
(
    [action] => check_unread
)

[2026-01-16 09:09:42] Database connection successful
[2026-01-16 09:09:42] Action received
Data: check_unread
[2026-01-16 09:09:42] Incoming request
Data: Array
(
    [action] => check_unread
)

[2026-01-16 09:09:42] Database connection successful
[2026-01-16 09:09:42] Action received
Data: check_unread
[2026-01-16 09:10:42] Incoming request
Data: Array
(
    [action] => check_unread
)

[2026-01-16 09:10:42] Database connection successful
[2026-01-16 09:10:42] Action received
Data: check_unread
[2026-01-16 09:10:42] Incoming request
Data: Array
(
    [action] => check_unread
)

[2026-01-16 09:10:42] Database connection successful
[2026-01-16 09:10:42] Action received
Data: check_unread
[2026-01-16 09:11:42] Incoming request
Data: Array
(
    [action] => check_unread
)

[2026-01-16 09:11:42] Database connection successful
[2026-01-16 09:11:42] Action received
Data: check_unread
[2026-01-16 09:11:42] Incoming request
Data: Array
(
    [action] => check_unread
)

[2026-01-16 09:11:42] Database connection successful
[2026-01-16 09:11:42] Action received
Data: check_unread
[2026-01-16 10:16:51] Incoming request
Data: Array
(
    [action] => check_unread
)

[2026-01-16 10:16:51] Database connection successful
[2026-01-16 10:16:51] Action received
Data: check_unread
[2026-01-16 10:16:51] Incoming request
Data: Array
(
    [action] => check_unread
)

[2026-01-16 10:16:51] Database connection successful
[2026-01-16 10:16:51] Action received
Data: check_unread
[2026-01-16 10:17:42] Incoming request
Data: Array
(
    [action] => check_unread
)

[2026-01-16 10:17:42] Database connection successful
[2026-01-16 10:17:42] Action received
Data: check_unread
[2026-01-16 10:17:42] Incoming request
Data: Array
(
    [action] => check_unread
)

[2026-01-16 10:17:42] Database connection successful
[2026-01-16 10:17:42] Action received
Data: check_unread
[2026-01-16 10:18:42] Incoming request
Data: Array
(
    [action] => check_unread
)

[2026-01-16 10:18:42] Database connection successful
[2026-01-16 10:18:42] Action received
Data: check_unread
[2026-01-16 10:18:42] Incoming request
Data: Array
(
    [action] => check_unread
)

[2026-01-16 10:18:42] Database connection successful
[2026-01-16 10:18:42] Action received
Data: check_unread
[2026-01-16 10:19:42] Incoming request
Data: Array
(
    [action] => check_unread
)

[2026-01-16 10:19:42] Database connection successful
[2026-01-16 10:19:42] Action received
Data: check_unread
[2026-01-16 10:19:42] Incoming request
Data: Array
(
    [action] => check_unread
)

[2026-01-16 10:19:42] Database connection successful
[2026-01-16 10:19:42] Action received
Data: check_unread
[2026-01-16 10:20:42] Incoming request
Data: Array
(
    [action] => check_unread
)

[2026-01-16 10:20:42] Database connection successful
[2026-01-16 10:20:42] Action received
Data: check_unread
[2026-01-16 10:20:42] Incoming request
Data: Array
(
    [action] => check_unread
)

[2026-01-16 10:20:42] Database connection successful
[2026-01-16 10:20:42] Action received
Data: check_unread
[2026-01-16 10:21:42] Incoming request
Data: Array
(
    [action] => check_unread
)

[2026-01-16 10:21:42] Database connection successful
[2026-01-16 10:21:42] Action received
Data: check_unread
[2026-01-16 10:21:42] Incoming request
Data: Array
(
    [action] => check_unread
)

[2026-01-16 10:21:42] Database connection successful
[2026-01-16 10:21:42] Action received
Data: check_unread
[2026-01-16 10:22:42] Incoming request
Data: Array
(
    [action] => check_unread
)

[2026-01-16 10:22:42] Database connection successful
[2026-01-16 10:22:42] Action received
Data: check_unread
[2026-01-16 10:22:42] Incoming request
Data: Array
(
    [action] => check_unread
)

[2026-01-16 10:22:42] Database connection successful
[2026-01-16 10:22:42] Action received
Data: check_unread
[2026-01-16 10:23:42] Incoming request
Data: Array
(
    [action] => check_unread
)

[2026-01-16 10:23:42] Database connection successful
[2026-01-16 10:23:42] Action received
Data: check_unread
[2026-01-16 10:23:42] Incoming request
Data: Array
(
    [action] => check_unread
)

[2026-01-16 10:23:42] Database connection successful
[2026-01-16 10:23:42] Action received
Data: check_unread
[2026-01-16 10:24:42] Incoming request
Data: Array
(
    [action] => check_unread
)

[2026-01-16 10:24:42] Database connection successful
[2026-01-16 10:24:42] Action received
Data: check_unread
[2026-01-16 10:24:42] Incoming request
Data: Array
(
    [action] => check_unread
)

[2026-01-16 10:24:42] Database connection successful
[2026-01-16 10:24:42] Action received
Data: check_unread
[2026-01-16 10:25:42] Incoming request
Data: Array
(
    [action] => check_unread
)

[2026-01-16 10:25:42] Database connection successful
[2026-01-16 10:25:42] Action received
Data: check_unread
[2026-01-16 10:25:42] Incoming request
Data: Array
(
    [action] => check_unread
)

[2026-01-16 10:25:42] Database connection successful
[2026-01-16 10:25:42] Action received
Data: check_unread
[2026-01-16 10:26:42] Incoming request
Data: Array
(
    [action] => check_unread
)

[2026-01-16 10:26:42] Database connection successful
[2026-01-16 10:26:42] Action received
Data: check_unread
[2026-01-16 10:26:42] Incoming request
Data: Array
(
    [action] => check_unread
)

[2026-01-16 10:26:42] Database connection successful
[2026-01-16 10:26:42] Action received
Data: check_unread
[2026-01-16 10:27:42] Incoming request
Data: Array
(
    [action] => check_unread
)

[2026-01-16 10:27:42] Database connection successful
[2026-01-16 10:27:42] Action received
Data: check_unread
[2026-01-16 10:27:42] Incoming request
Data: Array
(
    [action] => check_unread
)

[2026-01-16 10:27:42] Database connection successful
[2026-01-16 10:27:42] Action received
Data: check_unread
[2026-01-16 10:28:42] Incoming request
Data: Array
(
    [action] => check_unread
)

[2026-01-16 10:28:42] Database connection successful
[2026-01-16 10:28:42] Action received
Data: check_unread
[2026-01-16 10:28:42] Incoming request
Data: Array
(
    [action] => check_unread
)

[2026-01-16 10:28:42] Database connection successful
[2026-01-16 10:28:42] Action received
Data: check_unread
[2026-01-16 10:29:42] Incoming request
Data: Array
(
    [action] => check_unread
)

[2026-01-16 10:29:42] Database connection successful
[2026-01-16 10:29:42] Action received
Data: check_unread
[2026-01-16 10:29:42] Incoming request
Data: Array
(
    [action] => check_unread
)

[2026-01-16 10:29:42] Database connection successful
[2026-01-16 10:29:42] Action received
Data: check_unread
[2026-01-16 10:30:42] Incoming request
Data: Array
(
    [action] => check_unread
)

[2026-01-16 10:30:42] Database connection successful
[2026-01-16 10:30:42] Action received
Data: check_unread
[2026-01-16 10:30:42] Incoming request
Data: Array
(
    [action] => check_unread
)

[2026-01-16 10:30:42] Database connection successful
[2026-01-16 10:30:42] Action received
Data: check_unread
[2026-01-16 10:31:42] Incoming request
Data: Array
(
    [action] => check_unread
)

[2026-01-16 10:31:42] Database connection successful
[2026-01-16 10:31:42] Action received
Data: check_unread
[2026-01-16 10:31:42] Incoming request
Data: Array
(
    [action] => check_unread
)

[2026-01-16 10:31:42] Database connection successful
[2026-01-16 10:31:42] Action received
Data: check_unread
[2026-01-16 10:32:42] Incoming request
Data: Array
(
    [action] => check_unread
)

[2026-01-16 10:32:42] Database connection successful
[2026-01-16 10:32:42] Action received
Data: check_unread
[2026-01-16 10:32:42] Incoming request
Data: Array
(
    [action] => check_unread
)

[2026-01-16 10:32:42] Database connection successful
[2026-01-16 10:32:42] Action received
Data: check_unread
[2026-01-16 10:33:42] Incoming request
Data: Array
(
    [action] => check_unread
)

[2026-01-16 10:33:42] Database connection successful
[2026-01-16 10:33:42] Action received
Data: check_unread
[2026-01-16 10:33:42] Incoming request
Data: Array
(
    [action] => check_unread
)

[2026-01-16 10:33:42] Database connection successful
[2026-01-16 10:33:42] Action received
Data: check_unread
[2026-01-16 10:34:42] Incoming request
Data: Array
(
    [action] => check_unread
)

[2026-01-16 10:34:42] Database connection successful
[2026-01-16 10:34:42] Action received
Data: check_unread
[2026-01-16 10:34:42] Incoming request
Data: Array
(
    [action] => check_unread
)

[2026-01-16 10:34:42] Database connection successful
[2026-01-16 10:34:42] Action received
Data: check_unread
[2026-01-16 10:35:42] Incoming request
Data: Array
(
    [action] => check_unread
)

[2026-01-16 10:35:42] Database connection successful
[2026-01-16 10:35:42] Action received
Data: check_unread
[2026-01-16 10:35:42] Incoming request
Data: Array
(
    [action] => check_unread
)

[2026-01-16 10:35:42] Database connection successful
[2026-01-16 10:35:42] Action received
Data: check_unread
[2026-01-16 10:36:42] Incoming request
Data: Array
(
    [action] => check_unread
)

[2026-01-16 10:36:42] Database connection successful
[2026-01-16 10:36:42] Action received
Data: check_unread
[2026-01-16 10:36:42] Incoming request
Data: Array
(
    [action] => check_unread
)

[2026-01-16 10:36:42] Database connection successful
[2026-01-16 10:36:42] Action received
Data: check_unread
[2026-01-16 10:37:42] Incoming request
Data: Array
(
    [action] => check_unread
)

[2026-01-16 10:37:42] Database connection successful
[2026-01-16 10:37:42] Action received
Data: check_unread
[2026-01-16 10:37:42] Incoming request
Data: Array
(
    [action] => check_unread
)

[2026-01-16 10:37:42] Database connection successful
[2026-01-16 10:37:42] Action received
Data: check_unread
[2026-01-16 10:38:42] Incoming request
Data: Array
(
    [action] => check_unread
)

[2026-01-16 10:38:42] Database connection successful
[2026-01-16 10:38:42] Action received
Data: check_unread
[2026-01-16 10:38:42] Incoming request
Data: Array
(
    [action] => check_unread
)

[2026-01-16 10:38:42] Database connection successful
[2026-01-16 10:38:42] Action received
Data: check_unread
[2026-01-16 10:39:42] Incoming request
Data: Array
(
    [action] => check_unread
)

[2026-01-16 10:39:42] Database connection successful
[2026-01-16 10:39:42] Action received
Data: check_unread
[2026-01-16 10:39:42] Incoming request
Data: Array
(
    [action] => check_unread
)

[2026-01-16 10:39:42] Database connection successful
[2026-01-16 10:39:42] Action received
Data: check_unread
[2026-01-16 10:40:42] Incoming request
Data: Array
(
    [action] => check_unread
)

[2026-01-16 10:40:42] Database connection successful
[2026-01-16 10:40:42] Action received
Data: check_unread
[2026-01-16 10:40:42] Incoming request
Data: Array
(
    [action] => check_unread
)

[2026-01-16 10:40:42] Database connection successful
[2026-01-16 10:40:42] Action received
Data: check_unread
[2026-01-16 10:41:42] Incoming request
Data: Array
(
    [action] => check_unread
)

[2026-01-16 10:41:42] Database connection successful
[2026-01-16 10:41:42] Action received
Data: check_unread
[2026-01-16 10:41:42] Incoming request
Data: Array
(
    [action] => check_unread
)

[2026-01-16 10:41:42] Database connection successful
[2026-01-16 10:41:42] Action received
Data: check_unread
[2026-01-16 10:42:42] Incoming request
Data: Array
(
    [action] => check_unread
)

[2026-01-16 10:42:42] Database connection successful
[2026-01-16 10:42:42] Action received
Data: check_unread
[2026-01-16 10:42:42] Incoming request
Data: Array
(
    [action] => check_unread
)

[2026-01-16 10:42:42] Database connection successful
[2026-01-16 10:42:42] Action received
Data: check_unread
[2026-01-16 10:43:42] Incoming request
Data: Array
(
    [action] => check_unread
)

[2026-01-16 10:43:42] Database connection successful
[2026-01-16 10:43:42] Action received
Data: check_unread
[2026-01-16 10:43:42] Incoming request
Data: Array
(
    [action] => check_unread
)

[2026-01-16 10:43:42] Database connection successful
[2026-01-16 10:43:42] Action received
Data: check_unread
[2026-01-16 10:44:42] Incoming request
Data: Array
(
    [action] => check_unread
)

[2026-01-16 10:44:42] Database connection successful
[2026-01-16 10:44:42] Action received
Data: check_unread
[2026-01-16 10:44:42] Incoming request
Data: Array
(
    [action] => check_unread
)

[2026-01-16 10:44:42] Database connection successful
[2026-01-16 10:44:42] Action received
Data: check_unread
[2026-01-16 10:45:42] Incoming request
Data: Array
(
    [action] => check_unread
)

[2026-01-16 10:45:42] Database connection successful
[2026-01-16 10:45:42] Action received
Data: check_unread
[2026-01-16 10:45:42] Incoming request
Data: Array
(
    [action] => check_unread
)

[2026-01-16 10:45:42] Database connection successful
[2026-01-16 10:45:42] Action received
Data: check_unread
[2026-01-16 10:46:42] Incoming request
Data: Array
(
    [action] => check_unread
)

[2026-01-16 10:46:42] Database connection successful
[2026-01-16 10:46:42] Action received
Data: check_unread
[2026-01-16 10:46:42] Incoming request
Data: Array
(
    [action] => check_unread
)

[2026-01-16 10:46:42] Database connection successful
[2026-01-16 10:46:42] Action received
Data: check_unread
[2026-01-16 10:47:42] Incoming request
Data: Array
(
    [action] => check_unread
)

[2026-01-16 10:47:42] Database connection successful
[2026-01-16 10:47:42] Action received
Data: check_unread
[2026-01-16 10:47:42] Incoming request
Data: Array
(
    [action] => check_unread
)

[2026-01-16 10:47:42] Database connection successful
[2026-01-16 10:47:42] Action received
Data: check_unread
[2026-01-16 10:48:42] Incoming request
Data: Array
(
    [action] => check_unread
)

[2026-01-16 10:48:42] Database connection successful
[2026-01-16 10:48:42] Action received
Data: check_unread
[2026-01-16 10:48:42] Incoming request
Data: Array
(
    [action] => check_unread
)

[2026-01-16 10:48:42] Database connection successful
[2026-01-16 10:48:42] Action received
Data: check_unread
[2026-01-16 10:49:42] Incoming request
Data: Array
(
    [action] => check_unread
)

[2026-01-16 10:49:42] Database connection successful
[2026-01-16 10:49:42] Action received
Data: check_unread
[2026-01-16 10:49:42] Incoming request
Data: Array
(
    [action] => check_unread
)

[2026-01-16 10:49:42] Database connection successful
[2026-01-16 10:49:42] Action received
Data: check_unread
[2026-01-16 10:50:42] Incoming request
Data: Array
(
    [action] => check_unread
)

[2026-01-16 10:50:42] Database connection successful
[2026-01-16 10:50:42] Action received
Data: check_unread
[2026-01-16 10:50:42] Incoming request
Data: Array
(
    [action] => check_unread
)

[2026-01-16 10:50:42] Database connection successful
[2026-01-16 10:50:42] Action received
Data: check_unread
[2026-01-16 10:51:42] Incoming request
Data: Array
(
    [action] => check_unread
)

[2026-01-16 10:51:42] Database connection successful
[2026-01-16 10:51:42] Action received
Data: check_unread
[2026-01-16 10:51:42] Incoming request
Data: Array
(
    [action] => check_unread
)

[2026-01-16 10:51:42] Database connection successful
[2026-01-16 10:51:42] Action received
Data: check_unread
[2026-01-16 11:01:58] Incoming request
Data: Array
(
    [action] => check_unread
)

[2026-01-16 11:02:01] Database connection successful
[2026-01-16 11:02:01] Action received
Data: check_unread
[2026-01-16 11:02:02] Incoming request
Data: Array
(
    [action] => check_unread
)

[2026-01-16 11:02:02] Database connection successful
[2026-01-16 11:02:02] Action received
Data: check_unread
[2026-01-16 12:05:36] Incoming request
Data: Array
(
    [action] => check_unread
)

[2026-01-16 12:05:36] Database connection successful
[2026-01-16 12:05:36] Action received
Data: check_unread
[2026-01-16 12:05:36] Incoming request
Data: Array
(
    [action] => check_unread
)

[2026-01-16 12:05:36] Database connection successful
[2026-01-16 12:05:36] Action received
Data: check_unread
[2026-01-16 12:06:43] Incoming request
Data: Array
(
    [action] => check_unread
)

[2026-01-16 12:06:43] Database connection successful
[2026-01-16 12:06:43] Action received
Data: check_unread
[2026-01-16 12:06:44] Incoming request
Data: Array
(
    [action] => check_unread
)

[2026-01-16 12:06:44] Database connection successful
[2026-01-16 12:06:44] Action received
Data: check_unread
[2026-01-16 12:07:26] Incoming request
Data: Array
(
    [action] => check_unread
)

[2026-01-16 12:07:26] Database connection successful
[2026-01-16 12:07:26] Action received
Data: check_unread
[2026-01-16 12:07:26] Incoming request
Data: Array
(
    [action] => check_unread
)

[2026-01-16 12:07:26] Database connection successful
[2026-01-16 12:07:26] Action received
Data: check_unread
[2026-01-16 12:07:29] Incoming request
Data: Array
(
    [action] => check_unread
)

[2026-01-16 12:07:29] Database connection successful
[2026-01-16 12:07:29] Action received
Data: check_unread
[2026-01-16 12:07:29] Incoming request
Data: Array
(
    [action] => check_unread
)

[2026-01-16 12:07:29] Database connection successful
[2026-01-16 12:07:29] Action received
Data: check_unread
[2026-01-16 12:07:31] Incoming request
Data: Array
(
    [action] => check_unread
)

[2026-01-16 12:07:31] Database connection successful
[2026-01-16 12:07:31] Action received
Data: check_unread
[2026-01-16 12:07:32] Incoming request
Data: Array
(
    [action] => check_unread
)

[2026-01-16 12:07:32] Database connection successful
[2026-01-16 12:07:32] Action received
Data: check_unread
[2026-01-16 12:07:42] Incoming request
Data: Array
(
    [action] => check_unread
)

[2026-01-16 12:07:42] Database connection successful
[2026-01-16 12:07:42] Action received
Data: check_unread
[2026-01-16 12:07:47] Incoming request
Data: Array
(
    [action] => check_unread
)

[2026-01-16 12:07:47] Database connection successful
[2026-01-16 12:07:47] Action received
Data: check_unread
[2026-01-16 12:08:01] Incoming request
Data: Array
(
    [action] => check_unread
)

[2026-01-16 12:08:01] Database connection successful
[2026-01-16 12:08:01] Action received
Data: check_unread
[2026-01-16 12:08:01] Incoming request
Data: Array
(
    [action] => check_unread
)

[2026-01-16 12:08:01] Database connection successful
[2026-01-16 12:08:01] Action received
Data: check_unread
[2026-01-16 12:08:11] Incoming request
Data: Array
(
    [action] => check_unread
)

[2026-01-16 12:08:11] Database connection successful
[2026-01-16 12:08:11] Action received
Data: check_unread
[2026-01-16 12:08:24] Incoming request
Data: Array
(
    [action] => check_unread
)

[2026-01-16 12:08:24] Database connection successful
[2026-01-16 12:08:24] Action received
Data: check_unread
[2026-01-16 12:08:38] Incoming request
Data: Array
(
    [action] => check_unread
)

[2026-01-16 12:08:38] Database connection successful
[2026-01-16 12:08:38] Action received
Data: check_unread
[2026-01-16 12:08:42] Incoming request
Data: Array
(
    [action] => check_unread
)

[2026-01-16 12:08:42] Database connection successful
[2026-01-16 12:08:42] Action received
Data: check_unread
[2026-01-16 12:08:42] Incoming request
Data: Array
(
    [action] => check_unread
)

[2026-01-16 12:08:42] Database connection successful
[2026-01-16 12:08:42] Action received
Data: check_unread
[2026-01-16 12:08:43] Incoming request
Data: Array
(
    [action] => check_unread
)

[2026-01-16 12:08:43] Database connection successful
[2026-01-16 12:08:43] Action received
Data: check_unread
[2026-01-16 12:08:48] Incoming request
Data: Array
(
    [action] => check_unread
)

[2026-01-16 12:08:48] Database connection successful
[2026-01-16 12:08:48] Action received
Data: check_unread
[2026-01-16 12:08:50] Incoming request
Data: Array
(
    [action] => check_unread
)

[2026-01-16 12:08:50] Database connection successful
[2026-01-16 12:08:50] Action received
Data: check_unread
[2026-01-16 12:09:19] Incoming request
Data: Array
(
    [action] => check_unread
)

[2026-01-16 12:09:19] Database connection successful
[2026-01-16 12:09:19] Action received
Data: check_unread
[2026-01-16 12:09:42] Incoming request
Data: Array
(
    [action] => check_unread
)

[2026-01-16 12:09:42] Database connection successful
[2026-01-16 12:09:42] Action received
Data: check_unread
[2026-01-16 12:09:42] Incoming request
Data: Array
(
    [action] => check_unread
)

[2026-01-16 12:09:42] Database connection successful
[2026-01-16 12:09:42] Action received
Data: check_unread
[2026-01-16 12:09:49] Incoming request
Data: Array
(
    [action] => check_unread
)

[2026-01-16 12:09:49] Database connection successful
[2026-01-16 12:09:49] Action received
Data: check_unread
[2026-01-16 12:10:19] Incoming request
Data: Array
(
    [action] => check_unread
)

[2026-01-16 12:10:19] Database connection successful
[2026-01-16 12:10:19] Action received
Data: check_unread
[2026-01-16 12:10:42] Incoming request
Data: Array
(
    [action] => check_unread
)

[2026-01-16 12:10:42] Database connection successful
[2026-01-16 12:10:42] Action received
Data: check_unread
[2026-01-16 12:10:42] Incoming request
Data: Array
(
    [action] => check_unread
)

[2026-01-16 12:10:42] Database connection successful
[2026-01-16 12:10:42] Action received
Data: check_unread
[2026-01-16 12:10:49] Incoming request
Data: Array
(
    [action] => check_unread
)

[2026-01-16 12:10:49] Database connection successful
[2026-01-16 12:10:49] Action received
Data: check_unread
[2026-01-16 12:11:19] Incoming request
Data: Array
(
    [action] => check_unread
)

[2026-01-16 12:11:19] Database connection successful
[2026-01-16 12:11:19] Action received
Data: check_unread
[2026-01-16 12:11:42] Incoming request
Data: Array
(
    [action] => check_unread
)

[2026-01-16 12:11:42] Database connection successful
[2026-01-16 12:11:42] Action received
Data: check_unread
[2026-01-16 12:11:42] Incoming request
Data: Array
(
    [action] => check_unread
)

[2026-01-16 12:11:42] Database connection successful
[2026-01-16 12:11:42] Action received
Data: check_unread
[2026-01-16 12:11:49] Incoming request
Data: Array
(
    [action] => check_unread
)

[2026-01-16 12:11:49] Database connection successful
[2026-01-16 12:11:49] Action received
Data: check_unread
[2026-01-16 12:12:19] Incoming request
Data: Array
(
    [action] => check_unread
)

[2026-01-16 12:12:19] Database connection successful
[2026-01-16 12:12:19] Action received
Data: check_unread
[2026-01-16 12:12:42] Incoming request
Data: Array
(
    [action] => check_unread
)

[2026-01-16 12:12:42] Database connection successful
[2026-01-16 12:12:42] Action received
Data: check_unread
[2026-01-16 12:12:42] Incoming request
Data: Array
(
    [action] => check_unread
)

[2026-01-16 12:12:42] Database connection successful
[2026-01-16 12:12:42] Action received
Data: check_unread
[2026-01-16 12:13:42] Incoming request
Data: Array
(
    [action] => check_unread
)

[2026-01-16 12:13:42] Database connection successful
[2026-01-16 12:13:42] Action received
Data: check_unread
[2026-01-16 12:13:42] Incoming request
Data: Array
(
    [action] => check_unread
)

[2026-01-16 12:13:42] Database connection successful
[2026-01-16 12:13:42] Action received
Data: check_unread
[2026-01-16 12:13:42] Incoming request
Data: Array
(
    [action] => check_unread
)

[2026-01-16 12:13:42] Database connection successful
[2026-01-16 12:13:42] Action received
Data: check_unread
[2026-01-16 12:14:42] Incoming request
Data: Array
(
    [action] => check_unread
)

[2026-01-16 12:14:42] Database connection successful
[2026-01-16 12:14:42] Action received
Data: check_unread
[2026-01-16 12:14:42] Incoming request
Data: Array
(
    [action] => check_unread
)

[2026-01-16 12:14:42] Database connection successful
[2026-01-16 12:14:42] Action received
Data: check_unread
[2026-01-16 12:14:42] Incoming request
Data: Array
(
    [action] => check_unread
)

[2026-01-16 12:14:42] Database connection successful
[2026-01-16 12:14:42] Action received
Data: check_unread
[2026-01-16 12:15:42] Incoming request
Data: Array
(
    [action] => check_unread
)

[2026-01-16 12:15:42] Database connection successful
[2026-01-16 12:15:42] Action received
Data: check_unread
[2026-01-16 12:15:42] Incoming request
Data: Array
(
    [action] => check_unread
)

[2026-01-16 12:15:42] Database connection successful
[2026-01-16 12:15:42] Action received
Data: check_unread
[2026-01-16 12:15:42] Incoming request
Data: Array
(
    [action] => check_unread
)

[2026-01-16 12:15:42] Database connection successful
[2026-01-16 12:15:42] Action received
Data: check_unread
[2026-01-16 12:16:42] Incoming request
Data: Array
(
    [action] => check_unread
)

[2026-01-16 12:16:42] Database connection successful
[2026-01-16 12:16:42] Action received
Data: check_unread
[2026-01-16 12:16:42] Incoming request
Data: Array
(
    [action] => check_unread
)

[2026-01-16 12:16:42] Database connection successful
[2026-01-16 12:16:42] Action received
Data: check_unread
[2026-01-16 12:16:42] Incoming request
Data: Array
(
    [action] => check_unread
)

[2026-01-16 12:16:42] Database connection successful
[2026-01-16 12:16:42] Action received
Data: check_unread
[2026-01-16 12:17:15] Incoming request
Data: Array
(
    [action] => check_unread
)

[2026-01-16 12:17:15] Database connection successful
[2026-01-16 12:17:15] Action received
Data: check_unread
[2026-01-16 12:17:19] Incoming request
Data: Array
(
    [action] => check_unread
)

[2026-01-16 12:17:19] Database connection successful
[2026-01-16 12:17:19] Action received
Data: check_unread
[2026-01-16 12:17:23] Incoming request
Data: Array
(
    [action] => check_unread
)

[2026-01-16 12:17:23] Database connection successful
[2026-01-16 12:17:23] Action received
Data: check_unread
[2026-01-16 12:17:28] Incoming request
Data: Array
(
    [action] => check_unread
)

[2026-01-16 12:17:28] Database connection successful
[2026-01-16 12:17:28] Action received
Data: check_unread
[2026-01-16 12:17:29] Incoming request
Data: Array
(
    [action] => check_unread
)

[2026-01-16 12:17:29] Database connection successful
[2026-01-16 12:17:29] Action received
Data: check_unread
[2026-01-16 12:17:31] Incoming request
Data: Array
(
    [action] => check_unread
)

[2026-01-16 12:17:31] Database connection successful
[2026-01-16 12:17:31] Action received
Data: check_unread
[2026-01-16 12:17:32] Incoming request
Data: Array
(
    [action] => check_unread
)

[2026-01-16 12:17:32] Database connection successful
[2026-01-16 12:17:32] Action received
Data: check_unread
[2026-01-16 12:17:42] Incoming request
Data: Array
(
    [action] => check_unread
)

[2026-01-16 12:17:42] Database connection successful
[2026-01-16 12:17:42] Action received
Data: check_unread
[2026-01-16 12:17:42] Incoming request
Data: Array
(
    [action] => check_unread
)

[2026-01-16 12:17:42] Database connection successful
[2026-01-16 12:17:42] Action received
Data: check_unread
[2026-01-16 12:18:00] Incoming request
Data: Array
(
    [action] => check_unread
)

[2026-01-16 12:18:00] Database connection successful
[2026-01-16 12:18:00] Action received
Data: check_unread
[2026-01-16 12:18:01] Incoming request
Data: Array
(
    [action] => check_unread
)

[2026-01-16 12:18:01] Database connection successful
[2026-01-16 12:18:01] Action received
Data: check_unread
[2026-01-16 12:18:01] Incoming request
Data: Array
(
    [action] => check_unread
)

[2026-01-16 12:18:01] Database connection successful
[2026-01-16 12:18:01] Action received
Data: check_unread
[2026-01-16 12:18:03] Incoming request
Data: Array
(
    [action] => check_unread
)

[2026-01-16 12:18:03] Database connection successful
[2026-01-16 12:18:03] Action received
Data: check_unread
[2026-01-16 12:18:31] Incoming request
Data: Array
(
    [action] => check_unread
)

[2026-01-16 12:18:31] Database connection successful
[2026-01-16 12:18:31] Action received
Data: check_unread
[2026-01-16 12:18:31] Incoming request
Data: Array
(
    [action] => check_unread
)

[2026-01-16 12:18:31] Database connection successful
[2026-01-16 12:18:31] Action received
Data: check_unread
[2026-01-16 12:18:32] Incoming request
Data: Array
(
    [action] => check_unread
)

[2026-01-16 12:18:32] Database connection successful
[2026-01-16 12:18:32] Action received
Data: check_unread
[2026-01-16 12:19:02] Incoming request
Data: Array
(
    [action] => check_unread
)

[2026-01-16 12:19:02] Database connection successful
[2026-01-16 12:19:02] Action received
Data: check_unread
[2026-01-16 12:19:10] Incoming request
Data: Array
(
    [action] => check_unread
)

[2026-01-16 12:19:10] Database connection successful
[2026-01-16 12:19:10] Action received
Data: check_unread
[2026-01-16 12:19:20] Incoming request
Data: Array
(
    [action] => check_unread
)

[2026-01-16 12:19:20] Database connection successful
[2026-01-16 12:19:20] Action received
Data: check_unread
[2026-01-16 12:19:20] Incoming request
Data: Array
(
    [action] => check_unread
)

[2026-01-16 12:19:20] Database connection successful
[2026-01-16 12:19:20] Action received
Data: check_unread
[2026-01-16 12:19:32] Incoming request
Data: Array
(
    [action] => check_unread
)

[2026-01-16 12:19:32] Database connection successful
[2026-01-16 12:19:32] Action received
Data: check_unread
[2026-01-16 12:19:32] Incoming request
Data: Array
(
    [action] => check_unread
)

[2026-01-16 12:19:32] Database connection successful
[2026-01-16 12:19:32] Action received
Data: check_unread
[2026-01-16 12:19:32] Incoming request
Data: Array
(
    [action] => check_unread
)

[2026-01-16 12:19:32] Database connection successful
[2026-01-16 12:19:32] Action received
Data: check_unread
[2026-01-16 12:19:32] Incoming request
Data: Array
(
    [action] => check_unread
)

[2026-01-16 12:19:32] Database connection successful
[2026-01-16 12:19:32] Action received
Data: check_unread
[2026-01-16 12:19:50] Incoming request
Data: Array
(
    [action] => check_unread
)

[2026-01-16 12:19:50] Database connection successful
[2026-01-16 12:19:50] Action received
Data: check_unread
[2026-01-16 12:19:50] Incoming request
Data: Array
(
    [action] => check_unread
)

[2026-01-16 12:19:50] Database connection successful
[2026-01-16 12:19:50] Action received
Data: check_unread
[2026-01-16 12:20:20] Incoming request
Data: Array
(
    [action] => check_unread
)

[2026-01-16 12:20:20] Database connection successful
[2026-01-16 12:20:20] Action received
Data: check_unread
[2026-01-16 12:20:20] Incoming request
Data: Array
(
    [action] => check_unread
)

[2026-01-16 12:20:20] Database connection successful
[2026-01-16 12:20:20] Action received
Data: check_unread
[2026-01-16 12:20:33] Incoming request
Data: Array
(
    [action] => check_unread
)

[2026-01-16 12:20:33] Database connection successful
[2026-01-16 12:20:33] Action received
Data: check_unread
[2026-01-16 12:20:33] Incoming request
Data: Array
(
    [action] => check_unread
)

[2026-01-16 12:20:33] Database connection successful
[2026-01-16 12:20:33] Action received
Data: check_unread
[2026-01-16 12:20:50] Incoming request
Data: Array
(
    [action] => check_unread
)

[2026-01-16 12:20:50] Database connection successful
[2026-01-16 12:20:50] Action received
Data: check_unread
[2026-01-16 12:20:50] Incoming request
Data: Array
(
    [action] => check_unread
)

[2026-01-16 12:20:50] Database connection successful
[2026-01-16 12:20:50] Action received
Data: check_unread
[2026-01-16 12:21:20] Incoming request
Data: Array
(
    [action] => check_unread
)

[2026-01-16 12:21:20] Database connection successful
[2026-01-16 12:21:20] Action received
Data: check_unread
[2026-01-16 12:21:20] Incoming request
Data: Array
(
    [action] => check_unread
)

[2026-01-16 12:21:20] Database connection successful
[2026-01-16 12:21:20] Action received
Data: check_unread
[2026-01-16 12:21:34] Incoming request
Data: Array
(
    [action] => check_unread
)

[2026-01-16 12:21:34] Database connection successful
[2026-01-16 12:21:34] Action received
Data: check_unread
[2026-01-16 12:21:34] Incoming request
Data: Array
(
    [action] => check_unread
)

[2026-01-16 12:21:34] Database connection successful
[2026-01-16 12:21:34] Action received
Data: check_unread
[2026-01-16 12:21:50] Incoming request
Data: Array
(
    [action] => check_unread
)

[2026-01-16 12:21:50] Database connection successful
[2026-01-16 12:21:50] Action received
Data: check_unread
[2026-01-16 12:21:50] Incoming request
Data: Array
(
    [action] => check_unread
)

[2026-01-16 12:21:50] Database connection successful
[2026-01-16 12:21:50] Action received
Data: check_unread
[2026-01-16 12:22:20] Incoming request
Data: Array
(
    [action] => check_unread
)

[2026-01-16 12:22:21] Database connection successful
[2026-01-16 12:22:21] Action received
Data: check_unread
[2026-01-16 12:22:21] Incoming request
Data: Array
(
    [action] => check_unread
)

[2026-01-16 12:22:21] Database connection successful
[2026-01-16 12:22:21] Action received
Data: check_unread
[2026-01-16 12:22:35] Incoming request
Data: Array
(
    [action] => check_unread
)

[2026-01-16 12:22:37] Database connection successful
[2026-01-16 12:22:37] Action received
Data: check_unread
[2026-01-16 12:22:37] Incoming request
Data: Array
(
    [action] => check_unread
)

[2026-01-16 12:22:37] Database connection successful
[2026-01-16 12:22:37] Action received
Data: check_unread
[2026-01-16 12:22:50] Incoming request
Data: Array
(
    [action] => check_unread
)

[2026-01-16 12:22:50] Database connection successful
[2026-01-16 12:22:50] Action received
Data: check_unread
[2026-01-16 12:22:50] Incoming request
Data: Array
(
    [action] => check_unread
)

[2026-01-16 12:22:50] Database connection successful
[2026-01-16 12:22:50] Action received
Data: check_unread
[2026-01-16 12:23:36] Incoming request
Data: Array
(
    [action] => check_unread
)

[2026-01-16 12:23:36] Database connection successful
[2026-01-16 12:23:36] Action received
Data: check_unread
[2026-01-16 12:23:36] Incoming request
Data: Array
(
    [action] => check_unread
)

[2026-01-16 12:23:36] Database connection successful
[2026-01-16 12:23:36] Action received
Data: check_unread
[2026-01-16 12:23:42] Incoming request
Data: Array
(
    [action] => check_unread
)

[2026-01-16 12:23:45] Database connection successful
[2026-01-16 12:23:45] Action received
Data: check_unread
[2026-01-16 12:23:45] Incoming request
Data: Array
(
    [action] => check_unread
)

[2026-01-16 12:23:45] Database connection successful
[2026-01-16 12:23:45] Action received
Data: check_unread
[2026-01-16 12:24:37] Incoming request
Data: Array
(
    [action] => check_unread
)

[2026-01-16 12:24:37] Database connection successful
[2026-01-16 12:24:37] Action received
Data: check_unread
[2026-01-16 12:24:37] Incoming request
Data: Array
(
    [action] => check_unread
)

[2026-01-16 12:24:37] Database connection successful
[2026-01-16 12:24:37] Action received
Data: check_unread
[2026-01-16 12:24:42] Incoming request
Data: Array
(
    [action] => check_unread
)

[2026-01-16 12:24:42] Database connection successful
[2026-01-16 12:24:42] Action received
Data: check_unread
[2026-01-16 12:24:43] Incoming request
Data: Array
(
    [action] => check_unread
)

[2026-01-16 12:24:43] Database connection successful
[2026-01-16 12:24:43] Action received
Data: check_unread
[2026-01-16 12:25:38] Incoming request
Data: Array
(
    [action] => check_unread
)

[2026-01-16 12:25:39] Database connection successful
[2026-01-16 12:25:39] Action received
Data: check_unread
[2026-01-16 12:25:39] Incoming request
Data: Array
(
    [action] => check_unread
)

[2026-01-16 12:25:39] Database connection successful
[2026-01-16 12:25:39] Action received
Data: check_unread
[2026-01-16 12:25:42] Incoming request
Data: Array
(
    [action] => check_unread
)

[2026-01-16 12:25:42] Database connection successful
[2026-01-16 12:25:42] Action received
Data: check_unread
[2026-01-16 12:25:42] Incoming request
Data: Array
(
    [action] => check_unread
)

[2026-01-16 12:25:42] Database connection successful
[2026-01-16 12:25:42] Action received
Data: check_unread
[2026-01-16 12:26:39] Incoming request
Data: Array
(
    [action] => check_unread
)

[2026-01-16 12:26:39] Database connection successful
[2026-01-16 12:26:39] Action received
Data: check_unread
[2026-01-16 12:26:39] Incoming request
Data: Array
(
    [action] => check_unread
)

[2026-01-16 12:26:39] Database connection successful
[2026-01-16 12:26:39] Action received
Data: check_unread
[2026-01-16 12:26:42] Incoming request
Data: Array
(
    [action] => check_unread
)

[2026-01-16 12:26:43] Database connection successful
[2026-01-16 12:26:43] Action received
Data: check_unread
[2026-01-16 12:26:43] Incoming request
Data: Array
(
    [action] => check_unread
)

[2026-01-16 12:26:43] Database connection successful
[2026-01-16 12:26:43] Action received
Data: check_unread
[2026-01-16 12:27:40] Incoming request
Data: Array
(
    [action] => check_unread
)

[2026-01-16 12:27:41] Database connection successful
[2026-01-16 12:27:41] Action received
Data: check_unread
[2026-01-16 12:27:41] Incoming request
Data: Array
(
    [action] => check_unread
)

[2026-01-16 12:27:41] Database connection successful
[2026-01-16 12:27:41] Action received
Data: check_unread
[2026-01-16 12:27:42] Incoming request
Data: Array
(
    [action] => check_unread
)

[2026-01-16 12:27:42] Database connection successful
[2026-01-16 12:27:42] Action received
Data: check_unread
[2026-01-16 12:27:42] Incoming request
Data: Array
(
    [action] => check_unread
)

[2026-01-16 12:27:42] Database connection successful
[2026-01-16 12:27:42] Action received
Data: check_unread
[2026-01-16 12:28:41] Incoming request
Data: Array
(
    [action] => check_unread
)

[2026-01-16 12:28:41] Database connection successful
[2026-01-16 12:28:41] Action received
Data: check_unread
[2026-01-16 12:28:41] Incoming request
Data: Array
(
    [action] => check_unread
)

[2026-01-16 12:28:41] Database connection successful
[2026-01-16 12:28:41] Action received
Data: check_unread
[2026-01-16 12:28:42] Incoming request
Data: Array
(
    [action] => check_unread
)

[2026-01-16 12:28:42] Database connection successful
[2026-01-16 12:28:42] Action received
Data: check_unread
[2026-01-16 12:28:42] Incoming request
Data: Array
(
    [action] => check_unread
)

[2026-01-16 12:28:42] Database connection successful
[2026-01-16 12:28:42] Action received
Data: check_unread
[2026-01-16 12:29:42] Incoming request
Data: Array
(
    [action] => check_unread
)

[2026-01-16 12:29:42] Database connection successful
[2026-01-16 12:29:42] Action received
Data: check_unread
[2026-01-16 12:29:42] Incoming request
Data: Array
(
    [action] => check_unread
)

[2026-01-16 12:29:42] Database connection successful
[2026-01-16 12:29:42] Action received
Data: check_unread
[2026-01-16 12:29:42] Incoming request
Data: Array
(
    [action] => check_unread
)

[2026-01-16 12:29:42] Database connection successful
[2026-01-16 12:29:42] Action received
Data: check_unread
[2026-01-16 12:29:42] Incoming request
Data: Array
(
    [action] => check_unread
)

[2026-01-16 12:29:42] Database connection successful
[2026-01-16 12:29:42] Action received
Data: check_unread
[2026-01-16 12:30:42] Incoming request
Data: Array
(
    [action] => check_unread
)

[2026-01-16 12:30:42] Database connection successful
[2026-01-16 12:30:42] Action received
Data: check_unread
[2026-01-16 12:30:42] Incoming request
Data: Array
(
    [action] => check_unread
)

[2026-01-16 12:30:42] Database connection successful
[2026-01-16 12:30:42] Action received
Data: check_unread
[2026-01-16 12:30:42] Incoming request
Data: Array
(
    [action] => check_unread
)

[2026-01-16 12:30:42] Database connection successful
[2026-01-16 12:30:42] Action received
Data: check_unread
[2026-01-16 12:30:42] Incoming request
Data: Array
(
    [action] => check_unread
)

[2026-01-16 12:30:42] Database connection successful
[2026-01-16 12:30:42] Action received
Data: check_unread
[2026-01-16 12:31:42] Incoming request
Data: Array
(
    [action] => check_unread
)

[2026-01-16 12:31:42] Database connection successful
[2026-01-16 12:31:42] Action received
Data: check_unread
[2026-01-16 12:31:42] Incoming request
Data: Array
(
    [action] => check_unread
)

[2026-01-16 12:31:42] Database connection successful
[2026-01-16 12:31:42] Action received
Data: check_unread
[2026-01-16 12:31:42] Incoming request
Data: Array
(
    [action] => check_unread
)

[2026-01-16 12:31:42] Database connection successful
[2026-01-16 12:31:42] Action received
Data: check_unread
[2026-01-16 12:31:43] Incoming request
Data: Array
(
    [action] => check_unread
)

[2026-01-16 12:31:43] Database connection successful
[2026-01-16 12:31:43] Action received
Data: check_unread
[2026-01-16 12:32:42] Incoming request
Data: Array
(
    [action] => check_unread
)

[2026-01-16 12:32:42] Database connection successful
[2026-01-16 12:32:42] Action received
Data: check_unread
[2026-01-16 12:32:42] Incoming request
Data: Array
(
    [action] => check_unread
)

[2026-01-16 12:32:42] Database connection successful
[2026-01-16 12:32:42] Action received
Data: check_unread
[2026-01-16 12:32:43] Incoming request
Data: Array
(
    [action] => check_unread
)

[2026-01-16 12:32:43] Database connection successful
[2026-01-16 12:32:43] Action received
Data: check_unread
[2026-01-16 12:32:43] Incoming request
Data: Array
(
    [action] => check_unread
)

[2026-01-16 12:32:43] Database connection successful
[2026-01-16 12:32:43] Action received
Data: check_unread
[2026-01-16 12:33:42] Incoming request
Data: Array
(
    [action] => check_unread
)

[2026-01-16 12:33:42] Database connection successful
[2026-01-16 12:33:42] Action received
Data: check_unread
[2026-01-16 12:33:42] Incoming request
Data: Array
(
    [action] => check_unread
)

[2026-01-16 12:33:42] Database connection successful
[2026-01-16 12:33:42] Action received
Data: check_unread
[2026-01-16 12:33:42] Incoming request
Data: Array
(
    [action] => check_unread
)

[2026-01-16 12:33:43] Database connection successful
[2026-01-16 12:33:43] Action received
Data: check_unread
[2026-01-16 12:33:43] Incoming request
Data: Array
(
    [action] => check_unread
)

[2026-01-16 12:33:43] Database connection successful
[2026-01-16 12:33:43] Action received
Data: check_unread
[2026-01-16 12:34:42] Incoming request
Data: Array
(
    [action] => check_unread
)

[2026-01-16 12:34:42] Database connection successful
[2026-01-16 12:34:42] Action received
Data: check_unread
[2026-01-16 12:34:42] Incoming request
Data: Array
(
    [action] => check_unread
)

[2026-01-16 12:34:42] Database connection successful
[2026-01-16 12:34:42] Action received
Data: check_unread
[2026-01-16 12:34:42] Incoming request
Data: Array
(
    [action] => check_unread
)

[2026-01-16 12:34:42] Database connection successful
[2026-01-16 12:34:42] Action received
Data: check_unread
[2026-01-16 12:34:42] Incoming request
Data: Array
(
    [action] => check_unread
)

[2026-01-16 12:34:42] Database connection successful
[2026-01-16 12:34:42] Action received
Data: check_unread
[2026-01-16 12:35:43] Incoming request
Data: Array
(
    [action] => check_unread
)

[2026-01-16 12:35:43] Database connection successful
[2026-01-16 12:35:43] Action received
Data: check_unread
[2026-01-16 12:35:43] Incoming request
Data: Array
(
    [action] => check_unread
)

[2026-01-16 12:35:43] Database connection successful
[2026-01-16 12:35:43] Action received
Data: check_unread
[2026-01-16 12:35:43] Incoming request
Data: Array
(
    [action] => check_unread
)

[2026-01-16 12:35:43] Database connection successful
[2026-01-16 12:35:43] Action received
Data: check_unread
[2026-01-16 12:35:43] Incoming request
Data: Array
(
    [action] => check_unread
)

[2026-01-16 12:35:43] Database connection successful
[2026-01-16 12:35:43] Action received
Data: check_unread
[2026-01-16 12:36:42] Incoming request
Data: Array
(
    [action] => check_unread
)

[2026-01-16 12:36:42] Database connection successful
[2026-01-16 12:36:42] Action received
Data: check_unread
[2026-01-16 12:36:42] Incoming request
Data: Array
(
    [action] => check_unread
)

[2026-01-16 12:36:42] Database connection successful
[2026-01-16 12:36:42] Action received
Data: check_unread
[2026-01-16 12:36:42] Incoming request
Data: Array
(
    [action] => check_unread
)

[2026-01-16 12:36:42] Database connection successful
[2026-01-16 12:36:42] Action received
Data: check_unread
[2026-01-16 12:36:42] Incoming request
Data: Array
(
    [action] => check_unread
)

[2026-01-16 12:36:42] Database connection successful
[2026-01-16 12:36:42] Action received
Data: check_unread
[2026-01-16 12:37:43] Incoming request
Data: Array
(
    [action] => check_unread
)

[2026-01-16 12:37:43] Database connection successful
[2026-01-16 12:37:43] Action received
Data: check_unread
[2026-01-16 12:37:43] Incoming request
Data: Array
(
    [action] => check_unread
)

[2026-01-16 12:37:43] Database connection successful
[2026-01-16 12:37:43] Action received
Data: check_unread
[2026-01-16 12:37:43] Incoming request
Data: Array
(
    [action] => check_unread
)

[2026-01-16 12:37:43] Database connection successful
[2026-01-16 12:37:43] Action received
Data: check_unread
[2026-01-16 12:37:43] Incoming request
Data: Array
(
    [action] => check_unread
)

[2026-01-16 12:37:43] Database connection successful
[2026-01-16 12:37:43] Action received
Data: check_unread
[2026-01-16 12:38:42] Incoming request
Data: Array
(
    [action] => check_unread
)

[2026-01-16 12:38:43] Database connection successful
[2026-01-16 12:38:43] Action received
Data: check_unread
[2026-01-16 12:38:43] Incoming request
Data: Array
(
    [action] => check_unread
)

[2026-01-16 12:38:43] Database connection successful
[2026-01-16 12:38:43] Action received
Data: check_unread
[2026-01-16 12:38:43] Incoming request
Data: Array
(
    [action] => check_unread
)

[2026-01-16 12:38:43] Database connection successful
[2026-01-16 12:38:43] Action received
Data: check_unread
[2026-01-16 12:38:43] Incoming request
Data: Array
(
    [action] => check_unread
)

[2026-01-16 12:38:43] Database connection successful
[2026-01-16 12:38:43] Action received
Data: check_unread
[2026-01-16 12:39:42] Incoming request
Data: Array
(
    [action] => check_unread
)

[2026-01-16 12:39:42] Database connection successful
[2026-01-16 12:39:42] Action received
Data: check_unread
[2026-01-16 12:39:42] Incoming request
Data: Array
(
    [action] => check_unread
)

[2026-01-16 12:39:42] Database connection successful
[2026-01-16 12:39:42] Action received
Data: check_unread
[2026-01-16 12:39:42] Incoming request
Data: Array
(
    [action] => check_unread
)

[2026-01-16 12:39:42] Database connection successful
[2026-01-16 12:39:42] Action received
Data: check_unread
[2026-01-16 12:39:42] Incoming request
Data: Array
(
    [action] => check_unread
)

[2026-01-16 12:39:42] Database connection successful
[2026-01-16 12:39:42] Action received
Data: check_unread
[2026-01-16 12:40:42] Incoming request
Data: Array
(
    [action] => check_unread
)

[2026-01-16 12:40:42] Database connection successful
[2026-01-16 12:40:42] Action received
Data: check_unread
[2026-01-16 12:40:42] Incoming request
Data: Array
(
    [action] => check_unread
)

[2026-01-16 12:40:42] Database connection successful
[2026-01-16 12:40:42] Action received
Data: check_unread
[2026-01-16 12:40:42] Incoming request
Data: Array
(
    [action] => check_unread
)

[2026-01-16 12:40:42] Database connection successful
[2026-01-16 12:40:42] Action received
Data: check_unread
[2026-01-16 12:40:42] Incoming request
Data: Array
(
    [action] => check_unread
)

[2026-01-16 12:40:42] Database connection successful
[2026-01-16 12:40:42] Action received
Data: check_unread
[2026-01-16 12:41:42] Incoming request
Data: Array
(
    [action] => check_unread
)

[2026-01-16 12:41:42] Database connection successful
[2026-01-16 12:41:42] Action received
Data: check_unread
[2026-01-16 12:41:42] Incoming request
Data: Array
(
    [action] => check_unread
)

[2026-01-16 12:41:42] Database connection successful
[2026-01-16 12:41:42] Action received
Data: check_unread
[2026-01-16 12:41:42] Incoming request
Data: Array
(
    [action] => check_unread
)

[2026-01-16 12:41:42] Database connection successful
[2026-01-16 12:41:42] Action received
Data: check_unread
[2026-01-16 12:41:42] Incoming request
Data: Array
(
    [action] => check_unread
)

[2026-01-16 12:41:42] Database connection successful
[2026-01-16 12:41:42] Action received
Data: check_unread
[2026-01-16 12:42:42] Incoming request
Data: Array
(
    [action] => check_unread
)

[2026-01-16 12:42:42] Database connection successful
[2026-01-16 12:42:42] Action received
Data: check_unread
[2026-01-16 12:42:42] Incoming request
Data: Array
(
    [action] => check_unread
)

[2026-01-16 12:42:42] Database connection successful
[2026-01-16 12:42:42] Action received
Data: check_unread
[2026-01-16 12:42:42] Incoming request
Data: Array
(
    [action] => check_unread
)

[2026-01-16 12:42:42] Database connection successful
[2026-01-16 12:42:42] Action received
Data: check_unread
[2026-01-16 12:42:42] Incoming request
Data: Array
(
    [action] => check_unread
)

[2026-01-16 12:42:42] Database connection successful
[2026-01-16 12:42:42] Action received
Data: check_unread
[2026-01-16 12:43:42] Incoming request
Data: Array
(
    [action] => check_unread
)

[2026-01-16 12:43:42] Database connection successful
[2026-01-16 12:43:42] Action received
Data: check_unread
[2026-01-16 12:43:42] Incoming request
Data: Array
(
    [action] => check_unread
)

[2026-01-16 12:43:42] Database connection successful
[2026-01-16 12:43:42] Action received
Data: check_unread
[2026-01-16 12:43:43] Incoming request
Data: Array
(
    [action] => check_unread
)

[2026-01-16 12:43:43] Database connection successful
[2026-01-16 12:43:43] Action received
Data: check_unread
[2026-01-16 12:43:43] Incoming request
Data: Array
(
    [action] => check_unread
)

[2026-01-16 12:43:43] Database connection successful
[2026-01-16 12:43:43] Action received
Data: check_unread
[2026-01-16 12:44:42] Incoming request
Data: Array
(
    [action] => check_unread
)

[2026-01-16 12:44:42] Database connection successful
[2026-01-16 12:44:42] Action received
Data: check_unread
[2026-01-16 12:44:42] Incoming request
Data: Array
(
    [action] => check_unread
)

[2026-01-16 12:44:42] Database connection successful
[2026-01-16 12:44:42] Action received
Data: check_unread
[2026-01-16 12:44:42] Incoming request
Data: Array
(
    [action] => check_unread
)

[2026-01-16 12:44:42] Database connection successful
[2026-01-16 12:44:42] Action received
Data: check_unread
[2026-01-16 12:44:42] Incoming request
Data: Array
(
    [action] => check_unread
)

[2026-01-16 12:44:42] Database connection successful
[2026-01-16 12:44:42] Action received
Data: check_unread
[2026-01-16 12:45:43] Incoming request
Data: Array
(
    [action] => check_unread
)

[2026-01-16 12:45:43] Database connection successful
[2026-01-16 12:45:43] Action received
Data: check_unread
[2026-01-16 12:45:43] Incoming request
Data: Array
(
    [action] => check_unread
)

[2026-01-16 12:45:43] Database connection successful
[2026-01-16 12:45:43] Action received
Data: check_unread
[2026-01-16 12:45:43] Incoming request
Data: Array
(
    [action] => check_unread
)

[2026-01-16 12:45:43] Database connection successful
[2026-01-16 12:45:43] Action received
Data: check_unread
[2026-01-16 12:45:43] Incoming request
Data: Array
(
    [action] => check_unread
)

[2026-01-16 12:45:43] Database connection successful
[2026-01-16 12:45:43] Action received
Data: check_unread
[2026-01-16 12:46:42] Incoming request
Data: Array
(
    [action] => check_unread
)

[2026-01-16 12:46:42] Database connection successful
[2026-01-16 12:46:42] Action received
Data: check_unread
[2026-01-16 12:46:42] Incoming request
Data: Array
(
    [action] => check_unread
)

[2026-01-16 12:46:42] Database connection successful
[2026-01-16 12:46:42] Action received
Data: check_unread
[2026-01-16 12:46:42] Incoming request
Data: Array
(
    [action] => check_unread
)

[2026-01-16 12:46:42] Database connection successful
[2026-01-16 12:46:42] Action received
Data: check_unread
[2026-01-16 12:46:42] Incoming request
Data: Array
(
    [action] => check_unread
)

[2026-01-16 12:46:42] Database connection successful
[2026-01-16 12:46:42] Action received
Data: check_unread
[2026-01-16 12:47:42] Incoming request
Data: Array
(
    [action] => check_unread
)

[2026-01-16 12:47:42] Database connection successful
[2026-01-16 12:47:42] Action received
Data: check_unread
[2026-01-16 12:47:42] Incoming request
Data: Array
(
    [action] => check_unread
)

[2026-01-16 12:47:42] Database connection successful
[2026-01-16 12:47:42] Action received
Data: check_unread
[2026-01-16 12:47:42] Incoming request
Data: Array
(
    [action] => check_unread
)

[2026-01-16 12:47:42] Database connection successful
[2026-01-16 12:47:42] Action received
Data: check_unread
[2026-01-16 12:47:42] Incoming request
Data: Array
(
    [action] => check_unread
)

[2026-01-16 12:47:42] Database connection successful
[2026-01-16 12:47:42] Action received
Data: check_unread
[2026-01-16 12:48:42] Incoming request
Data: Array
(
    [action] => check_unread
)

[2026-01-16 12:48:42] Database connection successful
[2026-01-16 12:48:42] Action received
Data: check_unread
[2026-01-16 12:48:42] Incoming request
Data: Array
(
    [action] => check_unread
)

[2026-01-16 12:48:42] Database connection successful
[2026-01-16 12:48:42] Action received
Data: check_unread
[2026-01-16 12:48:43] Incoming request
Data: Array
(
    [action] => check_unread
)

[2026-01-16 12:48:43] Database connection successful
[2026-01-16 12:48:43] Action received
Data: check_unread
[2026-01-16 12:48:43] Incoming request
Data: Array
(
    [action] => check_unread
)

[2026-01-16 12:48:43] Database connection successful
[2026-01-16 12:48:43] Action received
Data: check_unread
[2026-01-16 12:49:42] Incoming request
Data: Array
(
    [action] => check_unread
)

[2026-01-16 12:49:43] Database connection successful
[2026-01-16 12:49:43] Action received
Data: check_unread
[2026-01-16 12:49:43] Incoming request
Data: Array
(
    [action] => check_unread
)

[2026-01-16 12:49:43] Database connection successful
[2026-01-16 12:49:43] Action received
Data: check_unread
[2026-01-16 12:49:43] Incoming request
Data: Array
(
    [action] => check_unread
)

[2026-01-16 12:49:43] Database connection successful
[2026-01-16 12:49:43] Action received
Data: check_unread
[2026-01-16 12:49:43] Incoming request
Data: Array
(
    [action] => check_unread
)

[2026-01-16 12:49:43] Database connection successful
[2026-01-16 12:49:43] Action received
Data: check_unread
[2026-01-16 12:50:42] Incoming request
Data: Array
(
    [action] => check_unread
)

[2026-01-16 12:50:42] Database connection successful
[2026-01-16 12:50:42] Action received
Data: check_unread
[2026-01-16 12:50:42] Incoming request
Data: Array
(
    [action] => check_unread
)

[2026-01-16 12:50:42] Database connection successful
[2026-01-16 12:50:42] Action received
Data: check_unread
[2026-01-16 12:50:42] Incoming request
Data: Array
(
    [action] => check_unread
)

[2026-01-16 12:50:42] Database connection successful
[2026-01-16 12:50:42] Action received
Data: check_unread
[2026-01-16 12:50:42] Incoming request
Data: Array
(
    [action] => check_unread
)

[2026-01-16 12:50:42] Database connection successful
[2026-01-16 12:50:42] Action received
Data: check_unread
[2026-01-16 12:51:42] Incoming request
Data: Array
(
    [action] => check_unread
)

[2026-01-16 12:51:42] Database connection successful
[2026-01-16 12:51:42] Action received
Data: check_unread
[2026-01-16 12:51:42] Incoming request
Data: Array
(
    [action] => check_unread
)

[2026-01-16 12:51:42] Database connection successful
[2026-01-16 12:51:42] Action received
Data: check_unread
[2026-01-16 12:51:43] Incoming request
Data: Array
(
    [action] => check_unread
)

[2026-01-16 12:51:43] Database connection successful
[2026-01-16 12:51:43] Action received
Data: check_unread
[2026-01-16 12:51:43] Incoming request
Data: Array
(
    [action] => check_unread
)

[2026-01-16 12:51:43] Database connection successful
[2026-01-16 12:51:43] Action received
Data: check_unread
[2026-01-16 12:52:42] Incoming request
Data: Array
(
    [action] => check_unread
)

[2026-01-16 12:52:42] Database connection successful
[2026-01-16 12:52:42] Action received
Data: check_unread
[2026-01-16 12:52:42] Incoming request
Data: Array
(
    [action] => check_unread
)

[2026-01-16 12:52:42] Database connection successful
[2026-01-16 12:52:42] Action received
Data: check_unread
[2026-01-16 12:52:42] Incoming request
Data: Array
(
    [action] => check_unread
)

[2026-01-16 12:52:42] Database connection successful
[2026-01-16 12:52:42] Action received
Data: check_unread
[2026-01-16 12:52:42] Incoming request
Data: Array
(
    [action] => check_unread
)

[2026-01-16 12:52:42] Database connection successful
[2026-01-16 12:52:42] Action received
Data: check_unread
[2026-01-16 12:53:42] Incoming request
Data: Array
(
    [action] => check_unread
)

[2026-01-16 12:53:43] Database connection successful
[2026-01-16 12:53:43] Action received
Data: check_unread
[2026-01-16 12:53:43] Incoming request
Data: Array
(
    [action] => check_unread
)

[2026-01-16 12:53:43] Database connection successful
[2026-01-16 12:53:43] Action received
Data: check_unread
[2026-01-16 12:53:43] Incoming request
Data: Array
(
    [action] => check_unread
)

[2026-01-16 12:53:43] Database connection successful
[2026-01-16 12:53:43] Action received
Data: check_unread
[2026-01-16 12:53:43] Incoming request
Data: Array
(
    [action] => check_unread
)

[2026-01-16 12:53:43] Database connection successful
[2026-01-16 12:53:43] Action received
Data: check_unread
[2026-01-16 12:54:43] Incoming request
Data: Array
(
    [action] => check_unread
)

[2026-01-16 12:54:43] Database connection successful
[2026-01-16 12:54:43] Action received
Data: check_unread
[2026-01-16 12:54:43] Incoming request
Data: Array
(
    [action] => check_unread
)

[2026-01-16 12:54:43] Database connection successful
[2026-01-16 12:54:43] Action received
Data: check_unread
[2026-01-16 12:54:43] Incoming request
Data: Array
(
    [action] => check_unread
)

[2026-01-16 12:54:43] Database connection successful
[2026-01-16 12:54:43] Action received
Data: check_unread
[2026-01-16 12:54:43] Incoming request
Data: Array
(
    [action] => check_unread
)

[2026-01-16 12:54:43] Database connection successful
[2026-01-16 12:54:43] Action received
Data: check_unread
[2026-01-16 12:55:43] Incoming request
Data: Array
(
    [action] => check_unread
)

[2026-01-16 12:55:43] Database connection successful
[2026-01-16 12:55:43] Action received
Data: check_unread
[2026-01-16 12:55:43] Incoming request
Data: Array
(
    [action] => check_unread
)

[2026-01-16 12:55:43] Database connection successful
[2026-01-16 12:55:43] Action received
Data: check_unread
[2026-01-16 12:55:43] Incoming request
Data: Array
(
    [action] => check_unread
)

[2026-01-16 12:55:43] Database connection successful
[2026-01-16 12:55:43] Action received
Data: check_unread
[2026-01-16 12:55:43] Incoming request
Data: Array
(
    [action] => check_unread
)

[2026-01-16 12:55:43] Database connection successful
[2026-01-16 12:55:43] Action received
Data: check_unread
[2026-01-16 12:56:42] Incoming request
Data: Array
(
    [action] => check_unread
)

[2026-01-16 12:56:42] Database connection successful
[2026-01-16 12:56:42] Action received
Data: check_unread
[2026-01-16 12:56:42] Incoming request
Data: Array
(
    [action] => check_unread
)

[2026-01-16 12:56:42] Database connection successful
[2026-01-16 12:56:42] Action received
Data: check_unread
[2026-01-16 12:56:43] Incoming request
Data: Array
(
    [action] => check_unread
)

[2026-01-16 12:56:43] Database connection successful
[2026-01-16 12:56:43] Action received
Data: check_unread
[2026-01-16 12:56:43] Incoming request
Data: Array
(
    [action] => check_unread
)

[2026-01-16 12:56:43] Database connection successful
[2026-01-16 12:56:43] Action received
Data: check_unread
[2026-01-16 12:57:42] Incoming request
Data: Array
(
    [action] => check_unread
)

[2026-01-16 12:57:42] Database connection successful
[2026-01-16 12:57:42] Action received
Data: check_unread
[2026-01-16 12:57:42] Incoming request
Data: Array
(
    [action] => check_unread
)

[2026-01-16 12:57:42] Database connection successful
[2026-01-16 12:57:42] Action received
Data: check_unread
[2026-01-16 12:57:42] Incoming request
Data: Array
(
    [action] => check_unread
)

[2026-01-16 12:57:42] Database connection successful
[2026-01-16 12:57:42] Action received
Data: check_unread
[2026-01-16 12:57:42] Incoming request
Data: Array
(
    [action] => check_unread
)

[2026-01-16 12:57:42] Database connection successful
[2026-01-16 12:57:42] Action received
Data: check_unread
[2026-01-16 12:58:42] Incoming request
Data: Array
(
    [action] => check_unread
)

[2026-01-16 12:58:42] Database connection successful
[2026-01-16 12:58:42] Action received
Data: check_unread
[2026-01-16 12:58:42] Incoming request
Data: Array
(
    [action] => check_unread
)

[2026-01-16 12:58:42] Database connection successful
[2026-01-16 12:58:42] Action received
Data: check_unread
[2026-01-16 12:58:42] Incoming request
Data: Array
(
    [action] => check_unread
)

[2026-01-16 12:58:42] Database connection successful
[2026-01-16 12:58:42] Action received
Data: check_unread
[2026-01-16 12:58:42] Incoming request
Data: Array
(
    [action] => check_unread
)

[2026-01-16 12:58:42] Database connection successful
[2026-01-16 12:58:42] Action received
Data: check_unread
[2026-01-16 12:59:42] Incoming request
Data: Array
(
    [action] => check_unread
)

[2026-01-16 12:59:42] Database connection successful
[2026-01-16 12:59:42] Action received
Data: check_unread
[2026-01-16 12:59:42] Incoming request
Data: Array
(
    [action] => check_unread
)

[2026-01-16 12:59:42] Database connection successful
[2026-01-16 12:59:42] Action received
Data: check_unread
[2026-01-16 12:59:42] Incoming request
Data: Array
(
    [action] => check_unread
)

[2026-01-16 12:59:42] Database connection successful
[2026-01-16 12:59:42] Action received
Data: check_unread
[2026-01-16 12:59:42] Incoming request
Data: Array
(
    [action] => check_unread
)

[2026-01-16 12:59:42] Database connection successful
[2026-01-16 12:59:42] Action received
Data: check_unread
[2026-01-16 13:00:42] Incoming request
Data: Array
(
    [action] => check_unread
)

[2026-01-16 13:00:42] Database connection successful
[2026-01-16 13:00:42] Action received
Data: check_unread
[2026-01-16 13:00:42] Incoming request
Data: Array
(
    [action] => check_unread
)

[2026-01-16 13:00:42] Database connection successful
[2026-01-16 13:00:42] Action received
Data: check_unread
[2026-01-16 13:00:42] Incoming request
Data: Array
(
    [action] => check_unread
)

[2026-01-16 13:00:42] Database connection successful
[2026-01-16 13:00:42] Action received
Data: check_unread
[2026-01-16 13:00:42] Incoming request
Data: Array
(
    [action] => check_unread
)

[2026-01-16 13:00:42] Database connection successful
[2026-01-16 13:00:42] Action received
Data: check_unread
[2026-01-16 13:01:30] Incoming request
Data: Array
(
    [action] => check_unread
)

[2026-01-16 13:01:30] Database connection successful
[2026-01-16 13:01:30] Action received
Data: check_unread
[2026-01-16 13:01:30] Incoming request
Data: Array
(
    [action] => check_unread
)

[2026-01-16 13:01:30] Database connection successful
[2026-01-16 13:01:30] Action received
Data: check_unread
[2026-01-16 13:01:42] Incoming request
Data: Array
(
    [action] => check_unread
)

[2026-01-16 13:01:42] Database connection successful
[2026-01-16 13:01:42] Action received
Data: check_unread
[2026-01-16 13:01:42] Incoming request
Data: Array
(
    [action] => check_unread
)

[2026-01-16 13:01:42] Database connection successful
[2026-01-16 13:01:42] Action received
Data: check_unread
[2026-01-16 13:02:01] Incoming request
Data: Array
(
    [action] => check_unread
)

[2026-01-16 13:02:01] Database connection successful
[2026-01-16 13:02:01] Action received
Data: check_unread
[2026-01-16 13:02:02] Incoming request
Data: Array
(
    [action] => check_unread
)

[2026-01-16 13:02:02] Database connection successful
[2026-01-16 13:02:02] Action received
Data: check_unread
[2026-01-16 13:02:43] Incoming request
Data: Array
(
    [action] => check_unread
)

[2026-01-16 13:02:43] Database connection successful
[2026-01-16 13:02:43] Action received
Data: check_unread
[2026-01-16 13:02:43] Incoming request
Data: Array
(
    [action] => check_unread
)

[2026-01-16 13:02:43] Database connection successful
[2026-01-16 13:02:43] Action received
Data: check_unread
[2026-01-16 13:02:43] Incoming request
Data: Array
(
    [action] => check_unread
)

[2026-01-16 13:02:43] Database connection successful
[2026-01-16 13:02:43] Action received
Data: check_unread
[2026-01-16 13:02:43] Incoming request
Data: Array
(
    [action] => check_unread
)

[2026-01-16 13:02:43] Database connection successful
[2026-01-16 13:02:43] Action received
Data: check_unread
[2026-01-16 13:03:42] Incoming request
Data: Array
(
    [action] => check_unread
)

[2026-01-16 13:03:42] Database connection successful
[2026-01-16 13:03:42] Action received
Data: check_unread
[2026-01-16 13:03:42] Incoming request
Data: Array
(
    [action] => check_unread
)

[2026-01-16 13:03:42] Database connection successful
[2026-01-16 13:03:42] Action received
Data: check_unread
[2026-01-16 13:03:42] Incoming request
Data: Array
(
    [action] => check_unread
)

[2026-01-16 13:03:42] Database connection successful
[2026-01-16 13:03:42] Action received
Data: check_unread
[2026-01-16 13:03:42] Incoming request
Data: Array
(
    [action] => check_unread
)

[2026-01-16 13:03:42] Database connection successful
[2026-01-16 13:03:42] Action received
Data: check_unread
[2026-01-16 13:04:42] Incoming request
Data: Array
(
    [action] => check_unread
)

[2026-01-16 13:04:42] Database connection successful
[2026-01-16 13:04:42] Action received
Data: check_unread
[2026-01-16 13:04:42] Incoming request
Data: Array
(
    [action] => check_unread
)

[2026-01-16 13:04:42] Database connection successful
[2026-01-16 13:04:42] Action received
Data: check_unread
[2026-01-16 13:04:43] Incoming request
Data: Array
(
    [action] => check_unread
)

[2026-01-16 13:04:43] Database connection successful
[2026-01-16 13:04:43] Action received
Data: check_unread
[2026-01-16 13:04:43] Incoming request
Data: Array
(
    [action] => check_unread
)

[2026-01-16 13:04:43] Database connection successful
[2026-01-16 13:04:43] Action received
Data: check_unread
[2026-01-16 13:05:43] Incoming request
Data: Array
(
    [action] => check_unread
)

[2026-01-16 13:05:43] Database connection successful
[2026-01-16 13:05:43] Action received
Data: check_unread
[2026-01-16 13:05:43] Incoming request
Data: Array
(
    [action] => check_unread
)

[2026-01-16 13:05:43] Database connection successful
[2026-01-16 13:05:43] Action received
Data: check_unread
[2026-01-16 13:05:43] Incoming request
Data: Array
(
    [action] => check_unread
)

[2026-01-16 13:05:43] Database connection successful
[2026-01-16 13:05:43] Action received
Data: check_unread
[2026-01-16 13:05:43] Incoming request
Data: Array
(
    [action] => check_unread
)

[2026-01-16 13:05:43] Database connection successful
[2026-01-16 13:05:43] Action received
Data: check_unread
[2026-01-16 13:06:42] Incoming request
Data: Array
(
    [action] => check_unread
)

[2026-01-16 13:06:42] Database connection successful
[2026-01-16 13:06:42] Action received
Data: check_unread
[2026-01-16 13:06:42] Incoming request
Data: Array
(
    [action] => check_unread
)

[2026-01-16 13:06:42] Database connection successful
[2026-01-16 13:06:42] Action received
Data: check_unread
[2026-01-16 13:06:42] Incoming request
Data: Array
(
    [action] => check_unread
)

[2026-01-16 13:06:42] Database connection successful
[2026-01-16 13:06:42] Action received
Data: check_unread
[2026-01-16 13:06:42] Incoming request
Data: Array
(
    [action] => check_unread
)

[2026-01-16 13:06:42] Database connection successful
[2026-01-16 13:06:42] Action received
Data: check_unread
[2026-01-16 13:07:42] Incoming request
Data: Array
(
    [action] => check_unread
)

[2026-01-16 13:07:42] Database connection successful
[2026-01-16 13:07:42] Action received
Data: check_unread
[2026-01-16 13:07:42] Incoming request
Data: Array
(
    [action] => check_unread
)

[2026-01-16 13:07:42] Database connection successful
[2026-01-16 13:07:42] Action received
Data: check_unread
[2026-01-16 13:07:42] Incoming request
Data: Array
(
    [action] => check_unread
)

[2026-01-16 13:07:42] Database connection successful
[2026-01-16 13:07:42] Action received
Data: check_unread
[2026-01-16 13:07:42] Incoming request
Data: Array
(
    [action] => check_unread
)

[2026-01-16 13:07:42] Database connection successful
[2026-01-16 13:07:42] Action received
Data: check_unread
[2026-01-16 13:08:42] Incoming request
Data: Array
(
    [action] => check_unread
)

[2026-01-16 13:08:42] Database connection successful
[2026-01-16 13:08:42] Action received
Data: check_unread
[2026-01-16 13:08:42] Incoming request
Data: Array
(
    [action] => check_unread
)

[2026-01-16 13:08:42] Database connection successful
[2026-01-16 13:08:42] Action received
Data: check_unread
[2026-01-16 13:08:42] Incoming request
Data: Array
(
    [action] => check_unread
)

[2026-01-16 13:08:42] Database connection successful
[2026-01-16 13:08:42] Action received
Data: check_unread
[2026-01-16 13:08:42] Incoming request
Data: Array
(
    [action] => check_unread
)

[2026-01-16 13:08:42] Database connection successful
[2026-01-16 13:08:42] Action received
Data: check_unread
[2026-01-16 13:09:47] Incoming request
Data: Array
(
    [action] => check_unread
)

[2026-01-16 13:09:47] Database connection successful
[2026-01-16 13:09:47] Action received
Data: check_unread
[2026-01-16 13:09:47] Incoming request
Data: Array
(
    [action] => check_unread
)

[2026-01-16 13:09:47] Database connection successful
[2026-01-16 13:09:47] Action received
Data: check_unread
[2026-01-16 13:09:47] Incoming request
Data: Array
(
    [action] => check_unread
)

[2026-01-16 13:09:47] Database connection successful
[2026-01-16 13:09:47] Action received
Data: check_unread
[2026-01-16 13:09:48] Incoming request
Data: Array
(
    [action] => check_unread
)

[2026-01-16 13:09:48] Database connection successful
[2026-01-16 13:09:48] Action received
Data: check_unread
[2026-01-16 13:10:43] Incoming request
Data: Array
(
    [action] => check_unread
)

[2026-01-16 13:10:43] Database connection successful
[2026-01-16 13:10:43] Action received
Data: check_unread
[2026-01-16 13:10:43] Incoming request
Data: Array
(
    [action] => check_unread
)

[2026-01-16 13:10:43] Database connection successful
[2026-01-16 13:10:43] Action received
Data: check_unread
[2026-01-16 13:10:43] Incoming request
Data: Array
(
    [action] => check_unread
)

[2026-01-16 13:10:43] Database connection successful
[2026-01-16 13:10:43] Action received
Data: check_unread
[2026-01-16 13:10:43] Incoming request
Data: Array
(
    [action] => check_unread
)

[2026-01-16 13:10:43] Database connection successful
[2026-01-16 13:10:43] Action received
Data: check_unread
[2026-01-16 13:11:42] Incoming request
Data: Array
(
    [action] => check_unread
)

[2026-01-16 13:11:42] Database connection successful
[2026-01-16 13:11:42] Action received
Data: check_unread
[2026-01-16 13:11:42] Incoming request
Data: Array
(
    [action] => check_unread
)

[2026-01-16 13:11:42] Database connection successful
[2026-01-16 13:11:42] Action received
Data: check_unread
[2026-01-16 13:11:42] Incoming request
Data: Array
(
    [action] => check_unread
)

[2026-01-16 13:11:42] Database connection successful
[2026-01-16 13:11:42] Action received
Data: check_unread
[2026-01-16 13:11:43] Incoming request
Data: Array
(
    [action] => check_unread
)

[2026-01-16 13:11:43] Database connection successful
[2026-01-16 13:11:43] Action received
Data: check_unread
[2026-01-16 13:12:42] Incoming request
Data: Array
(
    [action] => check_unread
)

[2026-01-16 13:12:43] Database connection successful
[2026-01-16 13:12:43] Action received
Data: check_unread
[2026-01-16 13:12:43] Incoming request
Data: Array
(
    [action] => check_unread
)

[2026-01-16 13:12:43] Database connection successful
[2026-01-16 13:12:43] Action received
Data: check_unread
[2026-01-16 13:12:43] Incoming request
Data: Array
(
    [action] => check_unread
)

[2026-01-16 13:12:43] Database connection successful
[2026-01-16 13:12:43] Action received
Data: check_unread
[2026-01-16 13:12:43] Incoming request
Data: Array
(
    [action] => check_unread
)

[2026-01-16 13:12:43] Database connection successful
[2026-01-16 13:12:43] Action received
Data: check_unread
[2026-01-16 13:13:43] Incoming request
Data: Array
(
    [action] => check_unread
)

[2026-01-16 13:13:43] Database connection successful
[2026-01-16 13:13:43] Action received
Data: check_unread
[2026-01-16 13:13:43] Incoming request
Data: Array
(
    [action] => check_unread
)

[2026-01-16 13:13:43] Database connection successful
[2026-01-16 13:13:43] Action received
Data: check_unread
[2026-01-16 13:13:43] Incoming request
Data: Array
(
    [action] => check_unread
)

[2026-01-16 13:13:43] Database connection successful
[2026-01-16 13:13:43] Action received
Data: check_unread
[2026-01-16 13:13:43] Incoming request
Data: Array
(
    [action] => check_unread
)

[2026-01-16 13:13:43] Database connection successful
[2026-01-16 13:13:43] Action received
Data: check_unread
[2026-01-16 13:14:43] Incoming request
Data: Array
(
    [action] => check_unread
)

[2026-01-16 13:14:43] Database connection successful
[2026-01-16 13:14:43] Action received
Data: check_unread
[2026-01-16 13:14:43] Incoming request
Data: Array
(
    [action] => check_unread
)

[2026-01-16 13:14:43] Database connection successful
[2026-01-16 13:14:43] Action received
Data: check_unread
[2026-01-16 13:14:43] Incoming request
Data: Array
(
    [action] => check_unread
)

[2026-01-16 13:14:43] Database connection successful
[2026-01-16 13:14:43] Action received
Data: check_unread
[2026-01-16 13:14:43] Incoming request
Data: Array
(
    [action] => check_unread
)

[2026-01-16 13:14:43] Database connection successful
[2026-01-16 13:14:43] Action received
Data: check_unread
[2026-01-16 13:15:43] Incoming request
Data: Array
(
    [action] => check_unread
)

[2026-01-16 13:15:43] Database connection successful
[2026-01-16 13:15:43] Action received
Data: check_unread
[2026-01-16 13:15:43] Incoming request
Data: Array
(
    [action] => check_unread
)

[2026-01-16 13:15:43] Database connection successful
[2026-01-16 13:15:43] Action received
Data: check_unread
[2026-01-16 13:15:43] Incoming request
Data: Array
(
    [action] => check_unread
)

[2026-01-16 13:15:43] Database connection successful
[2026-01-16 13:15:43] Action received
Data: check_unread
[2026-01-16 13:15:43] Incoming request
Data: Array
(
    [action] => check_unread
)

[2026-01-16 13:15:43] Database connection successful
[2026-01-16 13:15:43] Action received
Data: check_unread
[2026-01-16 13:16:42] Incoming request
Data: Array
(
    [action] => check_unread
)

[2026-01-16 13:16:42] Database connection successful
[2026-01-16 13:16:42] Action received
Data: check_unread
[2026-01-16 13:16:42] Incoming request
Data: Array
(
    [action] => check_unread
)

[2026-01-16 13:16:42] Database connection successful
[2026-01-16 13:16:42] Action received
Data: check_unread
[2026-01-16 13:16:42] Incoming request
Data: Array
(
    [action] => check_unread
)

[2026-01-16 13:16:42] Database connection successful
[2026-01-16 13:16:42] Action received
Data: check_unread
[2026-01-16 13:16:42] Incoming request
Data: Array
(
    [action] => check_unread
)

[2026-01-16 13:16:42] Database connection successful
[2026-01-16 13:16:42] Action received
Data: check_unread
[2026-01-16 13:17:42] Incoming request
Data: Array
(
    [action] => check_unread
)

[2026-01-16 13:17:42] Database connection successful
[2026-01-16 13:17:42] Action received
Data: check_unread
[2026-01-16 13:17:42] Incoming request
Data: Array
(
    [action] => check_unread
)

[2026-01-16 13:17:42] Database connection successful
[2026-01-16 13:17:42] Action received
Data: check_unread
[2026-01-16 13:17:42] Incoming request
Data: Array
(
    [action] => check_unread
)

[2026-01-16 13:17:42] Database connection successful
[2026-01-16 13:17:42] Action received
Data: check_unread
[2026-01-16 13:17:43] Incoming request
Data: Array
(
    [action] => check_unread
)

[2026-01-16 13:17:43] Database connection successful
[2026-01-16 13:17:43] Action received
Data: check_unread
[2026-01-16 13:18:42] Incoming request
Data: Array
(
    [action] => check_unread
)

[2026-01-16 13:18:43] Database connection successful
[2026-01-16 13:18:43] Action received
Data: check_unread
[2026-01-16 13:18:43] Incoming request
Data: Array
(
    [action] => check_unread
)

[2026-01-16 13:18:43] Database connection successful
[2026-01-16 13:18:43] Action received
Data: check_unread
[2026-01-16 13:18:43] Incoming request
Data: Array
(
    [action] => check_unread
)

[2026-01-16 13:18:43] Database connection successful
[2026-01-16 13:18:43] Action received
Data: check_unread
[2026-01-16 13:18:43] Incoming request
Data: Array
(
    [action] => check_unread
)

[2026-01-16 13:18:43] Database connection successful
[2026-01-16 13:18:43] Action received
Data: check_unread
[2026-01-16 13:19:42] Incoming request
Data: Array
(
    [action] => check_unread
)

[2026-01-16 13:19:42] Database connection successful
[2026-01-16 13:19:42] Action received
Data: check_unread
[2026-01-16 13:19:42] Incoming request
Data: Array
(
    [action] => check_unread
)

[2026-01-16 13:19:42] Database connection successful
[2026-01-16 13:19:42] Action received
Data: check_unread
[2026-01-16 13:19:42] Incoming request
Data: Array
(
    [action] => check_unread
)

[2026-01-16 13:19:42] Database connection successful
[2026-01-16 13:19:42] Action received
Data: check_unread
[2026-01-16 13:19:42] Incoming request
Data: Array
(
    [action] => check_unread
)

[2026-01-16 13:19:42] Database connection successful
[2026-01-16 13:19:42] Action received
Data: check_unread
[2026-01-16 13:20:42] Incoming request
Data: Array
(
    [action] => check_unread
)

[2026-01-16 13:20:42] Database connection successful
[2026-01-16 13:20:42] Action received
Data: check_unread
[2026-01-16 13:20:42] Incoming request
Data: Array
(
    [action] => check_unread
)

[2026-01-16 13:20:42] Database connection successful
[2026-01-16 13:20:42] Action received
Data: check_unread
[2026-01-16 13:20:43] Incoming request
Data: Array
(
    [action] => check_unread
)

[2026-01-16 13:20:43] Database connection successful
[2026-01-16 13:20:43] Action received
Data: check_unread
[2026-01-16 13:20:43] Incoming request
Data: Array
(
    [action] => check_unread
)

[2026-01-16 13:20:43] Database connection successful
[2026-01-16 13:20:43] Action received
Data: check_unread
[2026-01-16 13:21:42] Incoming request
Data: Array
(
    [action] => check_unread
)

[2026-01-16 13:21:42] Database connection successful
[2026-01-16 13:21:42] Action received
Data: check_unread
[2026-01-16 13:21:42] Incoming request
Data: Array
(
    [action] => check_unread
)

[2026-01-16 13:21:42] Database connection successful
[2026-01-16 13:21:42] Action received
Data: check_unread
[2026-01-16 13:21:42] Incoming request
Data: Array
(
    [action] => check_unread
)

[2026-01-16 13:21:42] Database connection successful
[2026-01-16 13:21:42] Action received
Data: check_unread
[2026-01-16 13:21:42] Incoming request
Data: Array
(
    [action] => check_unread
)

[2026-01-16 13:21:42] Database connection successful
[2026-01-16 13:21:42] Action received
Data: check_unread
[2026-01-16 13:22:42] Incoming request
Data: Array
(
    [action] => check_unread
)

[2026-01-16 13:22:42] Database connection successful
[2026-01-16 13:22:42] Action received
Data: check_unread
[2026-01-16 13:22:42] Incoming request
Data: Array
(
    [action] => check_unread
)

[2026-01-16 13:22:42] Database connection successful
[2026-01-16 13:22:42] Action received
Data: check_unread
[2026-01-16 13:22:43] Incoming request
Data: Array
(
    [action] => check_unread
)

[2026-01-16 13:22:43] Database connection successful
[2026-01-16 13:22:43] Action received
Data: check_unread
[2026-01-16 13:22:43] Incoming request
Data: Array
(
    [action] => check_unread
)

[2026-01-16 13:22:43] Database connection successful
[2026-01-16 13:22:43] Action received
Data: check_unread
[2026-01-16 13:23:42] Incoming request
Data: Array
(
    [action] => check_unread
)

[2026-01-16 13:23:42] Database connection successful
[2026-01-16 13:23:42] Action received
Data: check_unread
[2026-01-16 13:23:42] Incoming request
Data: Array
(
    [action] => check_unread
)

[2026-01-16 13:23:42] Database connection successful
[2026-01-16 13:23:42] Action received
Data: check_unread
[2026-01-16 13:23:43] Incoming request
Data: Array
(
    [action] => check_unread
)

[2026-01-16 13:23:43] Database connection successful
[2026-01-16 13:23:43] Action received
Data: check_unread
[2026-01-16 13:23:43] Incoming request
Data: Array
(
    [action] => check_unread
)

[2026-01-16 13:23:43] Database connection successful
[2026-01-16 13:23:43] Action received
Data: check_unread
[2026-01-16 13:24:43] Incoming request
Data: Array
(
    [action] => check_unread
)

[2026-01-16 13:24:43] Database connection successful
[2026-01-16 13:24:43] Action received
Data: check_unread
[2026-01-16 13:24:43] Incoming request
Data: Array
(
    [action] => check_unread
)

[2026-01-16 13:24:43] Database connection successful
[2026-01-16 13:24:43] Action received
Data: check_unread
[2026-01-16 13:24:43] Incoming request
Data: Array
(
    [action] => check_unread
)

[2026-01-16 13:24:43] Database connection successful
[2026-01-16 13:24:43] Action received
Data: check_unread
[2026-01-16 13:24:43] Incoming request
Data: Array
(
    [action] => check_unread
)

[2026-01-16 13:24:43] Database connection successful
[2026-01-16 13:24:43] Action received
Data: check_unread
[2026-01-16 13:25:43] Incoming request
Data: Array
(
    [action] => check_unread
)

[2026-01-16 13:25:43] Database connection successful
[2026-01-16 13:25:43] Action received
Data: check_unread
[2026-01-16 13:25:43] Incoming request
Data: Array
(
    [action] => check_unread
)

[2026-01-16 13:25:43] Database connection successful
[2026-01-16 13:25:43] Action received
Data: check_unread
[2026-01-16 13:25:43] Incoming request
Data: Array
(
    [action] => check_unread
)

[2026-01-16 13:25:43] Database connection successful
[2026-01-16 13:25:43] Action received
Data: check_unread
[2026-01-16 13:25:43] Incoming request
Data: Array
(
    [action] => check_unread
)

[2026-01-16 13:25:43] Database connection successful
[2026-01-16 13:25:43] Action received
Data: check_unread
[2026-01-16 13:26:43] Incoming request
Data: Array
(
    [action] => check_unread
)

[2026-01-16 13:26:43] Database connection successful
[2026-01-16 13:26:43] Action received
Data: check_unread
[2026-01-16 13:26:43] Incoming request
Data: Array
(
    [action] => check_unread
)

[2026-01-16 13:26:43] Database connection successful
[2026-01-16 13:26:43] Action received
Data: check_unread
[2026-01-16 13:26:43] Incoming request
Data: Array
(
    [action] => check_unread
)

[2026-01-16 13:26:43] Database connection successful
[2026-01-16 13:26:43] Action received
Data: check_unread
[2026-01-16 13:26:43] Incoming request
Data: Array
(
    [action] => check_unread
)

[2026-01-16 13:26:43] Database connection successful
[2026-01-16 13:26:43] Action received
Data: check_unread
[2026-01-16 13:27:42] Incoming request
Data: Array
(
    [action] => check_unread
)

[2026-01-16 13:27:42] Database connection successful
[2026-01-16 13:27:42] Action received
Data: check_unread
[2026-01-16 13:27:42] Incoming request
Data: Array
(
    [action] => check_unread
)

[2026-01-16 13:27:42] Database connection successful
[2026-01-16 13:27:42] Action received
Data: check_unread
[2026-01-16 13:27:43] Incoming request
Data: Array
(
    [action] => check_unread
)

[2026-01-16 13:27:43] Database connection successful
[2026-01-16 13:27:43] Action received
Data: check_unread
[2026-01-16 13:27:43] Incoming request
Data: Array
(
    [action] => check_unread
)

[2026-01-16 13:27:43] Database connection successful
[2026-01-16 13:27:43] Action received
Data: check_unread
[2026-01-16 13:28:42] Incoming request
Data: Array
(
    [action] => check_unread
)

[2026-01-16 13:28:42] Database connection successful
[2026-01-16 13:28:42] Action received
Data: check_unread
[2026-01-16 13:28:42] Incoming request
Data: Array
(
    [action] => check_unread
)

[2026-01-16 13:28:42] Database connection successful
[2026-01-16 13:28:42] Action received
Data: check_unread
[2026-01-16 13:28:43] Incoming request
Data: Array
(
    [action] => check_unread
)

[2026-01-16 13:28:43] Database connection successful
[2026-01-16 13:28:43] Action received
Data: check_unread
[2026-01-16 13:28:43] Incoming request
Data: Array
(
    [action] => check_unread
)

[2026-01-16 13:28:43] Database connection successful
[2026-01-16 13:28:43] Action received
Data: check_unread
[2026-01-16 13:29:42] Incoming request
Data: Array
(
    [action] => check_unread
)

[2026-01-16 13:29:42] Database connection successful
[2026-01-16 13:29:42] Action received
Data: check_unread
[2026-01-16 13:29:42] Incoming request
Data: Array
(
    [action] => check_unread
)

[2026-01-16 13:29:42] Database connection successful
[2026-01-16 13:29:42] Action received
Data: check_unread
[2026-01-16 13:29:42] Incoming request
Data: Array
(
    [action] => check_unread
)

[2026-01-16 13:29:42] Database connection successful
[2026-01-16 13:29:42] Action received
Data: check_unread
[2026-01-16 13:29:42] Incoming request
Data: Array
(
    [action] => check_unread
)

[2026-01-16 13:29:42] Database connection successful
[2026-01-16 13:29:42] Action received
Data: check_unread
[2026-01-16 13:30:42] Incoming request
Data: Array
(
    [action] => check_unread
)

[2026-01-16 13:30:42] Database connection successful
[2026-01-16 13:30:42] Action received
Data: check_unread
[2026-01-16 13:30:42] Incoming request
Data: Array
(
    [action] => check_unread
)

[2026-01-16 13:30:42] Database connection successful
[2026-01-16 13:30:42] Action received
Data: check_unread
[2026-01-16 13:30:42] Incoming request
Data: Array
(
    [action] => check_unread
)

[2026-01-16 13:30:42] Database connection successful
[2026-01-16 13:30:42] Action received
Data: check_unread
[2026-01-16 13:30:42] Incoming request
Data: Array
(
    [action] => check_unread
)

[2026-01-16 13:30:42] Database connection successful
[2026-01-16 13:30:42] Action received
Data: check_unread
[2026-01-16 13:31:42] Incoming request
Data: Array
(
    [action] => check_unread
)

[2026-01-16 13:31:42] Database connection successful
[2026-01-16 13:31:42] Action received
Data: check_unread
[2026-01-16 13:31:42] Incoming request
Data: Array
(
    [action] => check_unread
)

[2026-01-16 13:31:42] Database connection successful
[2026-01-16 13:31:42] Action received
Data: check_unread
[2026-01-16 13:31:43] Incoming request
Data: Array
(
    [action] => check_unread
)

[2026-01-16 13:31:43] Database connection successful
[2026-01-16 13:31:43] Action received
Data: check_unread
[2026-01-16 13:31:43] Incoming request
Data: Array
(
    [action] => check_unread
)

[2026-01-16 13:31:43] Database connection successful
[2026-01-16 13:31:43] Action received
Data: check_unread
[2026-01-16 13:32:43] Incoming request
Data: Array
(
    [action] => check_unread
)

[2026-01-16 13:32:43] Database connection successful
[2026-01-16 13:32:43] Action received
Data: check_unread
[2026-01-16 13:32:43] Incoming request
Data: Array
(
    [action] => check_unread
)

[2026-01-16 13:32:43] Database connection successful
[2026-01-16 13:32:43] Action received
Data: check_unread
[2026-01-16 13:32:43] Incoming request
Data: Array
(
    [action] => check_unread
)

[2026-01-16 13:32:43] Database connection successful
[2026-01-16 13:32:43] Action received
Data: check_unread
[2026-01-16 13:32:43] Incoming request
Data: Array
(
    [action] => check_unread
)

[2026-01-16 13:32:43] Database connection successful
[2026-01-16 13:32:43] Action received
Data: check_unread
[2026-01-16 13:33:42] Incoming request
Data: Array
(
    [action] => check_unread
)

[2026-01-16 13:33:42] Database connection successful
[2026-01-16 13:33:42] Action received
Data: check_unread
[2026-01-16 13:33:43] Incoming request
Data: Array
(
    [action] => check_unread
)

[2026-01-16 13:33:43] Database connection successful
[2026-01-16 13:33:43] Action received
Data: check_unread
[2026-01-16 13:33:43] Incoming request
Data: Array
(
    [action] => check_unread
)

[2026-01-16 13:33:43] Database connection successful
[2026-01-16 13:33:43] Action received
Data: check_unread
[2026-01-16 13:33:43] Incoming request
Data: Array
(
    [action] => check_unread
)

[2026-01-16 13:33:43] Database connection successful
[2026-01-16 13:33:43] Action received
Data: check_unread
[2026-01-16 13:34:42] Incoming request
Data: Array
(
    [action] => check_unread
)

[2026-01-16 13:34:43] Database connection successful
[2026-01-16 13:34:43] Action received
Data: check_unread
[2026-01-16 13:34:43] Incoming request
Data: Array
(
    [action] => check_unread
)

[2026-01-16 13:34:43] Database connection successful
[2026-01-16 13:34:43] Action received
Data: check_unread
[2026-01-16 13:34:43] Incoming request
Data: Array
(
    [action] => check_unread
)

[2026-01-16 13:34:43] Database connection successful
[2026-01-16 13:34:43] Action received
Data: check_unread
[2026-01-16 13:34:43] Incoming request
Data: Array
(
    [action] => check_unread
)

[2026-01-16 13:34:43] Database connection successful
[2026-01-16 13:34:43] Action received
Data: check_unread
[2026-01-16 13:35:43] Incoming request
Data: Array
(
    [action] => check_unread
)

[2026-01-16 13:35:43] Database connection successful
[2026-01-16 13:35:43] Action received
Data: check_unread
[2026-01-16 13:35:43] Incoming request
Data: Array
(
    [action] => check_unread
)

[2026-01-16 13:35:43] Database connection successful
[2026-01-16 13:35:43] Action received
Data: check_unread
[2026-01-16 13:35:43] Incoming request
Data: Array
(
    [action] => check_unread
)

[2026-01-16 13:35:43] Database connection successful
[2026-01-16 13:35:43] Action received
Data: check_unread
[2026-01-16 13:35:43] Incoming request
Data: Array
(
    [action] => check_unread
)

[2026-01-16 13:35:43] Database connection successful
[2026-01-16 13:35:43] Action received
Data: check_unread
[2026-01-16 13:36:42] Incoming request
Data: Array
(
    [action] => check_unread
)

[2026-01-16 13:36:42] Database connection successful
[2026-01-16 13:36:42] Action received
Data: check_unread
[2026-01-16 13:36:43] Incoming request
Data: Array
(
    [action] => check_unread
)

[2026-01-16 13:36:43] Database connection successful
[2026-01-16 13:36:43] Action received
Data: check_unread
[2026-01-16 13:36:43] Incoming request
Data: Array
(
    [action] => check_unread
)

[2026-01-16 13:36:43] Database connection successful
[2026-01-16 13:36:43] Action received
Data: check_unread
[2026-01-16 13:36:43] Incoming request
Data: Array
(
    [action] => check_unread
)

[2026-01-16 13:36:43] Database connection successful
[2026-01-16 13:36:43] Action received
Data: check_unread
[2026-01-16 13:37:43] Incoming request
Data: Array
(
    [action] => check_unread
)

[2026-01-16 13:37:43] Database connection successful
[2026-01-16 13:37:43] Action received
Data: check_unread
[2026-01-16 13:37:43] Incoming request
Data: Array
(
    [action] => check_unread
)

[2026-01-16 13:37:43] Database connection successful
[2026-01-16 13:37:43] Action received
Data: check_unread
[2026-01-16 13:37:43] Incoming request
Data: Array
(
    [action] => check_unread
)

[2026-01-16 13:37:43] Database connection successful
[2026-01-16 13:37:43] Action received
Data: check_unread
[2026-01-16 13:37:43] Incoming request
Data: Array
(
    [action] => check_unread
)

[2026-01-16 13:37:43] Database connection successful
[2026-01-16 13:37:43] Action received
Data: check_unread
[2026-01-16 13:38:43] Incoming request
Data: Array
(
    [action] => check_unread
)

[2026-01-16 13:38:43] Database connection successful
[2026-01-16 13:38:43] Action received
Data: check_unread
[2026-01-16 13:38:43] Incoming request
Data: Array
(
    [action] => check_unread
)

[2026-01-16 13:38:43] Database connection successful
[2026-01-16 13:38:43] Action received
Data: check_unread
[2026-01-16 13:38:43] Incoming request
Data: Array
(
    [action] => check_unread
)

[2026-01-16 13:38:43] Database connection successful
[2026-01-16 13:38:43] Action received
Data: check_unread
[2026-01-16 13:38:43] Incoming request
Data: Array
(
    [action] => check_unread
)

[2026-01-16 13:38:43] Database connection successful
[2026-01-16 13:38:43] Action received
Data: check_unread
[2026-01-16 13:39:43] Incoming request
Data: Array
(
    [action] => check_unread
)

[2026-01-16 13:39:43] Database connection successful
[2026-01-16 13:39:43] Action received
Data: check_unread
[2026-01-16 13:39:43] Incoming request
Data: Array
(
    [action] => check_unread
)

[2026-01-16 13:39:43] Database connection successful
[2026-01-16 13:39:43] Action received
Data: check_unread
[2026-01-16 13:39:43] Incoming request
Data: Array
(
    [action] => check_unread
)

[2026-01-16 13:39:43] Database connection successful
[2026-01-16 13:39:43] Action received
Data: check_unread
[2026-01-16 13:39:43] Incoming request
Data: Array
(
    [action] => check_unread
)

[2026-01-16 13:39:43] Database connection successful
[2026-01-16 13:39:43] Action received
Data: check_unread
[2026-01-16 13:40:42] Incoming request
Data: Array
(
    [action] => check_unread
)

[2026-01-16 13:40:42] Incoming request
Data: Array
(
    [action] => check_unread
)

[2026-01-16 13:40:43] Incoming request
Data: Array
(
    [action] => check_unread
)

[2026-01-16 13:40:43] Incoming request
Data: Array
(
    [action] => check_unread
)

[2026-01-16 13:41:43] Incoming request
Data: Array
(
    [action] => check_unread
)

[2026-01-16 13:41:43] Database connection successful
[2026-01-16 13:41:43] Action received
Data: check_unread
[2026-01-16 13:41:43] Incoming request
Data: Array
(
    [action] => check_unread
)

[2026-01-16 13:41:43] Database connection successful
[2026-01-16 13:41:43] Action received
Data: check_unread
[2026-01-16 13:41:43] Incoming request
Data: Array
(
    [action] => check_unread
)

[2026-01-16 13:41:43] Database connection successful
[2026-01-16 13:41:43] Action received
Data: check_unread
[2026-01-16 13:41:43] Incoming request
Data: Array
(
    [action] => check_unread
)

[2026-01-16 13:41:43] Database connection successful
[2026-01-16 13:41:43] Action received
Data: check_unread
[2026-01-16 13:41:48] Incoming request
Data: Array
(
    [action] => check_unread
)

[2026-01-16 13:41:48] Database connection successful
[2026-01-16 13:41:48] Action received
Data: check_unread
[2026-01-16 13:41:48] Incoming request
Data: Array
(
    [action] => check_unread
)

[2026-01-16 13:41:48] Database connection successful
[2026-01-16 13:41:48] Action received
Data: check_unread
[2026-01-16 13:41:52] Incoming request
Data: Array
(
    [action] => check_unread
)

[2026-01-16 13:41:52] Database connection successful
[2026-01-16 13:41:52] Action received
Data: check_unread
[2026-01-16 13:42:42] Incoming request
Data: Array
(
    [action] => check_unread
)

[2026-01-16 13:42:42] Database connection successful
[2026-01-16 13:42:42] Action received
Data: check_unread
[2026-01-16 13:42:42] Incoming request
Data: Array
(
    [action] => check_unread
)

[2026-01-16 13:42:42] Database connection successful
[2026-01-16 13:42:42] Action received
Data: check_unread
[2026-01-16 13:42:43] Incoming request
Data: Array
(
    [action] => check_unread
)

[2026-01-16 13:42:43] Database connection successful
[2026-01-16 13:42:43] Action received
Data: check_unread
[2026-01-16 13:42:43] Incoming request
Data: Array
(
    [action] => check_unread
)

[2026-01-16 13:42:43] Database connection successful
[2026-01-16 13:42:43] Action received
Data: check_unread
[2026-01-16 14:08:06] Incoming request
Data: Array
(
    [action] => check_unread
)

[2026-01-16 14:08:06] Database connection successful
[2026-01-16 14:08:06] Action received
Data: check_unread
[2026-01-16 14:08:09] Incoming request
Data: Array
(
    [action] => check_unread
)

[2026-01-16 14:08:09] Database connection successful
[2026-01-16 14:08:09] Action received
Data: check_unread
[2026-01-16 14:08:12] Incoming request
Data: Array
(
    [action] => check_unread
)

[2026-01-16 14:08:12] Database connection successful
[2026-01-16 14:08:12] Action received
Data: check_unread
[2026-01-16 14:13:23] Incoming request
Data: Array
(
    [action] => check_unread
)

[2026-01-16 14:13:23] Database connection successful
[2026-01-16 14:13:23] Action received
Data: check_unread
[2026-01-16 14:13:24] Incoming request
Data: Array
(
    [action] => check_unread
)

[2026-01-16 14:13:24] Database connection successful
[2026-01-16 14:13:24] Action received
Data: check_unread
[2026-01-16 14:13:27] Incoming request
Data: Array
(
    [action] => check_unread
)

[2026-01-16 14:13:27] Database connection successful
[2026-01-16 14:13:27] Action received
Data: check_unread
[2026-01-16 14:13:29] Incoming request
Data: Array
(
    [action] => check_unread
)

[2026-01-16 14:13:29] Database connection successful
[2026-01-16 14:13:29] Action received
Data: check_unread
[2026-01-16 14:18:22] Incoming request
Data: Array
(
    [action] => check_unread
)

[2026-01-16 14:18:22] Database connection successful
[2026-01-16 14:18:22] Action received
Data: check_unread
[2026-01-16 14:18:46] Incoming request
Data: Array
(
    [action] => check_unread
)

[2026-01-16 14:18:46] Database connection successful
[2026-01-16 14:18:46] Action received
Data: check_unread
[2026-01-16 14:18:48] Incoming request
Data: Array
(
    [action] => check_unread
)

[2026-01-16 14:18:48] Database connection successful
[2026-01-16 14:18:48] Action received
Data: check_unread
[2026-01-16 14:22:23] Incoming request
Data: Array
(
    [action] => check_unread
)

[2026-01-16 14:22:23] Database connection successful
[2026-01-16 14:22:23] Action received
Data: check_unread
[2026-01-16 14:27:53] Incoming request
Data: Array
(
    [action] => check_unread
)

[2026-01-16 14:27:53] Database connection successful
[2026-01-16 14:27:53] Action received
Data: check_unread
[2026-01-16 14:27:59] Incoming request
Data: Array
(
    [action] => check_unread
)

[2026-01-16 14:27:59] Database connection successful
[2026-01-16 14:27:59] Action received
Data: check_unread
[2026-01-16 14:28:18] Incoming request
Data: Array
(
    [action] => check_unread
)

[2026-01-16 14:28:18] Database connection successful
[2026-01-16 14:28:18] Action received
Data: check_unread
[2026-01-16 14:28:25] Incoming request
Data: Array
(
    [action] => check_unread
)

[2026-01-16 14:28:25] Database connection successful
[2026-01-16 14:28:25] Action received
Data: check_unread
[2026-01-16 14:29:34] Incoming request
Data: Array
(
    [action] => check_unread
)

[2026-01-16 14:29:34] Database connection successful
[2026-01-16 14:29:34] Action received
Data: check_unread
[2026-01-16 14:29:35] Incoming request
Data: Array
(
    [action] => check_unread
)

[2026-01-16 14:29:35] Database connection successful
[2026-01-16 14:29:35] Action received
Data: check_unread
[2026-01-16 14:29:47] Incoming request
Data: Array
(
    [action] => check_unread
)

[2026-01-16 14:29:47] Database connection successful
[2026-01-16 14:29:47] Action received
Data: check_unread
[2026-01-16 14:30:03] Incoming request
Data: Array
(
    [action] => check_unread
)

[2026-01-16 14:30:03] Database connection successful
[2026-01-16 14:30:03] Action received
Data: check_unread
[2026-01-16 14:30:08] Incoming request
Data: Array
(
    [action] => check_unread
)

[2026-01-16 14:30:08] Database connection successful
[2026-01-16 14:30:08] Action received
Data: check_unread
[2026-01-16 14:30:16] Incoming request
Data: Array
(
    [action] => check_unread
)

[2026-01-16 14:30:16] Database connection successful
[2026-01-16 14:30:16] Action received
Data: check_unread
[2026-01-16 14:31:01] Incoming request
Data: Array
(
    [action] => check_unread
)

[2026-01-16 14:31:01] Database connection successful
[2026-01-16 14:31:01] Action received
Data: check_unread
[2026-01-16 14:31:02] Incoming request
Data: Array
(
    [action] => check_unread
)

[2026-01-16 14:31:02] Database connection successful
[2026-01-16 14:31:02] Action received
Data: check_unread
[2026-01-16 14:31:18] Incoming request
Data: Array
(
    [action] => check_unread
)

[2026-01-16 14:31:18] Database connection successful
[2026-01-16 14:31:18] Action received
Data: check_unread
[2026-01-16 14:31:31] Incoming request
Data: Array
(
    [action] => check_unread
)

[2026-01-16 14:31:31] Database connection successful
[2026-01-16 14:31:31] Action received
Data: check_unread
[2026-01-16 14:31:31] Incoming request
Data: Array
(
    [action] => check_unread
)

[2026-01-16 14:31:31] Database connection successful
[2026-01-16 14:31:31] Action received
Data: check_unread
[2026-01-16 14:31:37] Incoming request
Data: Array
(
    [action] => check_unread
)

[2026-01-16 14:31:37] Database connection successful
[2026-01-16 14:31:37] Action received
Data: check_unread
[2026-01-16 14:31:37] Incoming request
Data: Array
(
    [action] => check_unread
)

[2026-01-16 14:31:37] Database connection successful
[2026-01-16 14:31:37] Action received
Data: check_unread
[2026-01-16 14:31:37] Incoming request
Data: Array
(
    [action] => check_unread
)

[2026-01-16 14:31:37] Database connection successful
[2026-01-16 14:31:37] Action received
Data: check_unread
[2026-01-16 14:31:42] Incoming request
Data: Array
(
    [action] => check_unread
)

[2026-01-16 14:31:42] Database connection successful
[2026-01-16 14:31:42] Action received
Data: check_unread
[2026-01-16 14:31:49] Incoming request
Data: Array
(
    [action] => check_unread
)

[2026-01-16 14:31:49] Database connection successful
[2026-01-16 14:31:49] Action received
Data: check_unread
[2026-01-16 14:31:53] Incoming request
Data: Array
(
    [action] => check_unread
)

[2026-01-16 14:31:53] Database connection successful
[2026-01-16 14:31:53] Action received
Data: check_unread
[2026-01-16 14:31:59] Incoming request
Data: Array
(
    [action] => check_unread
)

[2026-01-16 14:31:59] Database connection successful
[2026-01-16 14:31:59] Action received
Data: check_unread
[2026-01-16 14:32:06] Incoming request
Data: Array
(
    [action] => check_unread
)

[2026-01-16 14:32:09] Database connection successful
[2026-01-16 14:32:09] Action received
Data: check_unread
[2026-01-16 14:32:09] Incoming request
Data: Array
(
    [action] => check_unread
)

[2026-01-16 14:32:10] Database connection successful
[2026-01-16 14:32:10] Action received
Data: check_unread
[2026-01-16 14:32:12] Incoming request
Data: Array
(
    [action] => check_unread
)

[2026-01-16 14:32:12] Database connection successful
[2026-01-16 14:32:12] Action received
Data: check_unread
[2026-01-16 14:32:17] Incoming request
Data: Array
(
    [action] => check_unread
)

[2026-01-16 14:32:17] Database connection successful
[2026-01-16 14:32:17] Action received
Data: check_unread
[2026-01-16 14:32:28] Incoming request
Data: Array
(
    [action] => check_unread
)

[2026-01-16 14:32:28] Database connection successful
[2026-01-16 14:32:28] Action received
Data: check_unread
[2026-01-16 14:32:36] Incoming request
Data: Array
(
    [action] => check_unread
)

[2026-01-16 14:32:36] Database connection successful
[2026-01-16 14:32:36] Action received
Data: check_unread
[2026-01-16 14:32:36] Incoming request
Data: Array
(
    [action] => check_unread
)

[2026-01-16 14:32:36] Database connection successful
[2026-01-16 14:32:36] Action received
Data: check_unread
[2026-01-16 14:32:39] Incoming request
Data: Array
(
    [action] => check_unread
)

[2026-01-16 14:32:39] Database connection successful
[2026-01-16 14:32:39] Action received
Data: check_unread
[2026-01-16 14:32:43] Incoming request
Data: Array
(
    [action] => check_unread
)

[2026-01-16 14:32:43] Database connection successful
[2026-01-16 14:32:43] Action received
Data: check_unread
[2026-01-16 14:32:48] Incoming request
Data: Array
(
    [action] => check_unread
)

[2026-01-16 14:32:48] Database connection successful
[2026-01-16 14:32:48] Action received
Data: check_unread
[2026-01-16 14:32:53] Incoming request
Data: Array
(
    [action] => check_unread
)

[2026-01-16 14:32:53] Database connection successful
[2026-01-16 14:32:53] Action received
Data: check_unread
[2026-01-16 14:32:53] Incoming request
Data: Array
(
    [action] => check_unread
)

[2026-01-16 14:32:53] Database connection successful
[2026-01-16 14:32:53] Action received
Data: check_unread
[2026-01-16 14:32:54] Incoming request
Data: Array
(
    [action] => check_unread
)

[2026-01-16 14:32:54] Database connection successful
[2026-01-16 14:32:54] Action received
Data: check_unread
[2026-01-16 14:32:58] Incoming request
Data: Array
(
    [action] => check_unread
)

[2026-01-16 14:32:58] Database connection successful
[2026-01-16 14:32:58] Action received
Data: check_unread
[2026-01-16 14:32:58] Incoming request
Data: Array
(
    [action] => check_unread
)

[2026-01-16 14:32:58] Database connection successful
[2026-01-16 14:32:58] Action received
Data: check_unread
[2026-01-16 14:33:03] Incoming request
Data: Array
(
    [action] => check_unread
)

[2026-01-16 14:33:03] Database connection successful
[2026-01-16 14:33:03] Action received
Data: check_unread
[2026-01-16 14:33:03] Incoming request
Data: Array
(
    [action] => check_unread
)

[2026-01-16 14:33:03] Database connection successful
[2026-01-16 14:33:03] Action received
Data: check_unread
[2026-01-16 14:33:04] Incoming request
Data: Array
(
    [action] => check_unread
)

[2026-01-16 14:33:04] Database connection successful
[2026-01-16 14:33:04] Action received
Data: check_unread
[2026-01-16 14:33:16] Incoming request
Data: Array
(
    [action] => check_unread
)

[2026-01-16 14:33:16] Database connection successful
[2026-01-16 14:33:16] Action received
Data: check_unread
[2026-01-16 14:33:33] Incoming request
Data: Array
(
    [action] => check_unread
)

[2026-01-16 14:33:33] Database connection successful
[2026-01-16 14:33:33] Action received
Data: check_unread
[2026-01-16 14:33:33] Incoming request
Data: Array
(
    [action] => check_unread
)

[2026-01-16 14:33:33] Database connection successful
[2026-01-16 14:33:33] Action received
Data: check_unread
[2026-01-16 14:34:24] Incoming request
Data: Array
(
    [action] => check_unread
)

[2026-01-16 14:34:25] Database connection successful
[2026-01-16 14:34:25] Action received
Data: check_unread
[2026-01-16 14:34:28] Incoming request
Data: Array
(
    [action] => check_unread
)

[2026-01-16 14:34:28] Database connection successful
[2026-01-16 14:34:28] Action received
Data: check_unread
[2026-01-16 14:34:31] Incoming request
Data: Array
(
    [action] => check_unread
)

[2026-01-16 14:34:31] Database connection successful
[2026-01-16 14:34:31] Action received
Data: check_unread
[2026-01-16 14:34:31] Incoming request
Data: Array
(
    [action] => check_unread
)

[2026-01-16 14:34:31] Database connection successful
[2026-01-16 14:34:31] Action received
Data: check_unread
[2026-01-16 14:34:34] Incoming request
Data: Array
(
    [action] => check_unread
)

[2026-01-16 14:34:34] Database connection successful
[2026-01-16 14:34:34] Action received
Data: check_unread
[2026-01-16 14:34:35] Incoming request
Data: Array
(
    [action] => check_unread
)

[2026-01-16 14:34:35] Database connection successful
[2026-01-16 14:34:35] Action received
Data: check_unread
[2026-01-16 14:35:04] Incoming request
Data: Array
(
    [action] => check_unread
)

[2026-01-16 14:35:04] Database connection successful
[2026-01-16 14:35:04] Action received
Data: check_unread
[2026-01-16 14:35:34] Incoming request
Data: Array
(
    [action] => check_unread
)

[2026-01-16 14:35:34] Database connection successful
[2026-01-16 14:35:34] Action received
Data: check_unread
[2026-01-16 14:35:45] Incoming request
Data: Array
(
    [action] => check_unread
)

[2026-01-16 14:35:45] Database connection successful
[2026-01-16 14:35:45] Action received
Data: check_unread
[2026-01-16 14:36:05] Incoming request
Data: Array
(
    [action] => check_unread
)

[2026-01-16 14:36:05] Database connection successful
[2026-01-16 14:36:05] Action received
Data: check_unread
[2026-01-16 14:36:10] Incoming request
Data: Array
(
    [action] => check_unread
)

[2026-01-16 14:36:10] Database connection successful
[2026-01-16 14:36:10] Action received
Data: check_unread
[2026-01-16 14:36:28] Incoming request
Data: Array
(
    [action] => check_unread
)

[2026-01-16 14:36:28] Database connection successful
[2026-01-16 14:36:28] Action received
Data: check_unread
[2026-01-16 14:36:28] Incoming request
Data: Array
(
    [action] => check_unread
)

[2026-01-16 14:36:28] Database connection successful
[2026-01-16 14:36:28] Action received
Data: check_unread
[2026-01-16 14:36:35] Incoming request
Data: Array
(
    [action] => check_unread
)

[2026-01-16 14:36:35] Database connection successful
[2026-01-16 14:36:35] Action received
Data: check_unread
[2026-01-16 14:36:35] Incoming request
Data: Array
(
    [action] => check_unread
)

[2026-01-16 14:36:35] Database connection successful
[2026-01-16 14:36:35] Action received
Data: check_unread
[2026-01-16 14:36:57] Incoming request
Data: Array
(
    [action] => check_unread
)

[2026-01-16 14:36:57] Database connection successful
[2026-01-16 14:36:57] Action received
Data: check_unread
[2026-01-16 14:37:19] Incoming request
Data: Array
(
    [action] => check_unread
)

[2026-01-16 14:37:19] Database connection successful
[2026-01-16 14:37:19] Action received
Data: check_unread
[2026-01-16 14:37:22] Incoming request
Data: Array
(
    [action] => check_unread
)

[2026-01-16 14:37:22] Database connection successful
[2026-01-16 14:37:22] Action received
Data: check_unread
[2026-01-16 14:37:37] Incoming request
Data: Array
(
    [action] => check_unread
)

[2026-01-16 14:37:37] Database connection successful
[2026-01-16 14:37:37] Action received
Data: check_unread
[2026-01-16 14:37:37] Incoming request
Data: Array
(
    [action] => check_unread
)

[2026-01-16 14:37:37] Database connection successful
[2026-01-16 14:37:37] Action received
Data: check_unread
[2026-01-16 14:37:43] Incoming request
Data: Array
(
    [action] => check_unread
)

[2026-01-16 14:37:43] Database connection successful
[2026-01-16 14:37:43] Action received
Data: check_unread
[2026-01-16 14:37:43] Incoming request
Data: Array
(
    [action] => check_unread
)

[2026-01-16 14:37:43] Database connection successful
[2026-01-16 14:37:43] Action received
Data: check_unread
[2026-01-16 14:38:13] Incoming request
Data: Array
(
    [action] => check_unread
)

[2026-01-16 14:38:13] Database connection successful
[2026-01-16 14:38:13] Action received
Data: check_unread
[2026-01-16 14:38:13] Incoming request
Data: Array
(
    [action] => check_unread
)

[2026-01-16 14:38:13] Database connection successful
[2026-01-16 14:38:13] Action received
Data: check_unread
[2026-01-16 14:38:43] Incoming request
Data: Array
(
    [action] => check_unread
)

[2026-01-16 14:38:43] Database connection successful
[2026-01-16 14:38:43] Action received
Data: check_unread
[2026-01-16 14:38:43] Incoming request
Data: Array
(
    [action] => check_unread
)

[2026-01-16 14:38:43] Database connection successful
[2026-01-16 14:38:43] Action received
Data: check_unread
[2026-01-16 14:40:16] Incoming request
Data: Array
(
    [action] => check_unread
)

[2026-01-16 14:40:16] Database connection successful
[2026-01-16 14:40:16] Action received
Data: check_unread
[2026-01-16 14:40:16] Incoming request
Data: Array
(
    [action] => check_unread
)

[2026-01-16 14:40:16] Database connection successful
[2026-01-16 14:40:16] Action received
Data: check_unread
[2026-01-16 14:40:46] Incoming request
Data: Array
(
    [action] => check_unread
)

[2026-01-16 14:40:46] Database connection successful
[2026-01-16 14:40:46] Action received
Data: check_unread
[2026-01-16 14:40:46] Incoming request
Data: Array
(
    [action] => check_unread
)

[2026-01-16 14:40:46] Database connection successful
[2026-01-16 14:40:46] Action received
Data: check_unread
[2026-01-16 14:41:16] Incoming request
Data: Array
(
    [action] => check_unread
)

[2026-01-16 14:41:16] Database connection successful
[2026-01-16 14:41:16] Action received
Data: check_unread
[2026-01-16 14:41:16] Incoming request
Data: Array
(
    [action] => check_unread
)

[2026-01-16 14:41:16] Database connection successful
[2026-01-16 14:41:16] Action received
Data: check_unread
[2026-01-16 14:41:46] Incoming request
Data: Array
(
    [action] => check_unread
)

[2026-01-16 14:41:46] Database connection successful
[2026-01-16 14:41:46] Action received
Data: check_unread
[2026-01-16 14:41:46] Incoming request
Data: Array
(
    [action] => check_unread
)

[2026-01-16 14:41:46] Database connection successful
[2026-01-16 14:41:46] Action received
Data: check_unread
[2026-01-16 14:42:16] Incoming request
Data: Array
(
    [action] => check_unread
)

[2026-01-16 14:42:16] Database connection successful
[2026-01-16 14:42:16] Action received
Data: check_unread
[2026-01-16 14:42:16] Incoming request
Data: Array
(
    [action] => check_unread
)

[2026-01-16 14:42:16] Database connection successful
[2026-01-16 14:42:16] Action received
Data: check_unread
[2026-01-16 14:42:34] Incoming request
Data: Array
(
    [action] => check_unread
)

[2026-01-16 14:42:34] Database connection successful
[2026-01-16 14:42:34] Action received
Data: check_unread
[2026-01-17 04:29:52] Incoming request
Data: Array
(
    [action] => check_unread
)

[2026-01-17 04:29:52] Database connection successful
[2026-01-17 04:29:52] Action received
Data: check_unread
[2026-01-17 04:29:52] Incoming request
Data: Array
(
    [action] => check_unread
)

[2026-01-17 04:29:52] Database connection successful
[2026-01-17 04:29:52] Action received
Data: check_unread
[2026-01-17 04:29:58] Incoming request
Data: Array
(
    [action] => check_unread
)

[2026-01-17 04:29:58] Database connection successful
[2026-01-17 04:29:58] Action received
Data: check_unread
[2026-01-17 04:30:00] Incoming request
Data: Array
(
    [action] => check_unread
)

[2026-01-17 04:30:00] Database connection successful
[2026-01-17 04:30:00] Action received
Data: check_unread
[2026-01-17 06:26:53] Incoming request
Data: Array
(
    [action] => check_unread
)

[2026-01-17 06:26:53] Database connection successful
[2026-01-17 06:26:53] Action received
Data: check_unread
[2026-01-17 06:26:58] Incoming request
Data: Array
(
    [action] => check_unread
)

[2026-01-17 06:26:58] Database connection successful
[2026-01-17 06:26:58] Action received
Data: check_unread
[2026-01-17 06:27:28] Incoming request
Data: Array
(
    [action] => check_unread
)

[2026-01-17 06:27:28] Database connection successful
[2026-01-17 06:27:28] Action received
Data: check_unread
[2026-01-17 06:27:28] Incoming request
Data: Array
(
    [action] => check_unread
)

[2026-01-17 06:27:28] Database connection successful
[2026-01-17 06:27:28] Action received
Data: check_unread
[2026-01-17 06:27:45] Incoming request
Data: Array
(
    [action] => check_unread
)

[2026-01-17 06:27:45] Database connection successful
[2026-01-17 06:27:45] Action received
Data: check_unread
[2026-01-17 06:27:45] Incoming request
Data: Array
(
    [action] => check_unread
)

[2026-01-17 06:27:45] Database connection successful
[2026-01-17 06:27:45] Action received
Data: check_unread
[2026-01-17 06:27:49] Incoming request
Data: Array
(
    [action] => check_unread
)

[2026-01-17 06:27:49] Database connection successful
[2026-01-17 06:27:49] Action received
Data: check_unread
[2026-01-17 06:27:49] Incoming request
Data: Array
(
    [action] => check_unread
)

[2026-01-17 06:27:49] Database connection successful
[2026-01-17 06:27:49] Action received
Data: check_unread
[2026-01-17 06:28:19] Incoming request
Data: Array
(
    [action] => check_unread
)

[2026-01-17 06:28:19] Database connection successful
[2026-01-17 06:28:19] Action received
Data: check_unread
[2026-01-17 06:28:19] Incoming request
Data: Array
(
    [action] => check_unread
)

[2026-01-17 06:28:19] Database connection successful
[2026-01-17 06:28:19] Action received
Data: check_unread
[2026-01-17 06:29:20] Incoming request
Data: Array
(
    [action] => check_unread
)

[2026-01-17 06:29:21] Database connection successful
[2026-01-17 06:29:21] Action received
Data: check_unread
[2026-01-17 06:29:21] Incoming request
Data: Array
(
    [action] => check_unread
)

[2026-01-17 06:29:21] Database connection successful
[2026-01-17 06:29:21] Action received
Data: check_unread
[2026-01-17 06:29:50] Incoming request
Data: Array
(
    [action] => check_unread
)

[2026-01-17 06:29:50] Database connection successful
[2026-01-17 06:29:50] Action received
Data: check_unread
[2026-01-17 06:29:50] Incoming request
Data: Array
(
    [action] => check_unread
)

[2026-01-17 06:29:50] Database connection successful
[2026-01-17 06:29:50] Action received
Data: check_unread
[2026-01-17 06:30:27] Incoming request
Data: Array
(
    [action] => check_unread
)

[2026-01-17 06:30:27] Database connection successful
[2026-01-17 06:30:27] Action received
Data: check_unread
[2026-01-17 06:30:43] Incoming request
Data: Array
(
    [action] => check_unread
)

[2026-01-17 06:30:43] Database connection successful
[2026-01-17 06:30:43] Action received
Data: check_unread
[2026-01-17 09:49:12] Incoming request
Data: Array
(
    [action] => check_unread
)

[2026-01-17 09:49:12] Database connection successful
[2026-01-17 09:49:12] Action received
Data: check_unread
[2026-01-17 09:49:14] Incoming request
Data: Array
(
    [action] => check_unread
)

[2026-01-17 09:49:14] Database connection successful
[2026-01-17 09:49:14] Action received
Data: check_unread
[2026-01-17 09:49:20] Incoming request
Data: Array
(
    [action] => check_unread
)

[2026-01-17 09:49:20] Database connection successful
[2026-01-17 09:49:20] Action received
Data: check_unread
[2026-01-17 12:18:11] Incoming request
Data: Array
(
    [action] => check_unread
)

[2026-01-17 12:18:11] Database connection successful
[2026-01-17 12:18:11] Action received
Data: check_unread
[2026-01-17 12:18:16] Incoming request
Data: Array
(
    [action] => check_unread
)

[2026-01-17 12:18:16] Database connection successful
[2026-01-17 12:18:16] Action received
Data: check_unread
[2026-01-17 12:18:18] Incoming request
Data: Array
(
    [action] => check_unread
)

[2026-01-17 12:18:18] Database connection successful
[2026-01-17 12:18:18] Action received
Data: check_unread
[2026-01-17 14:23:37] Incoming request
Data: Array
(
    [action] => check_unread
)

[2026-01-17 14:23:37] Database connection successful
[2026-01-17 14:23:37] Action received
Data: check_unread
[2026-01-17 14:31:38] Incoming request
Data: Array
(
    [action] => check_unread
)

[2026-01-17 14:31:38] Database connection successful
[2026-01-17 14:31:38] Action received
Data: check_unread
[2026-01-17 14:54:32] Incoming request
Data: Array
(
    [action] => check_unread
)

[2026-01-17 14:54:32] Database connection successful
[2026-01-17 14:54:32] Action received
Data: check_unread
[2026-01-17 14:54:38] Incoming request
Data: Array
(
    [action] => check_unread
)

[2026-01-17 14:54:38] Database connection successful
[2026-01-17 14:54:38] Action received
Data: check_unread
[2026-02-07 11:50:21] Incoming request
Data: Array
(
    [action] => check_unread
)

[2026-02-07 11:50:21] Database connection successful
[2026-02-07 11:50:21] Action received
Data: check_unread
[2026-02-07 11:50:21] Incoming request
Data: Array
(
    [action] => check_unread
)

[2026-02-07 11:50:21] Database connection successful
[2026-02-07 11:50:21] Action received
Data: check_unread
[2026-02-07 11:50:57] Incoming request
Data: Array
(
    [action] => check_unread
)

[2026-02-07 11:50:57] Database connection successful
[2026-02-07 11:50:57] Action received
Data: check_unread
[2026-02-07 11:50:57] Incoming request
Data: Array
(
    [action] => check_unread
)

[2026-02-07 11:50:57] Database connection successful
[2026-02-07 11:50:57] Action received
Data: check_unread
[2026-02-07 11:50:58] Incoming request
Data: Array
(
    [action] => check_unread
)

[2026-02-07 11:50:58] Database connection successful
[2026-02-07 11:50:58] Action received
Data: check_unread
[2026-02-07 11:50:58] Incoming request
Data: Array
(
    [action] => check_unread
)

[2026-02-07 11:50:58] Database connection successful
[2026-02-07 11:50:58] Action received
Data: check_unread
[2026-02-07 11:51:01] Incoming request
Data: Array
(
    [action] => check_unread
)

[2026-02-07 11:51:01] Database connection successful
[2026-02-07 11:51:01] Action received
Data: check_unread
[2026-02-07 11:51:01] Incoming request
Data: Array
(
    [action] => check_unread
)

[2026-02-07 11:51:01] Database connection successful
[2026-02-07 11:51:01] Action received
Data: check_unread
[2026-02-07 11:51:29] Incoming request
Data: Array
(
    [action] => check_unread
)

[2026-02-07 11:51:29] Database connection successful
[2026-02-07 11:51:29] Action received
Data: check_unread
[2026-02-07 11:51:29] Incoming request
Data: Array
(
    [action] => check_unread
)

[2026-02-07 11:51:29] Database connection successful
[2026-02-07 11:51:29] Action received
Data: check_unread
[2026-02-07 11:51:38] Incoming request
Data: Array
(
    [action] => check_unread
)

[2026-02-07 11:51:38] Database connection successful
[2026-02-07 11:51:38] Action received
Data: check_unread
[2026-02-07 11:51:38] Incoming request
Data: Array
(
    [action] => check_unread
)

[2026-02-07 11:51:38] Database connection successful
[2026-02-07 11:51:38] Action received
Data: check_unread
[2026-02-07 11:51:41] Incoming request
Data: Array
(
    [action] => check_unread
)

[2026-02-07 11:51:41] Database connection successful
[2026-02-07 11:51:41] Action received
Data: check_unread
[2026-02-07 11:51:41] Incoming request
Data: Array
(
    [action] => check_unread
)

[2026-02-07 11:51:41] Database connection successful
[2026-02-07 11:51:41] Action received
Data: check_unread
[2026-02-07 11:52:11] Incoming request
Data: Array
(
    [action] => check_unread
)

[2026-02-07 11:52:11] Database connection successful
[2026-02-07 11:52:11] Action received
Data: check_unread
[2026-02-07 11:52:11] Incoming request
Data: Array
(
    [action] => check_unread
)

[2026-02-07 11:52:11] Database connection successful
[2026-02-07 11:52:11] Action received
Data: check_unread
[2026-02-07 11:52:41] Incoming request
Data: Array
(
    [action] => check_unread
)

[2026-02-07 11:52:41] Database connection successful
[2026-02-07 11:52:41] Action received
Data: check_unread
[2026-02-07 11:52:41] Incoming request
Data: Array
(
    [action] => check_unread
)

[2026-02-07 11:52:41] Database connection successful
[2026-02-07 11:52:41] Action received
Data: check_unread
[2026-02-07 11:53:11] Incoming request
Data: Array
(
    [action] => check_unread
)

[2026-02-07 11:53:11] Database connection successful
[2026-02-07 11:53:11] Action received
Data: check_unread
[2026-02-07 11:53:11] Incoming request
Data: Array
(
    [action] => check_unread
)

[2026-02-07 11:53:11] Database connection successful
[2026-02-07 11:53:11] Action received
Data: check_unread
[2026-02-07 11:53:41] Incoming request
Data: Array
(
    [action] => check_unread
)

[2026-02-07 11:53:41] Database connection successful
[2026-02-07 11:53:41] Action received
Data: check_unread
[2026-02-07 11:53:41] Incoming request
Data: Array
(
    [action] => check_unread
)

[2026-02-07 11:53:41] Database connection successful
[2026-02-07 11:53:41] Action received
Data: check_unread
[2026-02-07 11:54:11] Incoming request
Data: Array
(
    [action] => check_unread
)

[2026-02-07 11:54:11] Database connection successful
[2026-02-07 11:54:11] Action received
Data: check_unread
[2026-02-07 11:54:11] Incoming request
Data: Array
(
    [action] => check_unread
)

[2026-02-07 11:54:11] Database connection successful
[2026-02-07 11:54:11] Action received
Data: check_unread
[2026-02-07 11:54:41] Incoming request
Data: Array
(
    [action] => check_unread
)

[2026-02-07 11:54:41] Database connection successful
[2026-02-07 11:54:41] Action received
Data: check_unread
[2026-02-07 11:54:41] Incoming request
Data: Array
(
    [action] => check_unread
)

[2026-02-07 11:54:41] Database connection successful
[2026-02-07 11:54:41] Action received
Data: check_unread
[2026-02-07 11:55:11] Incoming request
Data: Array
(
    [action] => check_unread
)

[2026-02-07 11:55:11] Database connection successful
[2026-02-07 11:55:11] Action received
Data: check_unread
[2026-02-07 11:55:11] Incoming request
Data: Array
(
    [action] => check_unread
)

[2026-02-07 11:55:11] Database connection successful
[2026-02-07 11:55:11] Action received
Data: check_unread
[2026-02-07 11:55:41] Incoming request
Data: Array
(
    [action] => check_unread
)

[2026-02-07 11:55:41] Database connection successful
[2026-02-07 11:55:41] Action received
Data: check_unread
[2026-02-07 11:55:41] Incoming request
Data: Array
(
    [action] => check_unread
)

[2026-02-07 11:55:41] Database connection successful
[2026-02-07 11:55:41] Action received
Data: check_unread
[2026-02-07 11:56:11] Incoming request
Data: Array
(
    [action] => check_unread
)

[2026-02-07 11:56:11] Database connection successful
[2026-02-07 11:56:11] Action received
Data: check_unread
[2026-02-07 11:56:11] Incoming request
Data: Array
(
    [action] => check_unread
)

[2026-02-07 11:56:11] Database connection successful
[2026-02-07 11:56:11] Action received
Data: check_unread
[2026-02-07 11:56:41] Incoming request
Data: Array
(
    [action] => check_unread
)

[2026-02-07 11:56:41] Database connection successful
[2026-02-07 11:56:41] Action received
Data: check_unread
[2026-02-07 11:56:41] Incoming request
Data: Array
(
    [action] => check_unread
)

[2026-02-07 11:56:41] Database connection successful
[2026-02-07 11:56:41] Action received
Data: check_unread
[2026-02-07 11:57:11] Incoming request
Data: Array
(
    [action] => check_unread
)

[2026-02-07 11:57:11] Database connection successful
[2026-02-07 11:57:11] Action received
Data: check_unread
[2026-02-07 11:57:11] Incoming request
Data: Array
(
    [action] => check_unread
)

[2026-02-07 11:57:11] Database connection successful
[2026-02-07 11:57:11] Action received
Data: check_unread
[2026-02-07 11:57:41] Incoming request
Data: Array
(
    [action] => check_unread
)

[2026-02-07 11:57:41] Database connection successful
[2026-02-07 11:57:41] Action received
Data: check_unread
[2026-02-07 11:57:41] Incoming request
Data: Array
(
    [action] => check_unread
)

[2026-02-07 11:57:41] Database connection successful
[2026-02-07 11:57:41] Action received
Data: check_unread
[2026-02-07 11:58:11] Incoming request
Data: Array
(
    [action] => check_unread
)

[2026-02-07 11:58:11] Database connection successful
[2026-02-07 11:58:11] Action received
Data: check_unread
[2026-02-07 11:58:11] Incoming request
Data: Array
(
    [action] => check_unread
)

[2026-02-07 11:58:11] Database connection successful
[2026-02-07 11:58:11] Action received
Data: check_unread
[2026-02-07 11:58:41] Incoming request
Data: Array
(
    [action] => check_unread
)

[2026-02-07 11:58:41] Database connection successful
[2026-02-07 11:58:41] Action received
Data: check_unread
[2026-02-07 11:58:41] Incoming request
Data: Array
(
    [action] => check_unread
)

[2026-02-07 11:58:41] Database connection successful
[2026-02-07 11:58:41] Action received
Data: check_unread
[2026-02-07 11:59:11] Incoming request
Data: Array
(
    [action] => check_unread
)

[2026-02-07 11:59:11] Database connection successful
[2026-02-07 11:59:11] Action received
Data: check_unread
[2026-02-07 11:59:11] Incoming request
Data: Array
(
    [action] => check_unread
)

[2026-02-07 11:59:11] Database connection successful
[2026-02-07 11:59:11] Action received
Data: check_unread
[2026-02-07 11:59:41] Incoming request
Data: Array
(
    [action] => check_unread
)

[2026-02-07 11:59:41] Database connection successful
[2026-02-07 11:59:41] Action received
Data: check_unread
[2026-02-07 11:59:41] Incoming request
Data: Array
(
    [action] => check_unread
)

[2026-02-07 11:59:41] Database connection successful
[2026-02-07 11:59:41] Action received
Data: check_unread
[2026-02-07 12:00:11] Incoming request
Data: Array
(
    [action] => check_unread
)

[2026-02-07 12:00:11] Database connection successful
[2026-02-07 12:00:11] Action received
Data: check_unread
[2026-02-07 12:00:11] Incoming request
Data: Array
(
    [action] => check_unread
)

[2026-02-07 12:00:11] Database connection successful
[2026-02-07 12:00:11] Action received
Data: check_unread
[2026-02-07 12:00:41] Incoming request
Data: Array
(
    [action] => check_unread
)

[2026-02-07 12:00:41] Database connection successful
[2026-02-07 12:00:41] Action received
Data: check_unread
[2026-02-07 12:00:41] Incoming request
Data: Array
(
    [action] => check_unread
)

[2026-02-07 12:00:41] Database connection successful
[2026-02-07 12:00:41] Action received
Data: check_unread
[2026-02-07 12:01:11] Incoming request
Data: Array
(
    [action] => check_unread
)

[2026-02-07 12:01:11] Database connection successful
[2026-02-07 12:01:11] Action received
Data: check_unread
[2026-02-07 12:01:11] Incoming request
Data: Array
(
    [action] => check_unread
)

[2026-02-07 12:01:11] Database connection successful
[2026-02-07 12:01:11] Action received
Data: check_unread
[2026-02-07 12:01:41] Incoming request
Data: Array
(
    [action] => check_unread
)

[2026-02-07 12:01:41] Database connection successful
[2026-02-07 12:01:41] Action received
Data: check_unread
[2026-02-07 12:01:41] Incoming request
Data: Array
(
    [action] => check_unread
)

[2026-02-07 12:01:41] Database connection successful
[2026-02-07 12:01:41] Action received
Data: check_unread
[2026-02-07 12:02:11] Incoming request
Data: Array
(
    [action] => check_unread
)

[2026-02-07 12:02:11] Database connection successful
[2026-02-07 12:02:11] Action received
Data: check_unread
[2026-02-07 12:02:11] Incoming request
Data: Array
(
    [action] => check_unread
)

[2026-02-07 12:02:11] Database connection successful
[2026-02-07 12:02:11] Action received
Data: check_unread
[2026-02-07 12:02:41] Incoming request
Data: Array
(
    [action] => check_unread
)

[2026-02-07 12:02:41] Database connection successful
[2026-02-07 12:02:41] Action received
Data: check_unread
[2026-02-07 12:02:41] Incoming request
Data: Array
(
    [action] => check_unread
)

[2026-02-07 12:02:41] Database connection successful
[2026-02-07 12:02:41] Action received
Data: check_unread
[2026-02-07 12:03:19] Incoming request
Data: Array
(
    [action] => check_unread
)

[2026-02-07 12:03:19] Database connection successful
[2026-02-07 12:03:19] Action received
Data: check_unread
[2026-02-07 12:03:19] Incoming request
Data: Array
(
    [action] => check_unread
)

[2026-02-07 12:03:19] Database connection successful
[2026-02-07 12:03:19] Action received
Data: check_unread
[2026-02-07 12:04:19] Incoming request
Data: Array
(
    [action] => check_unread
)

[2026-02-07 12:04:19] Database connection successful
[2026-02-07 12:04:19] Action received
Data: check_unread
[2026-02-07 12:04:19] Incoming request
Data: Array
(
    [action] => check_unread
)

[2026-02-07 12:04:19] Database connection successful
[2026-02-07 12:04:19] Action received
Data: check_unread
[2026-02-07 12:05:19] Incoming request
Data: Array
(
    [action] => check_unread
)

[2026-02-07 12:05:19] Database connection successful
[2026-02-07 12:05:19] Action received
Data: check_unread
[2026-02-07 12:05:19] Incoming request
Data: Array
(
    [action] => check_unread
)

[2026-02-07 12:05:19] Database connection successful
[2026-02-07 12:05:19] Action received
Data: check_unread
[2026-02-07 12:06:19] Incoming request
Data: Array
(
    [action] => check_unread
)

[2026-02-07 12:06:19] Database connection successful
[2026-02-07 12:06:19] Action received
Data: check_unread
[2026-02-07 12:06:19] Incoming request
Data: Array
(
    [action] => check_unread
)

[2026-02-07 12:06:19] Database connection successful
[2026-02-07 12:06:19] Action received
Data: check_unread
[2026-02-07 12:07:19] Incoming request
Data: Array
(
    [action] => check_unread
)

[2026-02-07 12:07:21] Database connection successful
[2026-02-07 12:07:21] Action received
Data: check_unread
[2026-02-07 12:07:21] Incoming request
Data: Array
(
    [action] => check_unread
)

[2026-02-07 12:07:21] Database connection successful
[2026-02-07 12:07:21] Action received
Data: check_unread
[2026-02-07 12:08:19] Incoming request
Data: Array
(
    [action] => check_unread
)

[2026-02-07 12:08:20] Database connection successful
[2026-02-07 12:08:20] Action received
Data: check_unread
[2026-02-07 12:08:20] Incoming request
Data: Array
(
    [action] => check_unread
)

[2026-02-07 12:08:20] Database connection successful
[2026-02-07 12:08:20] Action received
Data: check_unread
[2026-02-07 12:09:19] Incoming request
Data: Array
(
    [action] => check_unread
)

[2026-02-07 12:09:19] Database connection successful
[2026-02-07 12:09:19] Action received
Data: check_unread
[2026-02-07 12:09:19] Incoming request
Data: Array
(
    [action] => check_unread
)

[2026-02-07 12:09:19] Database connection successful
[2026-02-07 12:09:19] Action received
Data: check_unread
[2026-02-07 12:10:19] Incoming request
Data: Array
(
    [action] => check_unread
)

[2026-02-07 12:10:19] Database connection successful
[2026-02-07 12:10:19] Action received
Data: check_unread
[2026-02-07 12:10:19] Incoming request
Data: Array
(
    [action] => check_unread
)

[2026-02-07 12:10:19] Database connection successful
[2026-02-07 12:10:19] Action received
Data: check_unread
[2026-02-07 12:11:19] Incoming request
Data: Array
(
    [action] => check_unread
)

[2026-02-07 12:11:19] Database connection successful
[2026-02-07 12:11:19] Action received
Data: check_unread
[2026-02-07 12:11:19] Incoming request
Data: Array
(
    [action] => check_unread
)

[2026-02-07 12:11:19] Database connection successful
[2026-02-07 12:11:19] Action received
Data: check_unread
[2026-02-07 12:12:19] Incoming request
Data: Array
(
    [action] => check_unread
)

[2026-02-07 12:12:19] Database connection successful
[2026-02-07 12:12:19] Action received
Data: check_unread
[2026-02-07 12:12:19] Incoming request
Data: Array
(
    [action] => check_unread
)

[2026-02-07 12:12:19] Database connection successful
[2026-02-07 12:12:19] Action received
Data: check_unread
[2026-02-07 12:13:19] Incoming request
Data: Array
(
    [action] => check_unread
)

[2026-02-07 12:13:19] Database connection successful
[2026-02-07 12:13:19] Action received
Data: check_unread
[2026-02-07 12:13:19] Incoming request
Data: Array
(
    [action] => check_unread
)

[2026-02-07 12:13:19] Database connection successful
[2026-02-07 12:13:19] Action received
Data: check_unread
[2026-02-07 12:14:19] Incoming request
Data: Array
(
    [action] => check_unread
)

[2026-02-07 12:14:19] Database connection successful
[2026-02-07 12:14:19] Action received
Data: check_unread
[2026-02-07 12:14:19] Incoming request
Data: Array
(
    [action] => check_unread
)

[2026-02-07 12:14:19] Database connection successful
[2026-02-07 12:14:19] Action received
Data: check_unread
[2026-02-07 12:15:19] Incoming request
Data: Array
(
    [action] => check_unread
)

[2026-02-07 12:15:19] Database connection successful
[2026-02-07 12:15:19] Action received
Data: check_unread
[2026-02-07 12:15:19] Incoming request
Data: Array
(
    [action] => check_unread
)

[2026-02-07 12:15:19] Database connection successful
[2026-02-07 12:15:19] Action received
Data: check_unread
[2026-02-07 12:16:19] Incoming request
Data: Array
(
    [action] => check_unread
)

[2026-02-07 12:16:19] Database connection successful
[2026-02-07 12:16:19] Action received
Data: check_unread
[2026-02-07 12:16:19] Incoming request
Data: Array
(
    [action] => check_unread
)

[2026-02-07 12:16:19] Database connection successful
[2026-02-07 12:16:19] Action received
Data: check_unread
[2026-02-07 12:17:19] Incoming request
Data: Array
(
    [action] => check_unread
)

[2026-02-07 12:17:19] Database connection successful
[2026-02-07 12:17:19] Action received
Data: check_unread
[2026-02-07 12:17:19] Incoming request
Data: Array
(
    [action] => check_unread
)

[2026-02-07 12:17:19] Database connection successful
[2026-02-07 12:17:19] Action received
Data: check_unread
[2026-02-07 12:18:19] Incoming request
Data: Array
(
    [action] => check_unread
)

[2026-02-07 12:18:20] Database connection successful
[2026-02-07 12:18:20] Action received
Data: check_unread
[2026-02-07 12:18:20] Incoming request
Data: Array
(
    [action] => check_unread
)

[2026-02-07 12:18:20] Database connection successful
[2026-02-07 12:18:20] Action received
Data: check_unread
[2026-02-07 12:19:19] Incoming request
Data: Array
(
    [action] => check_unread
)

[2026-02-07 12:19:20] Database connection successful
[2026-02-07 12:19:20] Action received
Data: check_unread
[2026-02-07 12:19:20] Incoming request
Data: Array
(
    [action] => check_unread
)

[2026-02-07 12:19:20] Database connection successful
[2026-02-07 12:19:20] Action received
Data: check_unread
[2026-02-07 12:20:19] Incoming request
Data: Array
(
    [action] => check_unread
)

[2026-02-07 12:20:19] Database connection successful
[2026-02-07 12:20:19] Action received
Data: check_unread
[2026-02-07 12:20:19] Incoming request
Data: Array
(
    [action] => check_unread
)

[2026-02-07 12:20:19] Database connection successful
[2026-02-07 12:20:19] Action received
Data: check_unread
[2026-02-07 12:21:19] Incoming request
Data: Array
(
    [action] => check_unread
)

[2026-02-07 12:21:19] Database connection successful
[2026-02-07 12:21:19] Action received
Data: check_unread
[2026-02-07 12:21:19] Incoming request
Data: Array
(
    [action] => check_unread
)

[2026-02-07 12:21:19] Database connection successful
[2026-02-07 12:21:19] Action received
Data: check_unread
[2026-02-07 12:22:19] Incoming request
Data: Array
(
    [action] => check_unread
)

[2026-02-07 12:22:19] Database connection successful
[2026-02-07 12:22:19] Action received
Data: check_unread
[2026-02-07 12:22:19] Incoming request
Data: Array
(
    [action] => check_unread
)

[2026-02-07 12:22:19] Database connection successful
[2026-02-07 12:22:19] Action received
Data: check_unread
[2026-02-07 12:23:19] Incoming request
Data: Array
(
    [action] => check_unread
)

[2026-02-07 12:23:19] Database connection successful
[2026-02-07 12:23:19] Action received
Data: check_unread
[2026-02-07 12:23:19] Incoming request
Data: Array
(
    [action] => check_unread
)

[2026-02-07 12:23:19] Database connection successful
[2026-02-07 12:23:19] Action received
Data: check_unread
[2026-02-07 12:24:19] Incoming request
Data: Array
(
    [action] => check_unread
)

[2026-02-07 12:24:19] Database connection successful
[2026-02-07 12:24:19] Action received
Data: check_unread
[2026-02-07 12:24:19] Incoming request
Data: Array
(
    [action] => check_unread
)

[2026-02-07 12:24:19] Database connection successful
[2026-02-07 12:24:19] Action received
Data: check_unread
[2026-02-07 12:38:31] Incoming request
Data: Array
(
    [action] => check_unread
)

[2026-02-07 12:38:31] Database connection successful
[2026-02-07 12:38:31] Action received
Data: check_unread
[2026-02-07 12:38:31] Incoming request
Data: Array
(
    [action] => check_unread
)

[2026-02-07 12:38:31] Database connection successful
[2026-02-07 12:38:31] Action received
Data: check_unread
[2026-02-07 12:39:06] Incoming request
Data: Array
(
    [action] => check_unread
)

[2026-02-07 12:39:06] Database connection successful
[2026-02-07 12:39:06] Action received
Data: check_unread
[2026-02-07 12:39:06] Incoming request
Data: Array
(
    [action] => check_unread
)

[2026-02-07 12:39:06] Database connection successful
[2026-02-07 12:39:06] Action received
Data: check_unread
[2026-02-07 12:39:11] Incoming request
Data: Array
(
    [action] => check_unread
)

[2026-02-07 12:39:11] Database connection successful
[2026-02-07 12:39:11] Action received
Data: check_unread
[2026-02-07 12:39:11] Incoming request
Data: Array
(
    [action] => check_unread
)

[2026-02-07 12:39:11] Database connection successful
[2026-02-07 12:39:11] Action received
Data: check_unread
[2026-02-07 12:40:17] Incoming request
Data: Array
(
    [action] => check_unread
)

[2026-02-07 12:40:17] Database connection successful
[2026-02-07 12:40:17] Action received
Data: check_unread
[2026-02-07 12:40:17] Incoming request
Data: Array
(
    [action] => check_unread
)

[2026-02-07 12:40:17] Database connection successful
[2026-02-07 12:40:17] Action received
Data: check_unread
[2026-02-07 12:41:14] Incoming request
Data: Array
(
    [action] => check_unread
)

[2026-02-07 12:41:14] Database connection successful
[2026-02-07 12:41:14] Action received
Data: check_unread
[2026-02-07 12:41:14] Incoming request
Data: Array
(
    [action] => check_unread
)

[2026-02-07 12:41:14] Database connection successful
[2026-02-07 12:41:14] Action received
Data: check_unread
[2026-02-07 12:42:18] Incoming request
Data: Array
(
    [action] => check_unread
)

[2026-02-07 12:42:18] Database connection successful
[2026-02-07 12:42:18] Action received
Data: check_unread
[2026-02-07 12:42:18] Incoming request
Data: Array
(
    [action] => check_unread
)

[2026-02-07 12:42:18] Database connection successful
[2026-02-07 12:42:18] Action received
Data: check_unread
[2026-02-07 12:43:16] Incoming request
Data: Array
(
    [action] => check_unread
)

[2026-02-07 12:43:16] Database connection successful
[2026-02-07 12:43:16] Action received
Data: check_unread
[2026-02-07 12:43:16] Incoming request
Data: Array
(
    [action] => check_unread
)

[2026-02-07 12:43:16] Database connection successful
[2026-02-07 12:43:16] Action received
Data: check_unread
[2026-02-07 12:44:20] Incoming request
Data: Array
(
    [action] => check_unread
)

[2026-02-07 12:44:20] Database connection successful
[2026-02-07 12:44:20] Action received
Data: check_unread
[2026-02-07 12:44:20] Incoming request
Data: Array
(
    [action] => check_unread
)

[2026-02-07 12:44:20] Database connection successful
[2026-02-07 12:44:20] Action received
Data: check_unread
[2026-02-07 12:45:18] Incoming request
Data: Array
(
    [action] => check_unread
)

[2026-02-07 12:45:18] Database connection successful
[2026-02-07 12:45:18] Action received
Data: check_unread
[2026-02-07 12:45:18] Incoming request
Data: Array
(
    [action] => check_unread
)

[2026-02-07 12:45:18] Database connection successful
[2026-02-07 12:45:18] Action received
Data: check_unread
[2026-02-07 12:46:20] Incoming request
Data: Array
(
    [action] => check_unread
)

[2026-02-07 12:46:20] Database connection successful
[2026-02-07 12:46:20] Action received
Data: check_unread
[2026-02-07 12:46:20] Incoming request
Data: Array
(
    [action] => check_unread
)

[2026-02-07 12:46:20] Database connection successful
[2026-02-07 12:46:20] Action received
Data: check_unread
[2026-02-07 12:47:19] Incoming request
Data: Array
(
    [action] => check_unread
)

[2026-02-07 12:47:19] Database connection successful
[2026-02-07 12:47:19] Action received
Data: check_unread
[2026-02-07 12:47:19] Incoming request
Data: Array
(
    [action] => check_unread
)

[2026-02-07 12:47:19] Database connection successful
[2026-02-07 12:47:19] Action received
Data: check_unread
[2026-02-07 12:48:19] Incoming request
Data: Array
(
    [action] => check_unread
)

[2026-02-07 12:48:19] Database connection successful
[2026-02-07 12:48:19] Action received
Data: check_unread
[2026-02-07 12:48:19] Incoming request
Data: Array
(
    [action] => check_unread
)

[2026-02-07 12:48:19] Database connection successful
[2026-02-07 12:48:19] Action received
Data: check_unread
[2026-02-07 12:49:19] Incoming request
Data: Array
(
    [action] => check_unread
)

[2026-02-07 12:49:19] Database connection successful
[2026-02-07 12:49:19] Action received
Data: check_unread
[2026-02-07 12:49:19] Incoming request
Data: Array
(
    [action] => check_unread
)

[2026-02-07 12:49:19] Database connection successful
[2026-02-07 12:49:19] Action received
Data: check_unread
[2026-02-07 12:50:19] Incoming request
Data: Array
(
    [action] => check_unread
)

[2026-02-07 12:50:19] Database connection successful
[2026-02-07 12:50:19] Action received
Data: check_unread
[2026-02-07 12:50:19] Incoming request
Data: Array
(
    [action] => check_unread
)

[2026-02-07 12:50:19] Database connection successful
[2026-02-07 12:50:19] Action received
Data: check_unread
[2026-02-07 12:51:19] Incoming request
Data: Array
(
    [action] => check_unread
)

[2026-02-07 12:51:19] Database connection successful
[2026-02-07 12:51:19] Action received
Data: check_unread
[2026-02-07 12:51:19] Incoming request
Data: Array
(
    [action] => check_unread
)

[2026-02-07 12:51:19] Database connection successful
[2026-02-07 12:51:19] Action received
Data: check_unread
[2026-02-07 12:52:19] Incoming request
Data: Array
(
    [action] => check_unread
)

[2026-02-07 12:52:19] Database connection successful
[2026-02-07 12:52:19] Action received
Data: check_unread
[2026-02-07 12:52:19] Incoming request
Data: Array
(
    [action] => check_unread
)

[2026-02-07 12:52:19] Database connection successful
[2026-02-07 12:52:19] Action received
Data: check_unread
[2026-02-07 12:53:00] Incoming request
Data: Array
(
    [action] => check_unread
)

[2026-02-07 12:53:00] Database connection successful
[2026-02-07 12:53:00] Action received
Data: check_unread
[2026-02-07 12:53:00] Incoming request
Data: Array
(
    [action] => check_unread
)

[2026-02-07 12:53:00] Database connection successful
[2026-02-07 12:53:00] Action received
Data: check_unread
[2026-02-07 12:53:05] Incoming request
Data: Array
(
    [action] => check_unread
)

[2026-02-07 12:53:05] Database connection successful
[2026-02-07 12:53:05] Action received
Data: check_unread
