[27-Nov-2025 11:58:48 Europe/Berlin] Session data: Array
(
    [booking_data] => Array
        (
            [first_name] => 
            [last_name] => 
            [email] => 
            [phone] => 
            [check_in] => 2025-12-01
            [check_out] => 2025-12-02
            [num_adults] => 1
            [num_children] => 0
            [num_nights] => 1
            [payment_option] => Partial Payment
            [payment_method] => 
            [total_amount] => 7400.00
            [payment_amount] => 1500
            [remaining_balance] => 5900
            [room_items] => [object Object],[object Object]
            [room_type_id] => 3
        )

)

[27-Nov-2025 11:58:48 Europe/Berlin] POST data: Array
(
)

[27-Nov-2025 11:58:48 Europe/Berlin] Starting getRoomTypesWithNumbers function
[27-Nov-2025 11:58:48 Europe/Berlin] Using check-in: 2025-11-27, check-out: 2025-11-28
[27-Nov-2025 11:58:48 Europe/Berlin] Active room types count: 2
[27-Nov-2025 11:58:48 Europe/Berlin] Executing SQL: SELECT 
                    rt.room_type_id, 
                    rt.room_type as room_type, 
                    rt.price, 
                    rt.capacity,
                    rt.description, 
                    rt.beds, 
                    rt.rating, 
                    rt.image,
                    rt.image2,
                    rt.image3,
                    rt.status as room_status,
                    CASE 
                        WHEN rt.discount_valid_until >= CURDATE() THEN rt.discount_percent 
                        ELSE NULL 
                    END as discount_percent,
                    rt.discount_valid_until,
                    COALESCE((
                        SELECT COUNT(*)
                        FROM room_numbers rn
                        WHERE rn.room_type_id = rt.room_type_id 
                        AND rn.status = 'active'
                    ), 0) as total_rooms,
                    CASE 
                        WHEN rt.status = 'active' THEN 'Available' 
                        ELSE 'Not Available' 
                    END as status
                FROM room_types rt
                WHERE rt.status = 'active'
                ORDER BY rt.room_type
[27-Nov-2025 11:58:48 Europe/Berlin] Found 2 active room types
[27-Nov-2025 11:58:48 Europe/Berlin] Rooms data: Array
(
    [0] => Array
        (
            [room_type_id] => 11
            [room_type] => Double Occupancy
            [price] => 3200.00
            [capacity] => 3
            [description] => Room
            [beds] => 2 Single Beds, 1 Queen bed
            [rating] => 3.7
            [image] => room_11_1_1749748500.jpg
            [image2] => 
            [image3] => 
            [room_status] => active
            [discount_percent] => 
            [discount_valid_until] => 
            [total_rooms] => 1
            [status] => Available
        )

    [1] => Array
        (
            [room_type_id] => 3
            [room_type] => Triple Occupancy
            [price] => 4200.00
            [capacity] => 3
            [description] => Room
            [beds] => 1 Single Bed & 1 Queen Bed or 3 Single Beds
            [rating] => 4.4
            [image] => room_3_1_1749748535.jpg
            [image2] => /uploads/rooms/room_type_67f9739f87ef4_2.jpg
            [image3] => /uploads/rooms/room_type_67f9739f8ba32_3.jpg
            [room_status] => active
            [discount_percent] => 
            [discount_valid_until] => 
            [total_rooms] => 1
            [status] => Available
        )

)

[27-Nov-2025 11:58:48 Europe/Berlin] Error fetching discount types: SQLSTATE[42S22]: Column not found: 1054 Unknown column 'status' in 'where clause'
[27-Nov-2025 11:58:48 Europe/Berlin] Error fetching discount types: SQLSTATE[42S22]: Column not found: 1054 Unknown column 'status' in 'where clause'
[27-Nov-2025 11:58:55 Europe/Berlin] Session data: Array
(
    [booking_data] => Array
        (
            [first_name] => 
            [last_name] => 
            [email] => 
            [phone] => 
            [check_in] => 2025-12-01
            [check_out] => 2025-12-02
            [num_adults] => 1
            [num_children] => 0
            [num_nights] => 1
            [payment_option] => Partial Payment
            [payment_method] => 
            [total_amount] => 7400.00
            [payment_amount] => 1500
            [remaining_balance] => 5900
            [room_items] => [object Object],[object Object]
            [room_type_id] => 3
        )

    [redirect_url] => http://localhost/Admin/Customer/aa/roomss.php
)

[27-Nov-2025 11:58:55 Europe/Berlin] POST data: Array
(
)

[27-Nov-2025 11:58:55 Europe/Berlin] Starting getRoomTypesWithNumbers function
[27-Nov-2025 11:58:55 Europe/Berlin] Using check-in: 2025-11-27, check-out: 2025-11-28
[27-Nov-2025 11:58:56 Europe/Berlin] Active room types count: 2
[27-Nov-2025 11:58:56 Europe/Berlin] Executing SQL: SELECT 
                    rt.room_type_id, 
                    rt.room_type as room_type, 
                    rt.price, 
                    rt.capacity,
                    rt.description, 
                    rt.beds, 
                    rt.rating, 
                    rt.image,
                    rt.image2,
                    rt.image3,
                    rt.status as room_status,
                    CASE 
                        WHEN rt.discount_valid_until >= CURDATE() THEN rt.discount_percent 
                        ELSE NULL 
                    END as discount_percent,
                    rt.discount_valid_until,
                    COALESCE((
                        SELECT COUNT(*)
                        FROM room_numbers rn
                        WHERE rn.room_type_id = rt.room_type_id 
                        AND rn.status = 'active'
                    ), 0) as total_rooms,
                    CASE 
                        WHEN rt.status = 'active' THEN 'Available' 
                        ELSE 'Not Available' 
                    END as status
                FROM room_types rt
                WHERE rt.status = 'active'
                ORDER BY rt.room_type
[27-Nov-2025 11:58:56 Europe/Berlin] Found 2 active room types
[27-Nov-2025 11:58:56 Europe/Berlin] Rooms data: Array
(
    [0] => Array
        (
            [room_type_id] => 11
            [room_type] => Double Occupancy
            [price] => 3200.00
            [capacity] => 3
            [description] => Room
            [beds] => 2 Single Beds, 1 Queen bed
            [rating] => 3.7
            [image] => room_11_1_1749748500.jpg
            [image2] => 
            [image3] => 
            [room_status] => active
            [discount_percent] => 
            [discount_valid_until] => 
            [total_rooms] => 1
            [status] => Available
        )

    [1] => Array
        (
            [room_type_id] => 3
            [room_type] => Triple Occupancy
            [price] => 4200.00
            [capacity] => 3
            [description] => Room
            [beds] => 1 Single Bed & 1 Queen Bed or 3 Single Beds
            [rating] => 4.4
            [image] => room_3_1_1749748535.jpg
            [image2] => /uploads/rooms/room_type_67f9739f87ef4_2.jpg
            [image3] => /uploads/rooms/room_type_67f9739f8ba32_3.jpg
            [room_status] => active
            [discount_percent] => 
            [discount_valid_until] => 
            [total_rooms] => 1
            [status] => Available
        )

)

[27-Nov-2025 11:58:56 Europe/Berlin] Error fetching discount types: SQLSTATE[42S22]: Column not found: 1054 Unknown column 'status' in 'where clause'
[27-Nov-2025 11:58:56 Europe/Berlin] Error fetching discount types: SQLSTATE[42S22]: Column not found: 1054 Unknown column 'status' in 'where clause'
[27-Nov-2025 11:59:01 Europe/Berlin] Session data: Array
(
    [booking_data] => Array
        (
            [first_name] => 
            [last_name] => 
            [email] => 
            [phone] => 
            [check_in] => 2025-12-01
            [check_out] => 2025-12-02
            [num_adults] => 1
            [num_children] => 0
            [num_nights] => 1
            [payment_option] => Partial Payment
            [payment_method] => 
            [total_amount] => 7400.00
            [payment_amount] => 1500
            [remaining_balance] => 5900
            [room_items] => [object Object],[object Object]
            [room_type_id] => 3
        )

    [redirect_url] => http://localhost/Admin/Customer/aa/roomss.php
    [booking_list] => Array
        (
            [0] => Array
                (
                    [room_type_id] => 11
                    [room_type] => Double Occupancy
                    [price] => 3200.00
                    [capacity] => 3
                    [image] => room_11_1_1749748500.jpg
                    [available_rooms] => 1
                    [quantity] => 1
                )

        )

)

[27-Nov-2025 11:59:01 Europe/Berlin] POST data: Array
(
)

[27-Nov-2025 11:59:01 Europe/Berlin] Starting getRoomTypesWithNumbers function
[27-Nov-2025 11:59:01 Europe/Berlin] Using check-in: 2025-11-27, check-out: 2025-11-28
[27-Nov-2025 11:59:01 Europe/Berlin] Active room types count: 2
[27-Nov-2025 11:59:01 Europe/Berlin] Executing SQL: SELECT 
                    rt.room_type_id, 
                    rt.room_type as room_type, 
                    rt.price, 
                    rt.capacity,
                    rt.description, 
                    rt.beds, 
                    rt.rating, 
                    rt.image,
                    rt.image2,
                    rt.image3,
                    rt.status as room_status,
                    CASE 
                        WHEN rt.discount_valid_until >= CURDATE() THEN rt.discount_percent 
                        ELSE NULL 
                    END as discount_percent,
                    rt.discount_valid_until,
                    COALESCE((
                        SELECT COUNT(*)
                        FROM room_numbers rn
                        WHERE rn.room_type_id = rt.room_type_id 
                        AND rn.status = 'active'
                    ), 0) as total_rooms,
                    CASE 
                        WHEN rt.status = 'active' THEN 'Available' 
                        ELSE 'Not Available' 
                    END as status
                FROM room_types rt
                WHERE rt.status = 'active'
                ORDER BY rt.room_type
[27-Nov-2025 11:59:01 Europe/Berlin] Found 2 active room types
[27-Nov-2025 11:59:01 Europe/Berlin] Rooms data: Array
(
    [0] => Array
        (
            [room_type_id] => 11
            [room_type] => Double Occupancy
            [price] => 3200.00
            [capacity] => 3
            [description] => Room
            [beds] => 2 Single Beds, 1 Queen bed
            [rating] => 3.7
            [image] => room_11_1_1749748500.jpg
            [image2] => 
            [image3] => 
            [room_status] => active
            [discount_percent] => 
            [discount_valid_until] => 
            [total_rooms] => 1
            [status] => Available
        )

    [1] => Array
        (
            [room_type_id] => 3
            [room_type] => Triple Occupancy
            [price] => 4200.00
            [capacity] => 3
            [description] => Room
            [beds] => 1 Single Bed & 1 Queen Bed or 3 Single Beds
            [rating] => 4.4
            [image] => room_3_1_1749748535.jpg
            [image2] => /uploads/rooms/room_type_67f9739f87ef4_2.jpg
            [image3] => /uploads/rooms/room_type_67f9739f8ba32_3.jpg
            [room_status] => active
            [discount_percent] => 
            [discount_valid_until] => 
            [total_rooms] => 1
            [status] => Available
        )

)

[27-Nov-2025 11:59:01 Europe/Berlin] Error fetching discount types: SQLSTATE[42S22]: Column not found: 1054 Unknown column 'status' in 'where clause'
[27-Nov-2025 11:59:02 Europe/Berlin] Error fetching discount types: SQLSTATE[42S22]: Column not found: 1054 Unknown column 'status' in 'where clause'
[27-Nov-2025 11:59:15 Europe/Berlin] Session data: Array
(
    [booking_data] => Array
        (
            [first_name] => 
            [last_name] => 
            [email] => 
            [phone] => 
            [check_in] => 2025-12-01
            [check_out] => 2025-12-02
            [num_adults] => 1
            [num_children] => 0
            [num_nights] => 1
            [payment_option] => Partial Payment
            [payment_method] => 
            [total_amount] => 7400.00
            [payment_amount] => 1500
            [remaining_balance] => 5900
            [room_items] => [object Object],[object Object]
            [room_type_id] => 3
        )

    [redirect_url] => http://localhost/Admin/Customer/aa/roomss.php
    [booking_list] => Array
        (
            [0] => Array
                (
                    [room_type_id] => 11
                    [room_type] => Double Occupancy
                    [price] => 3200.00
                    [capacity] => 3
                    [image] => room_11_1_1749748500.jpg
                    [available_rooms] => 1
                    [quantity] => 1
                )

            [1] => Array
                (
                    [room_type_id] => 3
                    [room_type] => Triple Occupancy
                    [price] => 4200.00
                    [capacity] => 3
                    [image] => room_3_1_1749748535.jpg
                    [available_rooms] => 1
                    [quantity] => 1
                )

        )

)

[27-Nov-2025 11:59:15 Europe/Berlin] POST data: Array
(
)

[27-Nov-2025 11:59:15 Europe/Berlin] Starting getRoomTypesWithNumbers function
[27-Nov-2025 11:59:15 Europe/Berlin] Using check-in: 2025-11-27, check-out: 2025-11-28
[27-Nov-2025 11:59:15 Europe/Berlin] Active room types count: 2
[27-Nov-2025 11:59:15 Europe/Berlin] Executing SQL: SELECT 
                    rt.room_type_id, 
                    rt.room_type as room_type, 
                    rt.price, 
                    rt.capacity,
                    rt.description, 
                    rt.beds, 
                    rt.rating, 
                    rt.image,
                    rt.image2,
                    rt.image3,
                    rt.status as room_status,
                    CASE 
                        WHEN rt.discount_valid_until >= CURDATE() THEN rt.discount_percent 
                        ELSE NULL 
                    END as discount_percent,
                    rt.discount_valid_until,
                    COALESCE((
                        SELECT COUNT(*)
                        FROM room_numbers rn
                        WHERE rn.room_type_id = rt.room_type_id 
                        AND rn.status = 'active'
                    ), 0) as total_rooms,
                    CASE 
                        WHEN rt.status = 'active' THEN 'Available' 
                        ELSE 'Not Available' 
                    END as status
                FROM room_types rt
                WHERE rt.status = 'active'
                ORDER BY rt.room_type
[27-Nov-2025 11:59:15 Europe/Berlin] Found 2 active room types
[27-Nov-2025 11:59:15 Europe/Berlin] Rooms data: Array
(
    [0] => Array
        (
            [room_type_id] => 11
            [room_type] => Double Occupancy
            [price] => 3200.00
            [capacity] => 3
            [description] => Room
            [beds] => 2 Single Beds, 1 Queen bed
            [rating] => 3.7
            [image] => room_11_1_1749748500.jpg
            [image2] => 
            [image3] => 
            [room_status] => active
            [discount_percent] => 
            [discount_valid_until] => 
            [total_rooms] => 1
            [status] => Available
        )

    [1] => Array
        (
            [room_type_id] => 3
            [room_type] => Triple Occupancy
            [price] => 4200.00
            [capacity] => 3
            [description] => Room
            [beds] => 1 Single Bed & 1 Queen Bed or 3 Single Beds
            [rating] => 4.4
            [image] => room_3_1_1749748535.jpg
            [image2] => /uploads/rooms/room_type_67f9739f87ef4_2.jpg
            [image3] => /uploads/rooms/room_type_67f9739f8ba32_3.jpg
            [room_status] => active
            [discount_percent] => 
            [discount_valid_until] => 
            [total_rooms] => 1
            [status] => Available
        )

)

[27-Nov-2025 11:59:15 Europe/Berlin] Error fetching discount types: SQLSTATE[42S22]: Column not found: 1054 Unknown column 'status' in 'where clause'
[27-Nov-2025 11:59:16 Europe/Berlin] Error fetching discount types: SQLSTATE[42S22]: Column not found: 1054 Unknown column 'status' in 'where clause'
[27-Nov-2025 12:02:08 Europe/Berlin] Session data: Array
(
    [redirect_url] => http://localhost/Admin/Customer/aa/roomss.php
)

[27-Nov-2025 12:02:08 Europe/Berlin] POST data: Array
(
)

[27-Nov-2025 12:02:08 Europe/Berlin] Starting getRoomTypesWithNumbers function
[27-Nov-2025 12:02:08 Europe/Berlin] Using check-in: 2025-11-27, check-out: 2025-11-28
[27-Nov-2025 12:02:08 Europe/Berlin] Active room types count: 2
[27-Nov-2025 12:02:08 Europe/Berlin] Executing SQL: SELECT 
                    rt.room_type_id, 
                    rt.room_type as room_type, 
                    rt.price, 
                    rt.capacity,
                    rt.description, 
                    rt.beds, 
                    rt.rating, 
                    rt.image,
                    rt.image2,
                    rt.image3,
                    rt.status as room_status,
                    CASE 
                        WHEN rt.discount_valid_until >= CURDATE() THEN rt.discount_percent 
                        ELSE NULL 
                    END as discount_percent,
                    rt.discount_valid_until,
                    COALESCE((
                        SELECT COUNT(*)
                        FROM room_numbers rn
                        WHERE rn.room_type_id = rt.room_type_id 
                        AND rn.status = 'active'
                    ), 0) as total_rooms,
                    CASE 
                        WHEN rt.status = 'active' THEN 'Available' 
                        ELSE 'Not Available' 
                    END as status
                FROM room_types rt
                WHERE rt.status = 'active'
                ORDER BY rt.room_type
[27-Nov-2025 12:02:08 Europe/Berlin] Found 2 active room types
[27-Nov-2025 12:02:08 Europe/Berlin] Rooms data: Array
(
    [0] => Array
        (
            [room_type_id] => 11
            [room_type] => Double Occupancy
            [price] => 3200.00
            [capacity] => 3
            [description] => Room
            [beds] => 2 Single Beds, 1 Queen bed
            [rating] => 3.7
            [image] => room_11_1_1749748500.jpg
            [image2] => 
            [image3] => 
            [room_status] => active
            [discount_percent] => 
            [discount_valid_until] => 
            [total_rooms] => 1
            [status] => Available
        )

    [1] => Array
        (
            [room_type_id] => 3
            [room_type] => Triple Occupancy
            [price] => 4200.00
            [capacity] => 3
            [description] => Room
            [beds] => 1 Single Bed & 1 Queen Bed or 3 Single Beds
            [rating] => 4.4
            [image] => room_3_1_1749748535.jpg
            [image2] => /uploads/rooms/room_type_67f9739f87ef4_2.jpg
            [image3] => /uploads/rooms/room_type_67f9739f8ba32_3.jpg
            [room_status] => active
            [discount_percent] => 
            [discount_valid_until] => 
            [total_rooms] => 1
            [status] => Available
        )

)

[27-Nov-2025 12:02:08 Europe/Berlin] Error fetching discount types: SQLSTATE[42S22]: Column not found: 1054 Unknown column 'status' in 'where clause'
[27-Nov-2025 12:02:08 Europe/Berlin] Error fetching discount types: SQLSTATE[42S22]: Column not found: 1054 Unknown column 'status' in 'where clause'
[27-Nov-2025 12:03:26 Europe/Berlin] Session data: Array
(
    [redirect_url] => http://localhost/Admin/Customer/aa/roomss.php
)

[27-Nov-2025 12:03:26 Europe/Berlin] POST data: Array
(
)

[27-Nov-2025 12:03:26 Europe/Berlin] Starting getRoomTypesWithNumbers function
[27-Nov-2025 12:03:26 Europe/Berlin] Using check-in: 2025-11-27, check-out: 2025-11-28
[27-Nov-2025 12:03:26 Europe/Berlin] Active room types count: 2
[27-Nov-2025 12:03:26 Europe/Berlin] Executing SQL: SELECT 
                    rt.room_type_id, 
                    rt.room_type as room_type, 
                    rt.price, 
                    rt.capacity,
                    rt.description, 
                    rt.beds, 
                    rt.rating, 
                    rt.image,
                    rt.image2,
                    rt.image3,
                    rt.status as room_status,
                    CASE 
                        WHEN rt.discount_valid_until >= CURDATE() THEN rt.discount_percent 
                        ELSE NULL 
                    END as discount_percent,
                    rt.discount_valid_until,
                    COALESCE((
                        SELECT COUNT(*)
                        FROM room_numbers rn
                        WHERE rn.room_type_id = rt.room_type_id 
                        AND rn.status = 'active'
                    ), 0) as total_rooms,
                    CASE 
                        WHEN rt.status = 'active' THEN 'Available' 
                        ELSE 'Not Available' 
                    END as status
                FROM room_types rt
                WHERE rt.status = 'active'
                ORDER BY rt.room_type
[27-Nov-2025 12:03:26 Europe/Berlin] Found 2 active room types
[27-Nov-2025 12:03:26 Europe/Berlin] Rooms data: Array
(
    [0] => Array
        (
            [room_type_id] => 11
            [room_type] => Double Occupancy
            [price] => 3200.00
            [capacity] => 3
            [description] => Room
            [beds] => 2 Single Beds, 1 Queen bed
            [rating] => 3.7
            [image] => room_11_1_1749748500.jpg
            [image2] => 
            [image3] => 
            [room_status] => active
            [discount_percent] => 
            [discount_valid_until] => 
            [total_rooms] => 1
            [status] => Available
        )

    [1] => Array
        (
            [room_type_id] => 3
            [room_type] => Triple Occupancy
            [price] => 4200.00
            [capacity] => 3
            [description] => Room
            [beds] => 1 Single Bed & 1 Queen Bed or 3 Single Beds
            [rating] => 4.4
            [image] => room_3_1_1749748535.jpg
            [image2] => /uploads/rooms/room_type_67f9739f87ef4_2.jpg
            [image3] => /uploads/rooms/room_type_67f9739f8ba32_3.jpg
            [room_status] => active
            [discount_percent] => 
            [discount_valid_until] => 
            [total_rooms] => 1
            [status] => Available
        )

)

[27-Nov-2025 12:03:26 Europe/Berlin] Error fetching discount types: SQLSTATE[42S22]: Column not found: 1054 Unknown column 'status' in 'where clause'
[27-Nov-2025 12:03:27 Europe/Berlin] Error fetching discount types: SQLSTATE[42S22]: Column not found: 1054 Unknown column 'status' in 'where clause'
[27-Nov-2025 12:03:52 Europe/Berlin] Session data: Array
(
    [redirect_url] => http://localhost/Admin/Customer/aa/login.php
    [user_id] => 40
    [user_type] => customer
    [email] => chanomabalo@gmail.com
    [csrf_token] => c5396b8152ca2cf6d58f34809e3c5cec7966253eef27e4abc490aa1223a897e1
)

[27-Nov-2025 12:03:52 Europe/Berlin] POST data: Array
(
)

[27-Nov-2025 12:03:52 Europe/Berlin] Starting getRoomTypesWithNumbers function
[27-Nov-2025 12:03:52 Europe/Berlin] Using check-in: 2025-11-27, check-out: 2025-11-28
[27-Nov-2025 12:03:52 Europe/Berlin] Active room types count: 2
[27-Nov-2025 12:03:52 Europe/Berlin] Executing SQL: SELECT 
                    rt.room_type_id, 
                    rt.room_type as room_type, 
                    rt.price, 
                    rt.capacity,
                    rt.description, 
                    rt.beds, 
                    rt.rating, 
                    rt.image,
                    rt.image2,
                    rt.image3,
                    rt.status as room_status,
                    CASE 
                        WHEN rt.discount_valid_until >= CURDATE() THEN rt.discount_percent 
                        ELSE NULL 
                    END as discount_percent,
                    rt.discount_valid_until,
                    COALESCE((
                        SELECT COUNT(*)
                        FROM room_numbers rn
                        WHERE rn.room_type_id = rt.room_type_id 
                        AND rn.status = 'active'
                    ), 0) as total_rooms,
                    CASE 
                        WHEN rt.status = 'active' THEN 'Available' 
                        ELSE 'Not Available' 
                    END as status
                FROM room_types rt
                WHERE rt.status = 'active'
                ORDER BY rt.room_type
[27-Nov-2025 12:03:52 Europe/Berlin] Found 2 active room types
[27-Nov-2025 12:03:52 Europe/Berlin] Rooms data: Array
(
    [0] => Array
        (
            [room_type_id] => 11
            [room_type] => Double Occupancy
            [price] => 3200.00
            [capacity] => 3
            [description] => Room
            [beds] => 2 Single Beds, 1 Queen bed
            [rating] => 3.7
            [image] => room_11_1_1749748500.jpg
            [image2] => 
            [image3] => 
            [room_status] => active
            [discount_percent] => 
            [discount_valid_until] => 
            [total_rooms] => 1
            [status] => Available
        )

    [1] => Array
        (
            [room_type_id] => 3
            [room_type] => Triple Occupancy
            [price] => 4200.00
            [capacity] => 3
            [description] => Room
            [beds] => 1 Single Bed & 1 Queen Bed or 3 Single Beds
            [rating] => 4.4
            [image] => room_3_1_1749748535.jpg
            [image2] => /uploads/rooms/room_type_67f9739f87ef4_2.jpg
            [image3] => /uploads/rooms/room_type_67f9739f8ba32_3.jpg
            [room_status] => active
            [discount_percent] => 
            [discount_valid_until] => 
            [total_rooms] => 1
            [status] => Available
        )

)

[27-Nov-2025 12:03:52 Europe/Berlin] Error fetching discount types: SQLSTATE[42S22]: Column not found: 1054 Unknown column 'status' in 'where clause'
[27-Nov-2025 12:03:52 Europe/Berlin] Error fetching discount types: SQLSTATE[42S22]: Column not found: 1054 Unknown column 'status' in 'where clause'
[27-Nov-2025 12:03:57 Europe/Berlin] Session data: Array
(
    [redirect_url] => http://localhost/Admin/Customer/aa/login.php
    [user_id] => 40
    [user_type] => customer
    [email] => chanomabalo@gmail.com
    [csrf_token] => c5396b8152ca2cf6d58f34809e3c5cec7966253eef27e4abc490aa1223a897e1
    [booking_list] => Array
        (
            [0] => Array
                (
                    [room_type_id] => 11
                    [room_type] => Double Occupancy
                    [price] => 3200.00
                    [capacity] => 3
                    [image] => room_11_1_1749748500.jpg
                    [available_rooms] => 1
                    [quantity] => 1
                )

        )

)

[27-Nov-2025 12:03:57 Europe/Berlin] POST data: Array
(
)

[27-Nov-2025 12:03:57 Europe/Berlin] Starting getRoomTypesWithNumbers function
[27-Nov-2025 12:03:58 Europe/Berlin] Using check-in: 2025-11-27, check-out: 2025-11-28
[27-Nov-2025 12:03:58 Europe/Berlin] Active room types count: 2
[27-Nov-2025 12:03:58 Europe/Berlin] Executing SQL: SELECT 
                    rt.room_type_id, 
                    rt.room_type as room_type, 
                    rt.price, 
                    rt.capacity,
                    rt.description, 
                    rt.beds, 
                    rt.rating, 
                    rt.image,
                    rt.image2,
                    rt.image3,
                    rt.status as room_status,
                    CASE 
                        WHEN rt.discount_valid_until >= CURDATE() THEN rt.discount_percent 
                        ELSE NULL 
                    END as discount_percent,
                    rt.discount_valid_until,
                    COALESCE((
                        SELECT COUNT(*)
                        FROM room_numbers rn
                        WHERE rn.room_type_id = rt.room_type_id 
                        AND rn.status = 'active'
                    ), 0) as total_rooms,
                    CASE 
                        WHEN rt.status = 'active' THEN 'Available' 
                        ELSE 'Not Available' 
                    END as status
                FROM room_types rt
                WHERE rt.status = 'active'
                ORDER BY rt.room_type
[27-Nov-2025 12:03:58 Europe/Berlin] Found 2 active room types
[27-Nov-2025 12:03:58 Europe/Berlin] Rooms data: Array
(
    [0] => Array
        (
            [room_type_id] => 11
            [room_type] => Double Occupancy
            [price] => 3200.00
            [capacity] => 3
            [description] => Room
            [beds] => 2 Single Beds, 1 Queen bed
            [rating] => 3.7
            [image] => room_11_1_1749748500.jpg
            [image2] => 
            [image3] => 
            [room_status] => active
            [discount_percent] => 
            [discount_valid_until] => 
            [total_rooms] => 1
            [status] => Available
        )

    [1] => Array
        (
            [room_type_id] => 3
            [room_type] => Triple Occupancy
            [price] => 4200.00
            [capacity] => 3
            [description] => Room
            [beds] => 1 Single Bed & 1 Queen Bed or 3 Single Beds
            [rating] => 4.4
            [image] => room_3_1_1749748535.jpg
            [image2] => /uploads/rooms/room_type_67f9739f87ef4_2.jpg
            [image3] => /uploads/rooms/room_type_67f9739f8ba32_3.jpg
            [room_status] => active
            [discount_percent] => 
            [discount_valid_until] => 
            [total_rooms] => 1
            [status] => Available
        )

)

[27-Nov-2025 12:03:58 Europe/Berlin] Error fetching discount types: SQLSTATE[42S22]: Column not found: 1054 Unknown column 'status' in 'where clause'
[27-Nov-2025 12:03:58 Europe/Berlin] Error fetching discount types: SQLSTATE[42S22]: Column not found: 1054 Unknown column 'status' in 'where clause'
[27-Nov-2025 12:12:53 Europe/Berlin] Session data: Array
(
    [redirect_url] => http://localhost/Admin/Customer/aa/login.php
    [user_id] => 40
    [user_type] => customer
    [email] => chanomabalo@gmail.com
    [csrf_token] => c5396b8152ca2cf6d58f34809e3c5cec7966253eef27e4abc490aa1223a897e1
)

[27-Nov-2025 12:12:53 Europe/Berlin] POST data: Array
(
)

[27-Nov-2025 12:12:53 Europe/Berlin] Starting getRoomTypesWithNumbers function
[27-Nov-2025 12:12:53 Europe/Berlin] Using check-in: 2025-11-27, check-out: 2025-11-28
[27-Nov-2025 12:12:53 Europe/Berlin] Active room types count: 2
[27-Nov-2025 12:12:53 Europe/Berlin] Executing SQL: SELECT 
                    rt.room_type_id, 
                    rt.room_type as room_type, 
                    rt.price, 
                    rt.capacity,
                    rt.description, 
                    rt.beds, 
                    rt.rating, 
                    rt.image,
                    rt.image2,
                    rt.image3,
                    rt.status as room_status,
                    CASE 
                        WHEN rt.discount_valid_until >= CURDATE() THEN rt.discount_percent 
                        ELSE NULL 
                    END as discount_percent,
                    rt.discount_valid_until,
                    COALESCE((
                        SELECT COUNT(*)
                        FROM room_numbers rn
                        WHERE rn.room_type_id = rt.room_type_id 
                        AND rn.status = 'active'
                    ), 0) as total_rooms,
                    CASE 
                        WHEN rt.status = 'active' THEN 'Available' 
                        ELSE 'Not Available' 
                    END as status
                FROM room_types rt
                WHERE rt.status = 'active'
                ORDER BY rt.room_type
[27-Nov-2025 12:12:53 Europe/Berlin] Found 2 active room types
[27-Nov-2025 12:12:53 Europe/Berlin] Rooms data: Array
(
    [0] => Array
        (
            [room_type_id] => 11
            [room_type] => Double Occupancy
            [price] => 3200.00
            [capacity] => 3
            [description] => Room
            [beds] => 2 Single Beds, 1 Queen bed
            [rating] => 3.7
            [image] => room_11_1_1749748500.jpg
            [image2] => 
            [image3] => 
            [room_status] => active
            [discount_percent] => 
            [discount_valid_until] => 
            [total_rooms] => 1
            [status] => Available
        )

    [1] => Array
        (
            [room_type_id] => 3
            [room_type] => Triple Occupancy
            [price] => 4200.00
            [capacity] => 3
            [description] => Room
            [beds] => 1 Single Bed & 1 Queen Bed or 3 Single Beds
            [rating] => 4.4
            [image] => room_3_1_1749748535.jpg
            [image2] => /uploads/rooms/room_type_67f9739f87ef4_2.jpg
            [image3] => /uploads/rooms/room_type_67f9739f8ba32_3.jpg
            [room_status] => active
            [discount_percent] => 
            [discount_valid_until] => 
            [total_rooms] => 1
            [status] => Available
        )

)

[27-Nov-2025 12:12:53 Europe/Berlin] Error fetching discount types: SQLSTATE[42S22]: Column not found: 1054 Unknown column 'status' in 'where clause'
[27-Nov-2025 12:12:53 Europe/Berlin] Error fetching discount types: SQLSTATE[42S22]: Column not found: 1054 Unknown column 'status' in 'where clause'
[27-Nov-2025 12:14:46 Europe/Berlin] Session data: Array
(
    [redirect_url] => http://localhost/Admin/Customer/aa/login.php
    [user_id] => 40
    [user_type] => customer
    [email] => chanomabalo@gmail.com
    [csrf_token] => c5396b8152ca2cf6d58f34809e3c5cec7966253eef27e4abc490aa1223a897e1
)

[27-Nov-2025 12:14:46 Europe/Berlin] POST data: Array
(
)

[27-Nov-2025 12:14:46 Europe/Berlin] Starting getRoomTypesWithNumbers function
[27-Nov-2025 12:14:46 Europe/Berlin] Using check-in: 2025-11-27, check-out: 2025-11-28
[27-Nov-2025 12:14:46 Europe/Berlin] Active room types count: 2
[27-Nov-2025 12:14:46 Europe/Berlin] Executing SQL: SELECT 
                    rt.room_type_id, 
                    rt.room_type as room_type, 
                    rt.price, 
                    rt.capacity,
                    rt.description, 
                    rt.beds, 
                    rt.rating, 
                    rt.image,
                    rt.image2,
                    rt.image3,
                    rt.status as room_status,
                    CASE 
                        WHEN rt.discount_valid_until >= CURDATE() THEN rt.discount_percent 
                        ELSE NULL 
                    END as discount_percent,
                    rt.discount_valid_until,
                    COALESCE((
                        SELECT COUNT(*)
                        FROM room_numbers rn
                        WHERE rn.room_type_id = rt.room_type_id 
                        AND rn.status = 'active'
                    ), 0) as total_rooms,
                    CASE 
                        WHEN rt.status = 'active' THEN 'Available' 
                        ELSE 'Not Available' 
                    END as status
                FROM room_types rt
                WHERE rt.status = 'active'
                ORDER BY rt.room_type
[27-Nov-2025 12:14:46 Europe/Berlin] Found 2 active room types
[27-Nov-2025 12:14:46 Europe/Berlin] Rooms data: Array
(
    [0] => Array
        (
            [room_type_id] => 11
            [room_type] => Double Occupancy
            [price] => 3200.00
            [capacity] => 3
            [description] => Room
            [beds] => 2 Single Beds, 1 Queen bed
            [rating] => 3.7
            [image] => room_11_1_1749748500.jpg
            [image2] => 
            [image3] => 
            [room_status] => active
            [discount_percent] => 
            [discount_valid_until] => 
            [total_rooms] => 1
            [status] => Available
        )

    [1] => Array
        (
            [room_type_id] => 3
            [room_type] => Triple Occupancy
            [price] => 4200.00
            [capacity] => 3
            [description] => Room
            [beds] => 1 Single Bed & 1 Queen Bed or 3 Single Beds
            [rating] => 4.4
            [image] => room_3_1_1749748535.jpg
            [image2] => /uploads/rooms/room_type_67f9739f87ef4_2.jpg
            [image3] => /uploads/rooms/room_type_67f9739f8ba32_3.jpg
            [room_status] => active
            [discount_percent] => 
            [discount_valid_until] => 
            [total_rooms] => 1
            [status] => Available
        )

)

[27-Nov-2025 12:14:46 Europe/Berlin] Error fetching discount types: SQLSTATE[42S22]: Column not found: 1054 Unknown column 'status' in 'where clause'
[27-Nov-2025 12:14:46 Europe/Berlin] Error fetching discount types: SQLSTATE[42S22]: Column not found: 1054 Unknown column 'status' in 'where clause'
[27-Nov-2025 12:17:18 Europe/Berlin] Session data: Array
(
    [redirect_url] => http://localhost/Admin/Customer/aa/login.php
    [user_id] => 40
    [user_type] => customer
    [email] => chanomabalo@gmail.com
    [csrf_token] => c5396b8152ca2cf6d58f34809e3c5cec7966253eef27e4abc490aa1223a897e1
)

[27-Nov-2025 12:17:18 Europe/Berlin] POST data: Array
(
)

[27-Nov-2025 12:17:18 Europe/Berlin] Starting getRoomTypesWithNumbers function
[27-Nov-2025 12:17:18 Europe/Berlin] Using check-in: 2025-11-27, check-out: 2025-11-28
[27-Nov-2025 12:17:18 Europe/Berlin] Active room types count: 2
[27-Nov-2025 12:17:18 Europe/Berlin] Executing SQL: SELECT 
                    rt.room_type_id, 
                    rt.room_type as room_type, 
                    rt.price, 
                    rt.capacity,
                    rt.description, 
                    rt.beds, 
                    rt.rating, 
                    rt.image,
                    rt.image2,
                    rt.image3,
                    rt.status as room_status,
                    CASE 
                        WHEN rt.discount_valid_until >= CURDATE() THEN rt.discount_percent 
                        ELSE NULL 
                    END as discount_percent,
                    rt.discount_valid_until,
                    COALESCE((
                        SELECT COUNT(*)
                        FROM room_numbers rn
                        WHERE rn.room_type_id = rt.room_type_id 
                        AND rn.status = 'active'
                    ), 0) as total_rooms,
                    CASE 
                        WHEN rt.status = 'active' THEN 'Available' 
                        ELSE 'Not Available' 
                    END as status
                FROM room_types rt
                WHERE rt.status = 'active'
                ORDER BY rt.room_type
[27-Nov-2025 12:17:18 Europe/Berlin] Found 2 active room types
[27-Nov-2025 12:17:18 Europe/Berlin] Rooms data: Array
(
    [0] => Array
        (
            [room_type_id] => 11
            [room_type] => Double Occupancy
            [price] => 3200.00
            [capacity] => 3
            [description] => Room
            [beds] => 2 Single Beds, 1 Queen bed
            [rating] => 3.7
            [image] => room_11_1_1749748500.jpg
            [image2] => 
            [image3] => 
            [room_status] => active
            [discount_percent] => 
            [discount_valid_until] => 
            [total_rooms] => 1
            [status] => Available
        )

    [1] => Array
        (
            [room_type_id] => 3
            [room_type] => Triple Occupancy
            [price] => 4200.00
            [capacity] => 3
            [description] => Room
            [beds] => 1 Single Bed & 1 Queen Bed or 3 Single Beds
            [rating] => 4.4
            [image] => room_3_1_1749748535.jpg
            [image2] => /uploads/rooms/room_type_67f9739f87ef4_2.jpg
            [image3] => /uploads/rooms/room_type_67f9739f8ba32_3.jpg
            [room_status] => active
            [discount_percent] => 
            [discount_valid_until] => 
            [total_rooms] => 1
            [status] => Available
        )

)

[27-Nov-2025 12:17:18 Europe/Berlin] Error fetching discount types: SQLSTATE[42S22]: Column not found: 1054 Unknown column 'status' in 'where clause'
[27-Nov-2025 12:17:18 Europe/Berlin] Error fetching discount types: SQLSTATE[42S22]: Column not found: 1054 Unknown column 'status' in 'where clause'
[27-Nov-2025 12:17:27 Europe/Berlin] Session data: Array
(
    [redirect_url] => http://localhost/Admin/Customer/aa/login.php
    [user_id] => 40
    [user_type] => customer
    [email] => chanomabalo@gmail.com
    [csrf_token] => c5396b8152ca2cf6d58f34809e3c5cec7966253eef27e4abc490aa1223a897e1
    [booking_list] => Array
        (
            [0] => Array
                (
                    [room_type_id] => 11
                    [room_type] => Double Occupancy
                    [price] => 3200.00
                    [capacity] => 3
                    [image] => room_11_1_1749748500.jpg
                    [available_rooms] => 1
                    [quantity] => 1
                )

        )

)

[27-Nov-2025 12:17:27 Europe/Berlin] POST data: Array
(
)

[27-Nov-2025 12:17:27 Europe/Berlin] Starting getRoomTypesWithNumbers function
[27-Nov-2025 12:17:27 Europe/Berlin] Using check-in: 2025-11-27, check-out: 2025-11-28
[27-Nov-2025 12:17:27 Europe/Berlin] Active room types count: 2
[27-Nov-2025 12:17:27 Europe/Berlin] Executing SQL: SELECT 
                    rt.room_type_id, 
                    rt.room_type as room_type, 
                    rt.price, 
                    rt.capacity,
                    rt.description, 
                    rt.beds, 
                    rt.rating, 
                    rt.image,
                    rt.image2,
                    rt.image3,
                    rt.status as room_status,
                    CASE 
                        WHEN rt.discount_valid_until >= CURDATE() THEN rt.discount_percent 
                        ELSE NULL 
                    END as discount_percent,
                    rt.discount_valid_until,
                    COALESCE((
                        SELECT COUNT(*)
                        FROM room_numbers rn
                        WHERE rn.room_type_id = rt.room_type_id 
                        AND rn.status = 'active'
                    ), 0) as total_rooms,
                    CASE 
                        WHEN rt.status = 'active' THEN 'Available' 
                        ELSE 'Not Available' 
                    END as status
                FROM room_types rt
                WHERE rt.status = 'active'
                ORDER BY rt.room_type
[27-Nov-2025 12:17:27 Europe/Berlin] Found 2 active room types
[27-Nov-2025 12:17:27 Europe/Berlin] Rooms data: Array
(
    [0] => Array
        (
            [room_type_id] => 11
            [room_type] => Double Occupancy
            [price] => 3200.00
            [capacity] => 3
            [description] => Room
            [beds] => 2 Single Beds, 1 Queen bed
            [rating] => 3.7
            [image] => room_11_1_1749748500.jpg
            [image2] => 
            [image3] => 
            [room_status] => active
            [discount_percent] => 
            [discount_valid_until] => 
            [total_rooms] => 1
            [status] => Available
        )

    [1] => Array
        (
            [room_type_id] => 3
            [room_type] => Triple Occupancy
            [price] => 4200.00
            [capacity] => 3
            [description] => Room
            [beds] => 1 Single Bed & 1 Queen Bed or 3 Single Beds
            [rating] => 4.4
            [image] => room_3_1_1749748535.jpg
            [image2] => /uploads/rooms/room_type_67f9739f87ef4_2.jpg
            [image3] => /uploads/rooms/room_type_67f9739f8ba32_3.jpg
            [room_status] => active
            [discount_percent] => 
            [discount_valid_until] => 
            [total_rooms] => 1
            [status] => Available
        )

)

[27-Nov-2025 12:17:27 Europe/Berlin] Error fetching discount types: SQLSTATE[42S22]: Column not found: 1054 Unknown column 'status' in 'where clause'
[27-Nov-2025 12:17:27 Europe/Berlin] Error fetching discount types: SQLSTATE[42S22]: Column not found: 1054 Unknown column 'status' in 'where clause'
[27-Nov-2025 12:17:30 Europe/Berlin] Session data: Array
(
    [redirect_url] => http://localhost/Admin/Customer/aa/login.php
    [user_id] => 40
    [user_type] => customer
    [email] => chanomabalo@gmail.com
    [csrf_token] => c5396b8152ca2cf6d58f34809e3c5cec7966253eef27e4abc490aa1223a897e1
    [booking_list] => Array
        (
            [0] => Array
                (
                    [room_type_id] => 11
                    [room_type] => Double Occupancy
                    [price] => 3200.00
                    [capacity] => 3
                    [image] => room_11_1_1749748500.jpg
                    [available_rooms] => 1
                    [quantity] => 1
                )

            [1] => Array
                (
                    [room_type_id] => 3
                    [room_type] => Triple Occupancy
                    [price] => 4200.00
                    [capacity] => 3
                    [image] => room_3_1_1749748535.jpg
                    [available_rooms] => 1
                    [quantity] => 1
                )

        )

)

[27-Nov-2025 12:17:30 Europe/Berlin] POST data: Array
(
)

[27-Nov-2025 12:17:30 Europe/Berlin] Starting getRoomTypesWithNumbers function
[27-Nov-2025 12:17:30 Europe/Berlin] Using check-in: 2025-11-27, check-out: 2025-11-28
[27-Nov-2025 12:17:30 Europe/Berlin] Active room types count: 2
[27-Nov-2025 12:17:30 Europe/Berlin] Executing SQL: SELECT 
                    rt.room_type_id, 
                    rt.room_type as room_type, 
                    rt.price, 
                    rt.capacity,
                    rt.description, 
                    rt.beds, 
                    rt.rating, 
                    rt.image,
                    rt.image2,
                    rt.image3,
                    rt.status as room_status,
                    CASE 
                        WHEN rt.discount_valid_until >= CURDATE() THEN rt.discount_percent 
                        ELSE NULL 
                    END as discount_percent,
                    rt.discount_valid_until,
                    COALESCE((
                        SELECT COUNT(*)
                        FROM room_numbers rn
                        WHERE rn.room_type_id = rt.room_type_id 
                        AND rn.status = 'active'
                    ), 0) as total_rooms,
                    CASE 
                        WHEN rt.status = 'active' THEN 'Available' 
                        ELSE 'Not Available' 
                    END as status
                FROM room_types rt
                WHERE rt.status = 'active'
                ORDER BY rt.room_type
[27-Nov-2025 12:17:30 Europe/Berlin] Found 2 active room types
[27-Nov-2025 12:17:30 Europe/Berlin] Rooms data: Array
(
    [0] => Array
        (
            [room_type_id] => 11
            [room_type] => Double Occupancy
            [price] => 3200.00
            [capacity] => 3
            [description] => Room
            [beds] => 2 Single Beds, 1 Queen bed
            [rating] => 3.7
            [image] => room_11_1_1749748500.jpg
            [image2] => 
            [image3] => 
            [room_status] => active
            [discount_percent] => 
            [discount_valid_until] => 
            [total_rooms] => 1
            [status] => Available
        )

    [1] => Array
        (
            [room_type_id] => 3
            [room_type] => Triple Occupancy
            [price] => 4200.00
            [capacity] => 3
            [description] => Room
            [beds] => 1 Single Bed & 1 Queen Bed or 3 Single Beds
            [rating] => 4.4
            [image] => room_3_1_1749748535.jpg
            [image2] => /uploads/rooms/room_type_67f9739f87ef4_2.jpg
            [image3] => /uploads/rooms/room_type_67f9739f8ba32_3.jpg
            [room_status] => active
            [discount_percent] => 
            [discount_valid_until] => 
            [total_rooms] => 1
            [status] => Available
        )

)

[27-Nov-2025 12:17:30 Europe/Berlin] Error fetching discount types: SQLSTATE[42S22]: Column not found: 1054 Unknown column 'status' in 'where clause'
[27-Nov-2025 12:17:30 Europe/Berlin] Error fetching discount types: SQLSTATE[42S22]: Column not found: 1054 Unknown column 'status' in 'where clause'
[27-Nov-2025 13:02:02 Europe/Berlin] Session data: Array
(
    [redirect_url] => http://localhost/Admin/Customer/aa/login.php
    [user_id] => 40
    [user_type] => customer
    [email] => chanomabalo@gmail.com
    [csrf_token] => c5396b8152ca2cf6d58f34809e3c5cec7966253eef27e4abc490aa1223a897e1
)

[27-Nov-2025 13:02:02 Europe/Berlin] POST data: Array
(
)

[27-Nov-2025 13:02:02 Europe/Berlin] Starting getRoomTypesWithNumbers function
[27-Nov-2025 13:02:02 Europe/Berlin] Using check-in: 2025-11-27, check-out: 2025-11-28
[27-Nov-2025 13:02:02 Europe/Berlin] Active room types count: 2
[27-Nov-2025 13:02:02 Europe/Berlin] Executing SQL: SELECT 
                    rt.room_type_id, 
                    rt.room_type as room_type, 
                    rt.price, 
                    rt.capacity,
                    rt.description, 
                    rt.beds, 
                    rt.rating, 
                    rt.image,
                    rt.image2,
                    rt.image3,
                    rt.status as room_status,
                    CASE 
                        WHEN rt.discount_valid_until >= CURDATE() THEN rt.discount_percent 
                        ELSE NULL 
                    END as discount_percent,
                    rt.discount_valid_until,
                    COALESCE((
                        SELECT COUNT(*)
                        FROM room_numbers rn
                        WHERE rn.room_type_id = rt.room_type_id 
                        AND rn.status = 'active'
                    ), 0) as total_rooms,
                    CASE 
                        WHEN rt.status = 'active' THEN 'Available' 
                        ELSE 'Not Available' 
                    END as status
                FROM room_types rt
                WHERE rt.status = 'active'
                ORDER BY rt.room_type
[27-Nov-2025 13:02:02 Europe/Berlin] Found 2 active room types
[27-Nov-2025 13:02:02 Europe/Berlin] Rooms data: Array
(
    [0] => Array
        (
            [room_type_id] => 11
            [room_type] => Double Occupancy
            [price] => 3200.00
            [capacity] => 3
            [description] => Room
            [beds] => 2 Single Beds, 1 Queen bed
            [rating] => 3.7
            [image] => room_11_1_1749748500.jpg
            [image2] => 
            [image3] => 
            [room_status] => active
            [discount_percent] => 
            [discount_valid_until] => 
            [total_rooms] => 1
            [status] => Available
        )

    [1] => Array
        (
            [room_type_id] => 3
            [room_type] => Triple Occupancy
            [price] => 4200.00
            [capacity] => 3
            [description] => Room
            [beds] => 1 Single Bed & 1 Queen Bed or 3 Single Beds
            [rating] => 4.4
            [image] => room_3_1_1749748535.jpg
            [image2] => /uploads/rooms/room_type_67f9739f87ef4_2.jpg
            [image3] => /uploads/rooms/room_type_67f9739f8ba32_3.jpg
            [room_status] => active
            [discount_percent] => 
            [discount_valid_until] => 
            [total_rooms] => 1
            [status] => Available
        )

)

[27-Nov-2025 13:02:02 Europe/Berlin] Error fetching discount types: SQLSTATE[42S22]: Column not found: 1054 Unknown column 'status' in 'where clause'
[27-Nov-2025 13:02:03 Europe/Berlin] Error fetching discount types: SQLSTATE[42S22]: Column not found: 1054 Unknown column 'status' in 'where clause'
[27-Nov-2025 13:02:29 Europe/Berlin] Session data: Array
(
    [redirect_url] => http://localhost/Admin/Customer/aa/login.php
    [user_id] => 40
    [user_type] => customer
    [email] => chanomabalo@gmail.com
    [csrf_token] => c5396b8152ca2cf6d58f34809e3c5cec7966253eef27e4abc490aa1223a897e1
    [booking_list] => Array
        (
            [0] => Array
                (
                    [room_type_id] => 11
                    [room_type] => Double Occupancy
                    [price] => 3200.00
                    [capacity] => 3
                    [image] => room_11_1_1749748500.jpg
                    [available_rooms] => 1
                    [quantity] => 1
                )

        )

)

[27-Nov-2025 13:02:29 Europe/Berlin] POST data: Array
(
)

[27-Nov-2025 13:02:29 Europe/Berlin] Starting getRoomTypesWithNumbers function
[27-Nov-2025 13:02:29 Europe/Berlin] Using check-in: 2025-11-27, check-out: 2025-11-28
[27-Nov-2025 13:02:29 Europe/Berlin] Active room types count: 2
[27-Nov-2025 13:02:29 Europe/Berlin] Executing SQL: SELECT 
                    rt.room_type_id, 
                    rt.room_type as room_type, 
                    rt.price, 
                    rt.capacity,
                    rt.description, 
                    rt.beds, 
                    rt.rating, 
                    rt.image,
                    rt.image2,
                    rt.image3,
                    rt.status as room_status,
                    CASE 
                        WHEN rt.discount_valid_until >= CURDATE() THEN rt.discount_percent 
                        ELSE NULL 
                    END as discount_percent,
                    rt.discount_valid_until,
                    COALESCE((
                        SELECT COUNT(*)
                        FROM room_numbers rn
                        WHERE rn.room_type_id = rt.room_type_id 
                        AND rn.status = 'active'
                    ), 0) as total_rooms,
                    CASE 
                        WHEN rt.status = 'active' THEN 'Available' 
                        ELSE 'Not Available' 
                    END as status
                FROM room_types rt
                WHERE rt.status = 'active'
                ORDER BY rt.room_type
[27-Nov-2025 13:02:29 Europe/Berlin] Found 2 active room types
[27-Nov-2025 13:02:29 Europe/Berlin] Rooms data: Array
(
    [0] => Array
        (
            [room_type_id] => 11
            [room_type] => Double Occupancy
            [price] => 3200.00
            [capacity] => 3
            [description] => Room
            [beds] => 2 Single Beds, 1 Queen bed
            [rating] => 3.7
            [image] => room_11_1_1749748500.jpg
            [image2] => 
            [image3] => 
            [room_status] => active
            [discount_percent] => 
            [discount_valid_until] => 
            [total_rooms] => 1
            [status] => Available
        )

    [1] => Array
        (
            [room_type_id] => 3
            [room_type] => Triple Occupancy
            [price] => 4200.00
            [capacity] => 3
            [description] => Room
            [beds] => 1 Single Bed & 1 Queen Bed or 3 Single Beds
            [rating] => 4.4
            [image] => room_3_1_1749748535.jpg
            [image2] => /uploads/rooms/room_type_67f9739f87ef4_2.jpg
            [image3] => /uploads/rooms/room_type_67f9739f8ba32_3.jpg
            [room_status] => active
            [discount_percent] => 
            [discount_valid_until] => 
            [total_rooms] => 1
            [status] => Available
        )

)

[27-Nov-2025 13:02:29 Europe/Berlin] Error fetching discount types: SQLSTATE[42S22]: Column not found: 1054 Unknown column 'status' in 'where clause'
[27-Nov-2025 13:02:29 Europe/Berlin] Error fetching discount types: SQLSTATE[42S22]: Column not found: 1054 Unknown column 'status' in 'where clause'
[27-Nov-2025 13:02:33 Europe/Berlin] Session data: Array
(
    [redirect_url] => http://localhost/Admin/Customer/aa/login.php
    [user_id] => 40
    [user_type] => customer
    [email] => chanomabalo@gmail.com
    [csrf_token] => c5396b8152ca2cf6d58f34809e3c5cec7966253eef27e4abc490aa1223a897e1
    [booking_list] => Array
        (
            [0] => Array
                (
                    [room_type_id] => 11
                    [room_type] => Double Occupancy
                    [price] => 3200.00
                    [capacity] => 3
                    [image] => room_11_1_1749748500.jpg
                    [available_rooms] => 1
                    [quantity] => 1
                )

            [1] => Array
                (
                    [room_type_id] => 3
                    [room_type] => Triple Occupancy
                    [price] => 4200.00
                    [capacity] => 3
                    [image] => room_3_1_1749748535.jpg
                    [available_rooms] => 1
                    [quantity] => 1
                )

        )

)

[27-Nov-2025 13:02:33 Europe/Berlin] POST data: Array
(
)

[27-Nov-2025 13:02:33 Europe/Berlin] Starting getRoomTypesWithNumbers function
[27-Nov-2025 13:02:33 Europe/Berlin] Using check-in: 2025-11-27, check-out: 2025-11-28
[27-Nov-2025 13:02:33 Europe/Berlin] Active room types count: 2
[27-Nov-2025 13:02:33 Europe/Berlin] Executing SQL: SELECT 
                    rt.room_type_id, 
                    rt.room_type as room_type, 
                    rt.price, 
                    rt.capacity,
                    rt.description, 
                    rt.beds, 
                    rt.rating, 
                    rt.image,
                    rt.image2,
                    rt.image3,
                    rt.status as room_status,
                    CASE 
                        WHEN rt.discount_valid_until >= CURDATE() THEN rt.discount_percent 
                        ELSE NULL 
                    END as discount_percent,
                    rt.discount_valid_until,
                    COALESCE((
                        SELECT COUNT(*)
                        FROM room_numbers rn
                        WHERE rn.room_type_id = rt.room_type_id 
                        AND rn.status = 'active'
                    ), 0) as total_rooms,
                    CASE 
                        WHEN rt.status = 'active' THEN 'Available' 
                        ELSE 'Not Available' 
                    END as status
                FROM room_types rt
                WHERE rt.status = 'active'
                ORDER BY rt.room_type
[27-Nov-2025 13:02:33 Europe/Berlin] Found 2 active room types
[27-Nov-2025 13:02:33 Europe/Berlin] Rooms data: Array
(
    [0] => Array
        (
            [room_type_id] => 11
            [room_type] => Double Occupancy
            [price] => 3200.00
            [capacity] => 3
            [description] => Room
            [beds] => 2 Single Beds, 1 Queen bed
            [rating] => 3.7
            [image] => room_11_1_1749748500.jpg
            [image2] => 
            [image3] => 
            [room_status] => active
            [discount_percent] => 
            [discount_valid_until] => 
            [total_rooms] => 1
            [status] => Available
        )

    [1] => Array
        (
            [room_type_id] => 3
            [room_type] => Triple Occupancy
            [price] => 4200.00
            [capacity] => 3
            [description] => Room
            [beds] => 1 Single Bed & 1 Queen Bed or 3 Single Beds
            [rating] => 4.4
            [image] => room_3_1_1749748535.jpg
            [image2] => /uploads/rooms/room_type_67f9739f87ef4_2.jpg
            [image3] => /uploads/rooms/room_type_67f9739f8ba32_3.jpg
            [room_status] => active
            [discount_percent] => 
            [discount_valid_until] => 
            [total_rooms] => 1
            [status] => Available
        )

)

[27-Nov-2025 13:02:33 Europe/Berlin] Error fetching discount types: SQLSTATE[42S22]: Column not found: 1054 Unknown column 'status' in 'where clause'
[27-Nov-2025 13:02:33 Europe/Berlin] Error fetching discount types: SQLSTATE[42S22]: Column not found: 1054 Unknown column 'status' in 'where clause'
[27-Nov-2025 13:04:15 Europe/Berlin] Session data: Array
(
    [redirect_url] => http://localhost/Admin/Customer/aa/login.php
    [user_id] => 40
    [user_type] => customer
    [email] => chanomabalo@gmail.com
    [csrf_token] => c5396b8152ca2cf6d58f34809e3c5cec7966253eef27e4abc490aa1223a897e1
)

[27-Nov-2025 13:04:15 Europe/Berlin] POST data: Array
(
)

[27-Nov-2025 13:04:15 Europe/Berlin] Starting getRoomTypesWithNumbers function
[27-Nov-2025 13:04:15 Europe/Berlin] Using check-in: 2025-11-27, check-out: 2025-11-28
[27-Nov-2025 13:04:15 Europe/Berlin] Active room types count: 2
[27-Nov-2025 13:04:15 Europe/Berlin] Executing SQL: SELECT 
                    rt.room_type_id, 
                    rt.room_type as room_type, 
                    rt.price, 
                    rt.capacity,
                    rt.description, 
                    rt.beds, 
                    rt.rating, 
                    rt.image,
                    rt.image2,
                    rt.image3,
                    rt.status as room_status,
                    CASE 
                        WHEN rt.discount_valid_until >= CURDATE() THEN rt.discount_percent 
                        ELSE NULL 
                    END as discount_percent,
                    rt.discount_valid_until,
                    COALESCE((
                        SELECT COUNT(*)
                        FROM room_numbers rn
                        WHERE rn.room_type_id = rt.room_type_id 
                        AND rn.status = 'active'
                    ), 0) as total_rooms,
                    CASE 
                        WHEN rt.status = 'active' THEN 'Available' 
                        ELSE 'Not Available' 
                    END as status
                FROM room_types rt
                WHERE rt.status = 'active'
                ORDER BY rt.room_type
[27-Nov-2025 13:04:15 Europe/Berlin] Found 2 active room types
[27-Nov-2025 13:04:15 Europe/Berlin] Rooms data: Array
(
    [0] => Array
        (
            [room_type_id] => 11
            [room_type] => Double Occupancy
            [price] => 3200.00
            [capacity] => 3
            [description] => Room
            [beds] => 2 Single Beds, 1 Queen bed
            [rating] => 3.7
            [image] => room_11_1_1749748500.jpg
            [image2] => 
            [image3] => 
            [room_status] => active
            [discount_percent] => 
            [discount_valid_until] => 
            [total_rooms] => 1
            [status] => Available
        )

    [1] => Array
        (
            [room_type_id] => 3
            [room_type] => Triple Occupancy
            [price] => 4200.00
            [capacity] => 3
            [description] => Room
            [beds] => 1 Single Bed & 1 Queen Bed or 3 Single Beds
            [rating] => 4.4
            [image] => room_3_1_1749748535.jpg
            [image2] => /uploads/rooms/room_type_67f9739f87ef4_2.jpg
            [image3] => /uploads/rooms/room_type_67f9739f8ba32_3.jpg
            [room_status] => active
            [discount_percent] => 
            [discount_valid_until] => 
            [total_rooms] => 1
            [status] => Available
        )

)

[27-Nov-2025 13:04:15 Europe/Berlin] Error fetching discount types: SQLSTATE[42S22]: Column not found: 1054 Unknown column 'status' in 'where clause'
[27-Nov-2025 13:04:15 Europe/Berlin] Error fetching discount types: SQLSTATE[42S22]: Column not found: 1054 Unknown column 'status' in 'where clause'
[27-Nov-2025 14:02:04 Europe/Berlin] Session data: Array
(
    [redirect_url] => http://localhost/Admin/Customer/aa/login.php
    [user_id] => 40
    [user_type] => customer
    [email] => chanomabalo@gmail.com
    [csrf_token] => c5396b8152ca2cf6d58f34809e3c5cec7966253eef27e4abc490aa1223a897e1
)

[27-Nov-2025 14:02:04 Europe/Berlin] POST data: Array
(
)

[27-Nov-2025 14:02:04 Europe/Berlin] Starting getRoomTypesWithNumbers function
[27-Nov-2025 14:02:04 Europe/Berlin] Using check-in: 2025-11-27, check-out: 2025-11-28
[27-Nov-2025 14:02:04 Europe/Berlin] Active room types count: 2
[27-Nov-2025 14:02:04 Europe/Berlin] Executing SQL: SELECT 
                    rt.room_type_id, 
                    rt.room_type as room_type, 
                    rt.price, 
                    rt.capacity,
                    rt.description, 
                    rt.beds, 
                    rt.rating, 
                    rt.image,
                    rt.image2,
                    rt.image3,
                    rt.status as room_status,
                    CASE 
                        WHEN rt.discount_valid_until >= CURDATE() THEN rt.discount_percent 
                        ELSE NULL 
                    END as discount_percent,
                    rt.discount_valid_until,
                    COALESCE((
                        SELECT COUNT(*)
                        FROM room_numbers rn
                        WHERE rn.room_type_id = rt.room_type_id 
                        AND rn.status = 'active'
                    ), 0) as total_rooms,
                    CASE 
                        WHEN rt.status = 'active' THEN 'Available' 
                        ELSE 'Not Available' 
                    END as status
                FROM room_types rt
                WHERE rt.status = 'active'
                ORDER BY rt.room_type
[27-Nov-2025 14:02:04 Europe/Berlin] Found 2 active room types
[27-Nov-2025 14:02:04 Europe/Berlin] Rooms data: Array
(
    [0] => Array
        (
            [room_type_id] => 11
            [room_type] => Double Occupancy
            [price] => 3200.00
            [capacity] => 3
            [description] => Room
            [beds] => 2 Single Beds, 1 Queen bed
            [rating] => 3.7
            [image] => room_11_1_1749748500.jpg
            [image2] => 
            [image3] => 
            [room_status] => active
            [discount_percent] => 
            [discount_valid_until] => 
            [total_rooms] => 1
            [status] => Available
        )

    [1] => Array
        (
            [room_type_id] => 3
            [room_type] => Triple Occupancy
            [price] => 4200.00
            [capacity] => 3
            [description] => Room
            [beds] => 1 Single Bed & 1 Queen Bed or 3 Single Beds
            [rating] => 4.4
            [image] => room_3_1_1749748535.jpg
            [image2] => /uploads/rooms/room_type_67f9739f87ef4_2.jpg
            [image3] => /uploads/rooms/room_type_67f9739f8ba32_3.jpg
            [room_status] => active
            [discount_percent] => 
            [discount_valid_until] => 
            [total_rooms] => 1
            [status] => Available
        )

)

[27-Nov-2025 14:02:04 Europe/Berlin] Error fetching discount types: SQLSTATE[42S22]: Column not found: 1054 Unknown column 'status' in 'where clause'
[27-Nov-2025 14:02:04 Europe/Berlin] Error fetching discount types: SQLSTATE[42S22]: Column not found: 1054 Unknown column 'status' in 'where clause'
[27-Nov-2025 14:08:41 Europe/Berlin] Session data: Array
(
    [redirect_url] => http://localhost/Admin/Customer/aa/login.php
    [user_id] => 40
    [user_type] => customer
    [email] => chanomabalo@gmail.com
    [csrf_token] => c5396b8152ca2cf6d58f34809e3c5cec7966253eef27e4abc490aa1223a897e1
)

[27-Nov-2025 14:08:41 Europe/Berlin] POST data: Array
(
)

[27-Nov-2025 14:08:41 Europe/Berlin] Starting getRoomTypesWithNumbers function
[27-Nov-2025 14:08:41 Europe/Berlin] Using check-in: 2025-11-27, check-out: 2025-11-28
[27-Nov-2025 14:08:41 Europe/Berlin] Active room types count: 2
[27-Nov-2025 14:08:41 Europe/Berlin] Executing SQL: SELECT 
                    rt.room_type_id, 
                    rt.room_type as room_type, 
                    rt.price, 
                    rt.capacity,
                    rt.description, 
                    rt.beds, 
                    rt.rating, 
                    rt.image,
                    rt.image2,
                    rt.image3,
                    rt.status as room_status,
                    CASE 
                        WHEN rt.discount_valid_until >= CURDATE() THEN rt.discount_percent 
                        ELSE NULL 
                    END as discount_percent,
                    rt.discount_valid_until,
                    COALESCE((
                        SELECT COUNT(*)
                        FROM room_numbers rn
                        WHERE rn.room_type_id = rt.room_type_id 
                        AND rn.status = 'active'
                    ), 0) as total_rooms,
                    CASE 
                        WHEN rt.status = 'active' THEN 'Available' 
                        ELSE 'Not Available' 
                    END as status
                FROM room_types rt
                WHERE rt.status = 'active'
                ORDER BY rt.room_type
[27-Nov-2025 14:08:41 Europe/Berlin] Found 2 active room types
[27-Nov-2025 14:08:41 Europe/Berlin] Rooms data: Array
(
    [0] => Array
        (
            [room_type_id] => 11
            [room_type] => Double Occupancy
            [price] => 3200.00
            [capacity] => 3
            [description] => Room
            [beds] => 2 Single Beds, 1 Queen bed
            [rating] => 3.7
            [image] => room_11_1_1749748500.jpg
            [image2] => 
            [image3] => 
            [room_status] => active
            [discount_percent] => 
            [discount_valid_until] => 
            [total_rooms] => 1
            [status] => Available
        )

    [1] => Array
        (
            [room_type_id] => 3
            [room_type] => Triple Occupancy
            [price] => 4200.00
            [capacity] => 3
            [description] => Room
            [beds] => 1 Single Bed & 1 Queen Bed or 3 Single Beds
            [rating] => 4.4
            [image] => room_3_1_1749748535.jpg
            [image2] => /uploads/rooms/room_type_67f9739f87ef4_2.jpg
            [image3] => /uploads/rooms/room_type_67f9739f8ba32_3.jpg
            [room_status] => active
            [discount_percent] => 
            [discount_valid_until] => 
            [total_rooms] => 1
            [status] => Available
        )

)

[27-Nov-2025 14:08:41 Europe/Berlin] Error fetching discount types: SQLSTATE[42S22]: Column not found: 1054 Unknown column 'status' in 'where clause'
[27-Nov-2025 14:08:41 Europe/Berlin] Error fetching discount types: SQLSTATE[42S22]: Column not found: 1054 Unknown column 'status' in 'where clause'
[27-Nov-2025 14:14:07 Europe/Berlin] Session data: Array
(
    [redirect_url] => http://localhost/Admin/Customer/aa/login.php
    [user_id] => 40
    [user_type] => customer
    [email] => chanomabalo@gmail.com
    [csrf_token] => c5396b8152ca2cf6d58f34809e3c5cec7966253eef27e4abc490aa1223a897e1
)

[27-Nov-2025 14:14:07 Europe/Berlin] POST data: Array
(
)

[27-Nov-2025 14:14:07 Europe/Berlin] Starting getRoomTypesWithNumbers function
[27-Nov-2025 14:14:07 Europe/Berlin] Using check-in: 2025-11-27, check-out: 2025-11-28
[27-Nov-2025 14:14:07 Europe/Berlin] Active room types count: 2
[27-Nov-2025 14:14:07 Europe/Berlin] Executing SQL: SELECT 
                    rt.room_type_id, 
                    rt.room_type as room_type, 
                    rt.price, 
                    rt.capacity,
                    rt.description, 
                    rt.beds, 
                    rt.rating, 
                    rt.image,
                    rt.image2,
                    rt.image3,
                    rt.status as room_status,
                    CASE 
                        WHEN rt.discount_valid_until >= CURDATE() THEN rt.discount_percent 
                        ELSE NULL 
                    END as discount_percent,
                    rt.discount_valid_until,
                    COALESCE((
                        SELECT COUNT(*)
                        FROM room_numbers rn
                        WHERE rn.room_type_id = rt.room_type_id 
                        AND rn.status = 'active'
                    ), 0) as total_rooms,
                    CASE 
                        WHEN rt.status = 'active' THEN 'Available' 
                        ELSE 'Not Available' 
                    END as status
                FROM room_types rt
                WHERE rt.status = 'active'
                ORDER BY rt.room_type
[27-Nov-2025 14:14:07 Europe/Berlin] Found 2 active room types
[27-Nov-2025 14:14:07 Europe/Berlin] Rooms data: Array
(
    [0] => Array
        (
            [room_type_id] => 11
            [room_type] => Double Occupancy
            [price] => 3200.00
            [capacity] => 3
            [description] => Room
            [beds] => 2 Single Beds, 1 Queen bed
            [rating] => 3.7
            [image] => room_11_1_1749748500.jpg
            [image2] => 
            [image3] => 
            [room_status] => active
            [discount_percent] => 
            [discount_valid_until] => 
            [total_rooms] => 1
            [status] => Available
        )

    [1] => Array
        (
            [room_type_id] => 3
            [room_type] => Triple Occupancy
            [price] => 4200.00
            [capacity] => 3
            [description] => Room
            [beds] => 1 Single Bed & 1 Queen Bed or 3 Single Beds
            [rating] => 4.4
            [image] => room_3_1_1749748535.jpg
            [image2] => /uploads/rooms/room_type_67f9739f87ef4_2.jpg
            [image3] => /uploads/rooms/room_type_67f9739f8ba32_3.jpg
            [room_status] => active
            [discount_percent] => 
            [discount_valid_until] => 
            [total_rooms] => 1
            [status] => Available
        )

)

[27-Nov-2025 14:14:07 Europe/Berlin] Error fetching discount types: SQLSTATE[42S22]: Column not found: 1054 Unknown column 'status' in 'where clause'
[27-Nov-2025 14:14:07 Europe/Berlin] Error fetching discount types: SQLSTATE[42S22]: Column not found: 1054 Unknown column 'status' in 'where clause'
[27-Nov-2025 14:22:33 Europe/Berlin] Session data: Array
(
    [redirect_url] => http://localhost/Admin/Customer/aa/login.php
    [user_id] => 40
    [user_type] => customer
    [email] => chanomabalo@gmail.com
    [csrf_token] => c5396b8152ca2cf6d58f34809e3c5cec7966253eef27e4abc490aa1223a897e1
)

[27-Nov-2025 14:22:34 Europe/Berlin] POST data: Array
(
)

[27-Nov-2025 14:22:34 Europe/Berlin] Starting getRoomTypesWithNumbers function
[27-Nov-2025 14:22:34 Europe/Berlin] Using check-in: 2025-11-27, check-out: 2025-11-28
[27-Nov-2025 14:22:34 Europe/Berlin] Active room types count: 2
[27-Nov-2025 14:22:34 Europe/Berlin] Executing SQL: SELECT 
                    rt.room_type_id, 
                    rt.room_type as room_type, 
                    rt.price, 
                    rt.capacity,
                    rt.description, 
                    rt.beds, 
                    rt.rating, 
                    rt.image,
                    rt.image2,
                    rt.image3,
                    rt.status as room_status,
                    CASE 
                        WHEN rt.discount_valid_until >= CURDATE() THEN rt.discount_percent 
                        ELSE NULL 
                    END as discount_percent,
                    rt.discount_valid_until,
                    COALESCE((
                        SELECT COUNT(*)
                        FROM room_numbers rn
                        WHERE rn.room_type_id = rt.room_type_id 
                        AND rn.status = 'active'
                    ), 0) as total_rooms,
                    CASE 
                        WHEN rt.status = 'active' THEN 'Available' 
                        ELSE 'Not Available' 
                    END as status
                FROM room_types rt
                WHERE rt.status = 'active'
                ORDER BY rt.room_type
[27-Nov-2025 14:22:34 Europe/Berlin] Found 2 active room types
[27-Nov-2025 14:22:34 Europe/Berlin] Rooms data: Array
(
    [0] => Array
        (
            [room_type_id] => 11
            [room_type] => Double Occupancy
            [price] => 3200.00
            [capacity] => 3
            [description] => Room
            [beds] => 2 Single Beds, 1 Queen bed
            [rating] => 3.7
            [image] => room_11_1_1749748500.jpg
            [image2] => 
            [image3] => 
            [room_status] => active
            [discount_percent] => 
            [discount_valid_until] => 
            [total_rooms] => 1
            [status] => Available
        )

    [1] => Array
        (
            [room_type_id] => 3
            [room_type] => Triple Occupancy
            [price] => 4200.00
            [capacity] => 3
            [description] => Room
            [beds] => 1 Single Bed & 1 Queen Bed or 3 Single Beds
            [rating] => 4.4
            [image] => room_3_1_1749748535.jpg
            [image2] => /uploads/rooms/room_type_67f9739f87ef4_2.jpg
            [image3] => /uploads/rooms/room_type_67f9739f8ba32_3.jpg
            [room_status] => active
            [discount_percent] => 
            [discount_valid_until] => 
            [total_rooms] => 1
            [status] => Available
        )

)

[27-Nov-2025 14:22:34 Europe/Berlin] Error fetching discount types: SQLSTATE[42S22]: Column not found: 1054 Unknown column 'status' in 'where clause'
[27-Nov-2025 14:22:34 Europe/Berlin] Error fetching discount types: SQLSTATE[42S22]: Column not found: 1054 Unknown column 'status' in 'where clause'
[27-Nov-2025 14:47:05 Europe/Berlin] Session data: Array
(
    [redirect_url] => http://localhost/Admin/Customer/aa/login.php
    [user_id] => 40
    [user_type] => customer
    [email] => chanomabalo@gmail.com
    [csrf_token] => c5396b8152ca2cf6d58f34809e3c5cec7966253eef27e4abc490aa1223a897e1
)

[27-Nov-2025 14:47:05 Europe/Berlin] POST data: Array
(
)

[27-Nov-2025 14:47:05 Europe/Berlin] Starting getRoomTypesWithNumbers function
[27-Nov-2025 14:47:05 Europe/Berlin] Using check-in: 2025-11-27, check-out: 2025-11-28
[27-Nov-2025 14:47:05 Europe/Berlin] Active room types count: 2
[27-Nov-2025 14:47:05 Europe/Berlin] Executing SQL: SELECT 
                    rt.room_type_id, 
                    rt.room_type as room_type, 
                    rt.price, 
                    rt.capacity,
                    rt.description, 
                    rt.beds, 
                    rt.rating, 
                    rt.image,
                    rt.image2,
                    rt.image3,
                    rt.status as room_status,
                    CASE 
                        WHEN rt.discount_valid_until >= CURDATE() THEN rt.discount_percent 
                        ELSE NULL 
                    END as discount_percent,
                    rt.discount_valid_until,
                    COALESCE((
                        SELECT COUNT(*)
                        FROM room_numbers rn
                        WHERE rn.room_type_id = rt.room_type_id 
                        AND rn.status = 'active'
                    ), 0) as total_rooms,
                    CASE 
                        WHEN rt.status = 'active' THEN 'Available' 
                        ELSE 'Not Available' 
                    END as status
                FROM room_types rt
                WHERE rt.status = 'active'
                ORDER BY rt.room_type
[27-Nov-2025 14:47:05 Europe/Berlin] Found 2 active room types
[27-Nov-2025 14:47:05 Europe/Berlin] Rooms data: Array
(
    [0] => Array
        (
            [room_type_id] => 11
            [room_type] => Double Occupancy
            [price] => 3200.00
            [capacity] => 3
            [description] => Room
            [beds] => 2 Single Beds, 1 Queen bed
            [rating] => 3.7
            [image] => room_11_1_1749748500.jpg
            [image2] => 
            [image3] => 
            [room_status] => active
            [discount_percent] => 
            [discount_valid_until] => 
            [total_rooms] => 1
            [status] => Available
        )

    [1] => Array
        (
            [room_type_id] => 3
            [room_type] => Triple Occupancy
            [price] => 4200.00
            [capacity] => 3
            [description] => Room
            [beds] => 1 Single Bed & 1 Queen Bed or 3 Single Beds
            [rating] => 4.4
            [image] => room_3_1_1749748535.jpg
            [image2] => /uploads/rooms/room_type_67f9739f87ef4_2.jpg
            [image3] => /uploads/rooms/room_type_67f9739f8ba32_3.jpg
            [room_status] => active
            [discount_percent] => 
            [discount_valid_until] => 
            [total_rooms] => 1
            [status] => Available
        )

)

[27-Nov-2025 14:47:05 Europe/Berlin] Error fetching discount types: SQLSTATE[42S22]: Column not found: 1054 Unknown column 'status' in 'where clause'
[27-Nov-2025 14:47:05 Europe/Berlin] Error fetching discount types: SQLSTATE[42S22]: Column not found: 1054 Unknown column 'status' in 'where clause'
[27-Nov-2025 14:51:23 Europe/Berlin] Session data: Array
(
    [redirect_url] => http://localhost/Admin/Customer/aa/login.php
    [user_id] => 40
    [user_type] => customer
    [email] => chanomabalo@gmail.com
    [csrf_token] => c5396b8152ca2cf6d58f34809e3c5cec7966253eef27e4abc490aa1223a897e1
)

[27-Nov-2025 14:51:23 Europe/Berlin] POST data: Array
(
)

[27-Nov-2025 14:51:23 Europe/Berlin] Starting getRoomTypesWithNumbers function
[27-Nov-2025 14:51:23 Europe/Berlin] Using check-in: 2025-11-27, check-out: 2025-11-28
[27-Nov-2025 14:51:23 Europe/Berlin] Active room types count: 2
[27-Nov-2025 14:51:23 Europe/Berlin] Executing SQL: SELECT 
                    rt.room_type_id, 
                    rt.room_type as room_type, 
                    rt.price, 
                    rt.capacity,
                    rt.description, 
                    rt.beds, 
                    rt.rating, 
                    rt.image,
                    rt.image2,
                    rt.image3,
                    rt.status as room_status,
                    CASE 
                        WHEN rt.discount_valid_until >= CURDATE() THEN rt.discount_percent 
                        ELSE NULL 
                    END as discount_percent,
                    rt.discount_valid_until,
                    COALESCE((
                        SELECT COUNT(*)
                        FROM room_numbers rn
                        WHERE rn.room_type_id = rt.room_type_id 
                        AND rn.status = 'active'
                    ), 0) as total_rooms,
                    CASE 
                        WHEN rt.status = 'active' THEN 'Available' 
                        ELSE 'Not Available' 
                    END as status
                FROM room_types rt
                WHERE rt.status = 'active'
                ORDER BY rt.room_type
[27-Nov-2025 14:51:23 Europe/Berlin] Found 2 active room types
[27-Nov-2025 14:51:23 Europe/Berlin] Rooms data: Array
(
    [0] => Array
        (
            [room_type_id] => 11
            [room_type] => Double Occupancy
            [price] => 3200.00
            [capacity] => 3
            [description] => Room
            [beds] => 2 Single Beds, 1 Queen bed
            [rating] => 3.7
            [image] => room_11_1_1749748500.jpg
            [image2] => 
            [image3] => 
            [room_status] => active
            [discount_percent] => 
            [discount_valid_until] => 
            [total_rooms] => 1
            [status] => Available
        )

    [1] => Array
        (
            [room_type_id] => 3
            [room_type] => Triple Occupancy
            [price] => 4200.00
            [capacity] => 3
            [description] => Room
            [beds] => 1 Single Bed & 1 Queen Bed or 3 Single Beds
            [rating] => 4.4
            [image] => room_3_1_1749748535.jpg
            [image2] => /uploads/rooms/room_type_67f9739f87ef4_2.jpg
            [image3] => /uploads/rooms/room_type_67f9739f8ba32_3.jpg
            [room_status] => active
            [discount_percent] => 
            [discount_valid_until] => 
            [total_rooms] => 1
            [status] => Available
        )

)

[27-Nov-2025 14:51:23 Europe/Berlin] Error fetching discount types: SQLSTATE[42S22]: Column not found: 1054 Unknown column 'status' in 'where clause'
[27-Nov-2025 14:51:23 Europe/Berlin] Error fetching discount types: SQLSTATE[42S22]: Column not found: 1054 Unknown column 'status' in 'where clause'
[27-Nov-2025 15:19:37 Europe/Berlin] Session data: Array
(
    [redirect_url] => http://localhost/Admin/Customer/aa/login.php
    [user_id] => 40
    [user_type] => customer
    [email] => chanomabalo@gmail.com
    [csrf_token] => c5396b8152ca2cf6d58f34809e3c5cec7966253eef27e4abc490aa1223a897e1
    [booking_data] => Array
        (
            [first_name] => 
            [last_name] => 
            [email] => 
            [phone] => 
            [check_in] => 2025-11-30
            [check_out] => 2025-12-02
            [num_adults] => 1
            [num_children] => 0
            [num_nights] => 2
            [payment_option] => Partial Payment
            [payment_method] => 
            [total_amount] => 14800.00
            [payment_amount] => 1500
            [remaining_balance] => 13300
            [room_items] => [object Object],[object Object]
        )

)

[27-Nov-2025 15:19:37 Europe/Berlin] POST data: Array
(
)

[27-Nov-2025 15:19:37 Europe/Berlin] Starting getRoomTypesWithNumbers function
[27-Nov-2025 15:19:37 Europe/Berlin] Using check-in: 2025-11-27, check-out: 2025-11-28
[27-Nov-2025 15:19:37 Europe/Berlin] Active room types count: 2
[27-Nov-2025 15:19:37 Europe/Berlin] Executing SQL: SELECT 
                    rt.room_type_id, 
                    rt.room_type as room_type, 
                    rt.price, 
                    rt.capacity,
                    rt.description, 
                    rt.beds, 
                    rt.rating, 
                    rt.image,
                    rt.image2,
                    rt.image3,
                    rt.status as room_status,
                    CASE 
                        WHEN rt.discount_valid_until >= CURDATE() THEN rt.discount_percent 
                        ELSE NULL 
                    END as discount_percent,
                    rt.discount_valid_until,
                    COALESCE((
                        SELECT COUNT(*)
                        FROM room_numbers rn
                        WHERE rn.room_type_id = rt.room_type_id 
                        AND rn.status = 'active'
                    ), 0) as total_rooms,
                    CASE 
                        WHEN rt.status = 'active' THEN 'Available' 
                        ELSE 'Not Available' 
                    END as status
                FROM room_types rt
                WHERE rt.status = 'active'
                ORDER BY rt.room_type
[27-Nov-2025 15:19:37 Europe/Berlin] Found 2 active room types
[27-Nov-2025 15:19:37 Europe/Berlin] Rooms data: Array
(
    [0] => Array
        (
            [room_type_id] => 11
            [room_type] => Double Occupancy
            [price] => 3200.00
            [capacity] => 3
            [description] => Room
            [beds] => 2 Single Beds, 1 Queen bed
            [rating] => 3.7
            [image] => room_11_1_1749748500.jpg
            [image2] => 
            [image3] => 
            [room_status] => active
            [discount_percent] => 
            [discount_valid_until] => 
            [total_rooms] => 1
            [status] => Available
        )

    [1] => Array
        (
            [room_type_id] => 3
            [room_type] => Triple Occupancy
            [price] => 4200.00
            [capacity] => 3
            [description] => Room
            [beds] => 1 Single Bed & 1 Queen Bed or 3 Single Beds
            [rating] => 4.4
            [image] => room_3_1_1749748535.jpg
            [image2] => /uploads/rooms/room_type_67f9739f87ef4_2.jpg
            [image3] => /uploads/rooms/room_type_67f9739f8ba32_3.jpg
            [room_status] => active
            [discount_percent] => 
            [discount_valid_until] => 
            [total_rooms] => 1
            [status] => Available
        )

)

[27-Nov-2025 15:19:37 Europe/Berlin] Error fetching discount types: SQLSTATE[42S22]: Column not found: 1054 Unknown column 'status' in 'where clause'
[27-Nov-2025 15:19:37 Europe/Berlin] Error fetching discount types: SQLSTATE[42S22]: Column not found: 1054 Unknown column 'status' in 'where clause'
[27-Nov-2025 15:19:41 Europe/Berlin] Session data: Array
(
    [redirect_url] => http://localhost/Admin/Customer/aa/login.php
    [user_id] => 40
    [user_type] => customer
    [email] => chanomabalo@gmail.com
    [csrf_token] => c5396b8152ca2cf6d58f34809e3c5cec7966253eef27e4abc490aa1223a897e1
    [booking_data] => Array
        (
            [first_name] => 
            [last_name] => 
            [email] => 
            [phone] => 
            [check_in] => 2025-11-30
            [check_out] => 2025-12-02
            [num_adults] => 1
            [num_children] => 0
            [num_nights] => 2
            [payment_option] => Partial Payment
            [payment_method] => 
            [total_amount] => 14800.00
            [payment_amount] => 1500
            [remaining_balance] => 13300
            [room_items] => [object Object],[object Object]
        )

    [booking_list] => Array
        (
            [0] => Array
                (
                    [room_type_id] => 11
                    [room_type] => Double Occupancy
                    [price] => 3200.00
                    [capacity] => 3
                    [image] => room_11_1_1749748500.jpg
                    [available_rooms] => 1
                    [quantity] => 1
                )

        )

)

[27-Nov-2025 15:19:41 Europe/Berlin] POST data: Array
(
)

[27-Nov-2025 15:19:41 Europe/Berlin] Starting getRoomTypesWithNumbers function
[27-Nov-2025 15:19:41 Europe/Berlin] Using check-in: 2025-11-27, check-out: 2025-11-28
[27-Nov-2025 15:19:41 Europe/Berlin] Active room types count: 2
[27-Nov-2025 15:19:41 Europe/Berlin] Executing SQL: SELECT 
                    rt.room_type_id, 
                    rt.room_type as room_type, 
                    rt.price, 
                    rt.capacity,
                    rt.description, 
                    rt.beds, 
                    rt.rating, 
                    rt.image,
                    rt.image2,
                    rt.image3,
                    rt.status as room_status,
                    CASE 
                        WHEN rt.discount_valid_until >= CURDATE() THEN rt.discount_percent 
                        ELSE NULL 
                    END as discount_percent,
                    rt.discount_valid_until,
                    COALESCE((
                        SELECT COUNT(*)
                        FROM room_numbers rn
                        WHERE rn.room_type_id = rt.room_type_id 
                        AND rn.status = 'active'
                    ), 0) as total_rooms,
                    CASE 
                        WHEN rt.status = 'active' THEN 'Available' 
                        ELSE 'Not Available' 
                    END as status
                FROM room_types rt
                WHERE rt.status = 'active'
                ORDER BY rt.room_type
[27-Nov-2025 15:19:41 Europe/Berlin] Found 2 active room types
[27-Nov-2025 15:19:41 Europe/Berlin] Rooms data: Array
(
    [0] => Array
        (
            [room_type_id] => 11
            [room_type] => Double Occupancy
            [price] => 3200.00
            [capacity] => 3
            [description] => Room
            [beds] => 2 Single Beds, 1 Queen bed
            [rating] => 3.7
            [image] => room_11_1_1749748500.jpg
            [image2] => 
            [image3] => 
            [room_status] => active
            [discount_percent] => 
            [discount_valid_until] => 
            [total_rooms] => 1
            [status] => Available
        )

    [1] => Array
        (
            [room_type_id] => 3
            [room_type] => Triple Occupancy
            [price] => 4200.00
            [capacity] => 3
            [description] => Room
            [beds] => 1 Single Bed & 1 Queen Bed or 3 Single Beds
            [rating] => 4.4
            [image] => room_3_1_1749748535.jpg
            [image2] => /uploads/rooms/room_type_67f9739f87ef4_2.jpg
            [image3] => /uploads/rooms/room_type_67f9739f8ba32_3.jpg
            [room_status] => active
            [discount_percent] => 
            [discount_valid_until] => 
            [total_rooms] => 1
            [status] => Available
        )

)

[27-Nov-2025 15:19:41 Europe/Berlin] Error fetching discount types: SQLSTATE[42S22]: Column not found: 1054 Unknown column 'status' in 'where clause'
[27-Nov-2025 15:19:41 Europe/Berlin] Error fetching discount types: SQLSTATE[42S22]: Column not found: 1054 Unknown column 'status' in 'where clause'
[27-Nov-2025 15:34:58 Europe/Berlin] Session data: Array
(
    [redirect_url] => http://localhost/Admin/Customer/aa/login.php
    [user_id] => 40
    [user_type] => customer
    [email] => chanomabalo@gmail.com
    [csrf_token] => c5396b8152ca2cf6d58f34809e3c5cec7966253eef27e4abc490aa1223a897e1
)

[27-Nov-2025 15:34:58 Europe/Berlin] POST data: Array
(
)

[27-Nov-2025 15:34:58 Europe/Berlin] Starting getRoomTypesWithNumbers function
[27-Nov-2025 15:34:58 Europe/Berlin] Using check-in: 2025-11-27, check-out: 2025-11-28
[27-Nov-2025 15:34:58 Europe/Berlin] Active room types count: 2
[27-Nov-2025 15:34:58 Europe/Berlin] Executing SQL: SELECT 
                    rt.room_type_id, 
                    rt.room_type as room_type, 
                    rt.price, 
                    rt.capacity,
                    rt.description, 
                    rt.beds, 
                    rt.rating, 
                    rt.image,
                    rt.image2,
                    rt.image3,
                    rt.status as room_status,
                    CASE 
                        WHEN rt.discount_valid_until >= CURDATE() THEN rt.discount_percent 
                        ELSE NULL 
                    END as discount_percent,
                    rt.discount_valid_until,
                    COALESCE((
                        SELECT COUNT(*)
                        FROM room_numbers rn
                        WHERE rn.room_type_id = rt.room_type_id 
                        AND rn.status = 'active'
                    ), 0) as total_rooms,
                    CASE 
                        WHEN rt.status = 'active' THEN 'Available' 
                        ELSE 'Not Available' 
                    END as status
                FROM room_types rt
                WHERE rt.status = 'active'
                ORDER BY rt.room_type
[27-Nov-2025 15:34:58 Europe/Berlin] Found 2 active room types
[27-Nov-2025 15:34:58 Europe/Berlin] Rooms data: Array
(
    [0] => Array
        (
            [room_type_id] => 11
            [room_type] => Double Occupancy
            [price] => 3200.00
            [capacity] => 3
            [description] => Room
            [beds] => 2 Single Beds, 1 Queen bed
            [rating] => 3.7
            [image] => room_11_1_1749748500.jpg
            [image2] => 
            [image3] => 
            [room_status] => active
            [discount_percent] => 
            [discount_valid_until] => 
            [total_rooms] => 1
            [status] => Available
        )

    [1] => Array
        (
            [room_type_id] => 3
            [room_type] => Triple Occupancy
            [price] => 4200.00
            [capacity] => 3
            [description] => Room
            [beds] => 1 Single Bed & 1 Queen Bed or 3 Single Beds
            [rating] => 4.4
            [image] => room_3_1_1749748535.jpg
            [image2] => /uploads/rooms/room_type_67f9739f87ef4_2.jpg
            [image3] => /uploads/rooms/room_type_67f9739f8ba32_3.jpg
            [room_status] => active
            [discount_percent] => 
            [discount_valid_until] => 
            [total_rooms] => 1
            [status] => Available
        )

)

[27-Nov-2025 15:34:58 Europe/Berlin] Error fetching discount types: SQLSTATE[42S22]: Column not found: 1054 Unknown column 'status' in 'where clause'
[27-Nov-2025 15:34:58 Europe/Berlin] Error fetching discount types: SQLSTATE[42S22]: Column not found: 1054 Unknown column 'status' in 'where clause'
[27-Nov-2025 15:35:48 Europe/Berlin] Session data: Array
(
    [redirect_url] => http://localhost/Admin/Customer/aa/login.php
    [user_id] => 40
    [user_type] => customer
    [email] => chanomabalo@gmail.com
    [csrf_token] => c5396b8152ca2cf6d58f34809e3c5cec7966253eef27e4abc490aa1223a897e1
)

[27-Nov-2025 15:35:48 Europe/Berlin] POST data: Array
(
)

[27-Nov-2025 15:35:48 Europe/Berlin] Starting getRoomTypesWithNumbers function
[27-Nov-2025 15:35:48 Europe/Berlin] Using check-in: 2025-11-27, check-out: 2025-11-28
[27-Nov-2025 15:35:48 Europe/Berlin] Active room types count: 2
[27-Nov-2025 15:35:48 Europe/Berlin] Executing SQL: SELECT 
                    rt.room_type_id, 
                    rt.room_type as room_type, 
                    rt.price, 
                    rt.capacity,
                    rt.description, 
                    rt.beds, 
                    rt.rating, 
                    rt.image,
                    rt.image2,
                    rt.image3,
                    rt.status as room_status,
                    CASE 
                        WHEN rt.discount_valid_until >= CURDATE() THEN rt.discount_percent 
                        ELSE NULL 
                    END as discount_percent,
                    rt.discount_valid_until,
                    COALESCE((
                        SELECT COUNT(*)
                        FROM room_numbers rn
                        WHERE rn.room_type_id = rt.room_type_id 
                        AND rn.status = 'active'
                    ), 0) as total_rooms,
                    CASE 
                        WHEN rt.status = 'active' THEN 'Available' 
                        ELSE 'Not Available' 
                    END as status
                FROM room_types rt
                WHERE rt.status = 'active'
                ORDER BY rt.room_type
[27-Nov-2025 15:35:48 Europe/Berlin] Found 2 active room types
[27-Nov-2025 15:35:48 Europe/Berlin] Rooms data: Array
(
    [0] => Array
        (
            [room_type_id] => 11
            [room_type] => Double Occupancy
            [price] => 3200.00
            [capacity] => 3
            [description] => Room
            [beds] => 2 Single Beds, 1 Queen bed
            [rating] => 3.7
            [image] => room_11_1_1749748500.jpg
            [image2] => 
            [image3] => 
            [room_status] => active
            [discount_percent] => 
            [discount_valid_until] => 
            [total_rooms] => 1
            [status] => Available
        )

    [1] => Array
        (
            [room_type_id] => 3
            [room_type] => Triple Occupancy
            [price] => 4200.00
            [capacity] => 3
            [description] => Room
            [beds] => 1 Single Bed & 1 Queen Bed or 3 Single Beds
            [rating] => 4.4
            [image] => room_3_1_1749748535.jpg
            [image2] => /uploads/rooms/room_type_67f9739f87ef4_2.jpg
            [image3] => /uploads/rooms/room_type_67f9739f8ba32_3.jpg
            [room_status] => active
            [discount_percent] => 
            [discount_valid_until] => 
            [total_rooms] => 1
            [status] => Available
        )

)

[27-Nov-2025 15:35:48 Europe/Berlin] Error fetching discount types: SQLSTATE[42S22]: Column not found: 1054 Unknown column 'status' in 'where clause'
[27-Nov-2025 15:35:48 Europe/Berlin] Error fetching discount types: SQLSTATE[42S22]: Column not found: 1054 Unknown column 'status' in 'where clause'
[27-Nov-2025 15:38:32 Europe/Berlin] Session data: Array
(
    [redirect_url] => http://localhost/Admin/Customer/aa/login.php
    [user_id] => 40
    [user_type] => customer
    [email] => chanomabalo@gmail.com
    [csrf_token] => c5396b8152ca2cf6d58f34809e3c5cec7966253eef27e4abc490aa1223a897e1
)

[27-Nov-2025 15:38:32 Europe/Berlin] POST data: Array
(
)

[27-Nov-2025 15:38:32 Europe/Berlin] Starting getRoomTypesWithNumbers function
[27-Nov-2025 15:38:32 Europe/Berlin] Using check-in: 2025-11-27, check-out: 2025-11-28
[27-Nov-2025 15:38:32 Europe/Berlin] Active room types count: 2
[27-Nov-2025 15:38:32 Europe/Berlin] Executing SQL: SELECT 
                    rt.room_type_id, 
                    rt.room_type as room_type, 
                    rt.price, 
                    rt.capacity,
                    rt.description, 
                    rt.beds, 
                    rt.rating, 
                    rt.image,
                    rt.image2,
                    rt.image3,
                    rt.status as room_status,
                    CASE 
                        WHEN rt.discount_valid_until >= CURDATE() THEN rt.discount_percent 
                        ELSE NULL 
                    END as discount_percent,
                    rt.discount_valid_until,
                    COALESCE((
                        SELECT COUNT(*)
                        FROM room_numbers rn
                        WHERE rn.room_type_id = rt.room_type_id 
                        AND rn.status = 'active'
                    ), 0) as total_rooms,
                    CASE 
                        WHEN rt.status = 'active' THEN 'Available' 
                        ELSE 'Not Available' 
                    END as status
                FROM room_types rt
                WHERE rt.status = 'active'
                ORDER BY rt.room_type
[27-Nov-2025 15:38:32 Europe/Berlin] Found 2 active room types
[27-Nov-2025 15:38:32 Europe/Berlin] Rooms data: Array
(
    [0] => Array
        (
            [room_type_id] => 11
            [room_type] => Double Occupancy
            [price] => 3200.00
            [capacity] => 3
            [description] => Room
            [beds] => 2 Single Beds, 1 Queen bed
            [rating] => 3.7
            [image] => room_11_1_1749748500.jpg
            [image2] => 
            [image3] => 
            [room_status] => active
            [discount_percent] => 
            [discount_valid_until] => 
            [total_rooms] => 1
            [status] => Available
        )

    [1] => Array
        (
            [room_type_id] => 3
            [room_type] => Triple Occupancy
            [price] => 4200.00
            [capacity] => 3
            [description] => Room
            [beds] => 1 Single Bed & 1 Queen Bed or 3 Single Beds
            [rating] => 4.4
            [image] => room_3_1_1749748535.jpg
            [image2] => /uploads/rooms/room_type_67f9739f87ef4_2.jpg
            [image3] => /uploads/rooms/room_type_67f9739f8ba32_3.jpg
            [room_status] => active
            [discount_percent] => 
            [discount_valid_until] => 
            [total_rooms] => 1
            [status] => Available
        )

)

[27-Nov-2025 15:38:32 Europe/Berlin] Error fetching discount types: SQLSTATE[42S22]: Column not found: 1054 Unknown column 'status' in 'where clause'
[27-Nov-2025 15:38:33 Europe/Berlin] Error fetching discount types: SQLSTATE[42S22]: Column not found: 1054 Unknown column 'status' in 'where clause'
[27-Nov-2025 15:38:52 Europe/Berlin] Session data: Array
(
    [redirect_url] => http://localhost/Admin/Customer/aa/login.php
    [user_id] => 40
    [user_type] => customer
    [email] => chanomabalo@gmail.com
    [csrf_token] => c5396b8152ca2cf6d58f34809e3c5cec7966253eef27e4abc490aa1223a897e1
    [booking_list] => Array
        (
            [0] => Array
                (
                    [room_type_id] => 11
                    [room_type] => Double Occupancy
                    [price] => 3200.00
                    [capacity] => 3
                    [image] => room_11_1_1749748500.jpg
                    [available_rooms] => 1
                    [quantity] => 1
                )

        )

)

[27-Nov-2025 15:38:52 Europe/Berlin] POST data: Array
(
)

[27-Nov-2025 15:38:52 Europe/Berlin] Starting getRoomTypesWithNumbers function
[27-Nov-2025 15:38:52 Europe/Berlin] Using check-in: 2025-11-27, check-out: 2025-11-28
[27-Nov-2025 15:38:52 Europe/Berlin] Active room types count: 2
[27-Nov-2025 15:38:52 Europe/Berlin] Executing SQL: SELECT 
                    rt.room_type_id, 
                    rt.room_type as room_type, 
                    rt.price, 
                    rt.capacity,
                    rt.description, 
                    rt.beds, 
                    rt.rating, 
                    rt.image,
                    rt.image2,
                    rt.image3,
                    rt.status as room_status,
                    CASE 
                        WHEN rt.discount_valid_until >= CURDATE() THEN rt.discount_percent 
                        ELSE NULL 
                    END as discount_percent,
                    rt.discount_valid_until,
                    COALESCE((
                        SELECT COUNT(*)
                        FROM room_numbers rn
                        WHERE rn.room_type_id = rt.room_type_id 
                        AND rn.status = 'active'
                    ), 0) as total_rooms,
                    CASE 
                        WHEN rt.status = 'active' THEN 'Available' 
                        ELSE 'Not Available' 
                    END as status
                FROM room_types rt
                WHERE rt.status = 'active'
                ORDER BY rt.room_type
[27-Nov-2025 15:38:52 Europe/Berlin] Found 2 active room types
[27-Nov-2025 15:38:52 Europe/Berlin] Rooms data: Array
(
    [0] => Array
        (
            [room_type_id] => 11
            [room_type] => Double Occupancy
            [price] => 3200.00
            [capacity] => 3
            [description] => Room
            [beds] => 2 Single Beds, 1 Queen bed
            [rating] => 3.7
            [image] => room_11_1_1749748500.jpg
            [image2] => 
            [image3] => 
            [room_status] => active
            [discount_percent] => 
            [discount_valid_until] => 
            [total_rooms] => 1
            [status] => Available
        )

    [1] => Array
        (
            [room_type_id] => 3
            [room_type] => Triple Occupancy
            [price] => 4200.00
            [capacity] => 3
            [description] => Room
            [beds] => 1 Single Bed & 1 Queen Bed or 3 Single Beds
            [rating] => 4.4
            [image] => room_3_1_1749748535.jpg
            [image2] => /uploads/rooms/room_type_67f9739f87ef4_2.jpg
            [image3] => /uploads/rooms/room_type_67f9739f8ba32_3.jpg
            [room_status] => active
            [discount_percent] => 
            [discount_valid_until] => 
            [total_rooms] => 1
            [status] => Available
        )

)

[27-Nov-2025 15:38:52 Europe/Berlin] Error fetching discount types: SQLSTATE[42S22]: Column not found: 1054 Unknown column 'status' in 'where clause'
[27-Nov-2025 15:38:53 Europe/Berlin] Error fetching discount types: SQLSTATE[42S22]: Column not found: 1054 Unknown column 'status' in 'where clause'
[27-Nov-2025 15:53:19 Europe/Berlin] Session data: Array
(
    [redirect_url] => http://localhost/Admin/Customer/aa/login.php
    [user_id] => 40
    [user_type] => customer
    [email] => chanomabalo@gmail.com
    [csrf_token] => c5396b8152ca2cf6d58f34809e3c5cec7966253eef27e4abc490aa1223a897e1
)

[27-Nov-2025 15:53:19 Europe/Berlin] POST data: Array
(
)

[27-Nov-2025 15:53:19 Europe/Berlin] Starting getRoomTypesWithNumbers function
[27-Nov-2025 15:53:19 Europe/Berlin] Using check-in: 2025-11-27, check-out: 2025-11-28
[27-Nov-2025 15:53:19 Europe/Berlin] Active room types count: 2
[27-Nov-2025 15:53:19 Europe/Berlin] Executing SQL: SELECT 
                    rt.room_type_id, 
                    rt.room_type as room_type, 
                    rt.price, 
                    rt.capacity,
                    rt.description, 
                    rt.beds, 
                    rt.rating, 
                    rt.image,
                    rt.image2,
                    rt.image3,
                    rt.status as room_status,
                    CASE 
                        WHEN rt.discount_valid_until >= CURDATE() THEN rt.discount_percent 
                        ELSE NULL 
                    END as discount_percent,
                    rt.discount_valid_until,
                    COALESCE((
                        SELECT COUNT(*)
                        FROM room_numbers rn
                        WHERE rn.room_type_id = rt.room_type_id 
                        AND rn.status = 'active'
                    ), 0) as total_rooms,
                    CASE 
                        WHEN rt.status = 'active' THEN 'Available' 
                        ELSE 'Not Available' 
                    END as status
                FROM room_types rt
                WHERE rt.status = 'active'
                ORDER BY rt.room_type
[27-Nov-2025 15:53:19 Europe/Berlin] Found 2 active room types
[27-Nov-2025 15:53:19 Europe/Berlin] Rooms data: Array
(
    [0] => Array
        (
            [room_type_id] => 11
            [room_type] => Double Occupancy
            [price] => 3200.00
            [capacity] => 3
            [description] => Room
            [beds] => 2 Single Beds, 1 Queen bed
            [rating] => 3.7
            [image] => room_11_1_1749748500.jpg
            [image2] => 
            [image3] => 
            [room_status] => active
            [discount_percent] => 
            [discount_valid_until] => 
            [total_rooms] => 1
            [status] => Available
        )

    [1] => Array
        (
            [room_type_id] => 3
            [room_type] => Triple Occupancy
            [price] => 4200.00
            [capacity] => 3
            [description] => Room
            [beds] => 1 Single Bed & 1 Queen Bed or 3 Single Beds
            [rating] => 4.4
            [image] => room_3_1_1749748535.jpg
            [image2] => /uploads/rooms/room_type_67f9739f87ef4_2.jpg
            [image3] => /uploads/rooms/room_type_67f9739f8ba32_3.jpg
            [room_status] => active
            [discount_percent] => 
            [discount_valid_until] => 
            [total_rooms] => 1
            [status] => Available
        )

)

[27-Nov-2025 15:53:19 Europe/Berlin] Error fetching discount types: SQLSTATE[42S22]: Column not found: 1054 Unknown column 'status' in 'where clause'
[27-Nov-2025 15:53:19 Europe/Berlin] Error fetching discount types: SQLSTATE[42S22]: Column not found: 1054 Unknown column 'status' in 'where clause'
[27-Nov-2025 16:06:57 Europe/Berlin] Session data: Array
(
    [redirect_url] => http://localhost/Admin/Customer/aa/login.php
    [user_id] => 40
    [user_type] => customer
    [email] => chanomabalo@gmail.com
    [csrf_token] => c5396b8152ca2cf6d58f34809e3c5cec7966253eef27e4abc490aa1223a897e1
)

[27-Nov-2025 16:06:57 Europe/Berlin] POST data: Array
(
)

[27-Nov-2025 16:06:57 Europe/Berlin] Starting getRoomTypesWithNumbers function
[27-Nov-2025 16:06:57 Europe/Berlin] Using check-in: 2025-11-27, check-out: 2025-11-28
[27-Nov-2025 16:06:57 Europe/Berlin] Active room types count: 2
[27-Nov-2025 16:06:57 Europe/Berlin] Executing SQL: SELECT 
                    rt.room_type_id, 
                    rt.room_type as room_type, 
                    rt.price, 
                    rt.capacity,
                    rt.description, 
                    rt.beds, 
                    rt.rating, 
                    rt.image,
                    rt.image2,
                    rt.image3,
                    rt.status as room_status,
                    CASE 
                        WHEN rt.discount_valid_until >= CURDATE() THEN rt.discount_percent 
                        ELSE NULL 
                    END as discount_percent,
                    rt.discount_valid_until,
                    COALESCE((
                        SELECT COUNT(*)
                        FROM room_numbers rn
                        WHERE rn.room_type_id = rt.room_type_id 
                        AND rn.status = 'active'
                    ), 0) as total_rooms,
                    CASE 
                        WHEN rt.status = 'active' THEN 'Available' 
                        ELSE 'Not Available' 
                    END as status
                FROM room_types rt
                WHERE rt.status = 'active'
                ORDER BY rt.room_type
[27-Nov-2025 16:06:57 Europe/Berlin] Found 2 active room types
[27-Nov-2025 16:06:57 Europe/Berlin] Rooms data: Array
(
    [0] => Array
        (
            [room_type_id] => 11
            [room_type] => Double Occupancy
            [price] => 3200.00
            [capacity] => 3
            [description] => Room
            [beds] => 2 Single Beds, 1 Queen bed
            [rating] => 3.7
            [image] => room_11_1_1749748500.jpg
            [image2] => 
            [image3] => 
            [room_status] => active
            [discount_percent] => 
            [discount_valid_until] => 
            [total_rooms] => 1
            [status] => Available
        )

    [1] => Array
        (
            [room_type_id] => 3
            [room_type] => Triple Occupancy
            [price] => 4200.00
            [capacity] => 3
            [description] => Room
            [beds] => 1 Single Bed & 1 Queen Bed or 3 Single Beds
            [rating] => 4.4
            [image] => room_3_1_1749748535.jpg
            [image2] => /uploads/rooms/room_type_67f9739f87ef4_2.jpg
            [image3] => /uploads/rooms/room_type_67f9739f8ba32_3.jpg
            [room_status] => active
            [discount_percent] => 
            [discount_valid_until] => 
            [total_rooms] => 1
            [status] => Available
        )

)

[27-Nov-2025 16:06:57 Europe/Berlin] Error fetching discount types: SQLSTATE[42S22]: Column not found: 1054 Unknown column 'status' in 'where clause'
[27-Nov-2025 16:06:57 Europe/Berlin] Error fetching discount types: SQLSTATE[42S22]: Column not found: 1054 Unknown column 'status' in 'where clause'
[27-Nov-2025 16:07:03 Europe/Berlin] Session data: Array
(
    [redirect_url] => http://localhost/Admin/Customer/aa/login.php
    [user_id] => 40
    [user_type] => customer
    [email] => chanomabalo@gmail.com
    [csrf_token] => c5396b8152ca2cf6d58f34809e3c5cec7966253eef27e4abc490aa1223a897e1
    [booking_list] => Array
        (
            [0] => Array
                (
                    [room_type_id] => 11
                    [room_type] => Double Occupancy
                    [price] => 3200.00
                    [capacity] => 3
                    [image] => room_11_1_1749748500.jpg
                    [available_rooms] => 1
                    [quantity] => 1
                )

        )

)

[27-Nov-2025 16:07:03 Europe/Berlin] POST data: Array
(
)

[27-Nov-2025 16:07:03 Europe/Berlin] Starting getRoomTypesWithNumbers function
[27-Nov-2025 16:07:03 Europe/Berlin] Using check-in: 2025-11-27, check-out: 2025-11-28
[27-Nov-2025 16:07:03 Europe/Berlin] Active room types count: 2
[27-Nov-2025 16:07:03 Europe/Berlin] Executing SQL: SELECT 
                    rt.room_type_id, 
                    rt.room_type as room_type, 
                    rt.price, 
                    rt.capacity,
                    rt.description, 
                    rt.beds, 
                    rt.rating, 
                    rt.image,
                    rt.image2,
                    rt.image3,
                    rt.status as room_status,
                    CASE 
                        WHEN rt.discount_valid_until >= CURDATE() THEN rt.discount_percent 
                        ELSE NULL 
                    END as discount_percent,
                    rt.discount_valid_until,
                    COALESCE((
                        SELECT COUNT(*)
                        FROM room_numbers rn
                        WHERE rn.room_type_id = rt.room_type_id 
                        AND rn.status = 'active'
                    ), 0) as total_rooms,
                    CASE 
                        WHEN rt.status = 'active' THEN 'Available' 
                        ELSE 'Not Available' 
                    END as status
                FROM room_types rt
                WHERE rt.status = 'active'
                ORDER BY rt.room_type
[27-Nov-2025 16:07:03 Europe/Berlin] Found 2 active room types
[27-Nov-2025 16:07:03 Europe/Berlin] Rooms data: Array
(
    [0] => Array
        (
            [room_type_id] => 11
            [room_type] => Double Occupancy
            [price] => 3200.00
            [capacity] => 3
            [description] => Room
            [beds] => 2 Single Beds, 1 Queen bed
            [rating] => 3.7
            [image] => room_11_1_1749748500.jpg
            [image2] => 
            [image3] => 
            [room_status] => active
            [discount_percent] => 
            [discount_valid_until] => 
            [total_rooms] => 1
            [status] => Available
        )

    [1] => Array
        (
            [room_type_id] => 3
            [room_type] => Triple Occupancy
            [price] => 4200.00
            [capacity] => 3
            [description] => Room
            [beds] => 1 Single Bed & 1 Queen Bed or 3 Single Beds
            [rating] => 4.4
            [image] => room_3_1_1749748535.jpg
            [image2] => /uploads/rooms/room_type_67f9739f87ef4_2.jpg
            [image3] => /uploads/rooms/room_type_67f9739f8ba32_3.jpg
            [room_status] => active
            [discount_percent] => 
            [discount_valid_until] => 
            [total_rooms] => 1
            [status] => Available
        )

)

[27-Nov-2025 16:07:03 Europe/Berlin] Error fetching discount types: SQLSTATE[42S22]: Column not found: 1054 Unknown column 'status' in 'where clause'
[27-Nov-2025 16:07:03 Europe/Berlin] Error fetching discount types: SQLSTATE[42S22]: Column not found: 1054 Unknown column 'status' in 'where clause'
[27-Nov-2025 16:07:06 Europe/Berlin] Session data: Array
(
    [redirect_url] => http://localhost/Admin/Customer/aa/login.php
    [user_id] => 40
    [user_type] => customer
    [email] => chanomabalo@gmail.com
    [csrf_token] => c5396b8152ca2cf6d58f34809e3c5cec7966253eef27e4abc490aa1223a897e1
    [booking_list] => Array
        (
            [0] => Array
                (
                    [room_type_id] => 11
                    [room_type] => Double Occupancy
                    [price] => 3200.00
                    [capacity] => 3
                    [image] => room_11_1_1749748500.jpg
                    [available_rooms] => 1
                    [quantity] => 1
                )

            [1] => Array
                (
                    [room_type_id] => 3
                    [room_type] => Triple Occupancy
                    [price] => 4200.00
                    [capacity] => 3
                    [image] => room_3_1_1749748535.jpg
                    [available_rooms] => 1
                    [quantity] => 1
                )

        )

)

[27-Nov-2025 16:07:06 Europe/Berlin] POST data: Array
(
)

[27-Nov-2025 16:07:06 Europe/Berlin] Starting getRoomTypesWithNumbers function
[27-Nov-2025 16:07:06 Europe/Berlin] Using check-in: 2025-11-27, check-out: 2025-11-28
[27-Nov-2025 16:07:06 Europe/Berlin] Active room types count: 2
[27-Nov-2025 16:07:06 Europe/Berlin] Executing SQL: SELECT 
                    rt.room_type_id, 
                    rt.room_type as room_type, 
                    rt.price, 
                    rt.capacity,
                    rt.description, 
                    rt.beds, 
                    rt.rating, 
                    rt.image,
                    rt.image2,
                    rt.image3,
                    rt.status as room_status,
                    CASE 
                        WHEN rt.discount_valid_until >= CURDATE() THEN rt.discount_percent 
                        ELSE NULL 
                    END as discount_percent,
                    rt.discount_valid_until,
                    COALESCE((
                        SELECT COUNT(*)
                        FROM room_numbers rn
                        WHERE rn.room_type_id = rt.room_type_id 
                        AND rn.status = 'active'
                    ), 0) as total_rooms,
                    CASE 
                        WHEN rt.status = 'active' THEN 'Available' 
                        ELSE 'Not Available' 
                    END as status
                FROM room_types rt
                WHERE rt.status = 'active'
                ORDER BY rt.room_type
[27-Nov-2025 16:07:06 Europe/Berlin] Found 2 active room types
[27-Nov-2025 16:07:06 Europe/Berlin] Rooms data: Array
(
    [0] => Array
        (
            [room_type_id] => 11
            [room_type] => Double Occupancy
            [price] => 3200.00
            [capacity] => 3
            [description] => Room
            [beds] => 2 Single Beds, 1 Queen bed
            [rating] => 3.7
            [image] => room_11_1_1749748500.jpg
            [image2] => 
            [image3] => 
            [room_status] => active
            [discount_percent] => 
            [discount_valid_until] => 
            [total_rooms] => 1
            [status] => Available
        )

    [1] => Array
        (
            [room_type_id] => 3
            [room_type] => Triple Occupancy
            [price] => 4200.00
            [capacity] => 3
            [description] => Room
            [beds] => 1 Single Bed & 1 Queen Bed or 3 Single Beds
            [rating] => 4.4
            [image] => room_3_1_1749748535.jpg
            [image2] => /uploads/rooms/room_type_67f9739f87ef4_2.jpg
            [image3] => /uploads/rooms/room_type_67f9739f8ba32_3.jpg
            [room_status] => active
            [discount_percent] => 
            [discount_valid_until] => 
            [total_rooms] => 1
            [status] => Available
        )

)

[27-Nov-2025 16:07:06 Europe/Berlin] Error fetching discount types: SQLSTATE[42S22]: Column not found: 1054 Unknown column 'status' in 'where clause'
[27-Nov-2025 16:07:06 Europe/Berlin] Error fetching discount types: SQLSTATE[42S22]: Column not found: 1054 Unknown column 'status' in 'where clause'
[27-Nov-2025 16:16:04 Europe/Berlin] Session data: Array
(
    [redirect_url] => http://localhost/Admin/Customer/aa/login.php
    [user_id] => 40
    [user_type] => customer
    [email] => chanomabalo@gmail.com
    [csrf_token] => c5396b8152ca2cf6d58f34809e3c5cec7966253eef27e4abc490aa1223a897e1
)

[27-Nov-2025 16:16:04 Europe/Berlin] POST data: Array
(
)

[27-Nov-2025 16:16:04 Europe/Berlin] Starting getRoomTypesWithNumbers function
[27-Nov-2025 16:16:04 Europe/Berlin] Using check-in: 2025-11-27, check-out: 2025-11-28
[27-Nov-2025 16:16:04 Europe/Berlin] Active room types count: 2
[27-Nov-2025 16:16:04 Europe/Berlin] Executing SQL: SELECT 
                    rt.room_type_id, 
                    rt.room_type as room_type, 
                    rt.price, 
                    rt.capacity,
                    rt.description, 
                    rt.beds, 
                    rt.rating, 
                    rt.image,
                    rt.image2,
                    rt.image3,
                    rt.status as room_status,
                    CASE 
                        WHEN rt.discount_valid_until >= CURDATE() THEN rt.discount_percent 
                        ELSE NULL 
                    END as discount_percent,
                    rt.discount_valid_until,
                    COALESCE((
                        SELECT COUNT(*)
                        FROM room_numbers rn
                        WHERE rn.room_type_id = rt.room_type_id 
                        AND rn.status = 'active'
                    ), 0) as total_rooms,
                    CASE 
                        WHEN rt.status = 'active' THEN 'Available' 
                        ELSE 'Not Available' 
                    END as status
                FROM room_types rt
                WHERE rt.status = 'active'
                ORDER BY rt.room_type
[27-Nov-2025 16:16:04 Europe/Berlin] Found 2 active room types
[27-Nov-2025 16:16:04 Europe/Berlin] Rooms data: Array
(
    [0] => Array
        (
            [room_type_id] => 11
            [room_type] => Double Occupancy
            [price] => 3200.00
            [capacity] => 3
            [description] => Room
            [beds] => 2 Single Beds, 1 Queen bed
            [rating] => 3.7
            [image] => room_11_1_1749748500.jpg
            [image2] => 
            [image3] => 
            [room_status] => active
            [discount_percent] => 
            [discount_valid_until] => 
            [total_rooms] => 1
            [status] => Available
        )

    [1] => Array
        (
            [room_type_id] => 3
            [room_type] => Triple Occupancy
            [price] => 4200.00
            [capacity] => 3
            [description] => Room
            [beds] => 1 Single Bed & 1 Queen Bed or 3 Single Beds
            [rating] => 4.4
            [image] => room_3_1_1749748535.jpg
            [image2] => /uploads/rooms/room_type_67f9739f87ef4_2.jpg
            [image3] => /uploads/rooms/room_type_67f9739f8ba32_3.jpg
            [room_status] => active
            [discount_percent] => 
            [discount_valid_until] => 
            [total_rooms] => 1
            [status] => Available
        )

)

[27-Nov-2025 16:16:04 Europe/Berlin] Error fetching discount types: SQLSTATE[42S22]: Column not found: 1054 Unknown column 'status' in 'where clause'
[27-Nov-2025 16:16:04 Europe/Berlin] Error fetching discount types: SQLSTATE[42S22]: Column not found: 1054 Unknown column 'status' in 'where clause'
[27-Nov-2025 16:19:08 Europe/Berlin] Session data: Array
(
    [redirect_url] => http://localhost/Admin/Customer/aa/login.php
    [user_id] => 40
    [user_type] => customer
    [email] => chanomabalo@gmail.com
    [csrf_token] => c5396b8152ca2cf6d58f34809e3c5cec7966253eef27e4abc490aa1223a897e1
    [booking_data] => Array
        (
            [first_name] => Kenjo%20Test
            [last_name] => 
            [email] => 
            [phone] => 
            [check_in] => 2025-12-02
            [check_out] => 2025-12-03
            [num_adults] => 1
            [num_children] => 0
            [num_nights] => 1
            [payment_option] => Partial Payment
            [payment_method] => 
            [total_amount] => 7400.00
            [payment_amount] => 1500
            [remaining_balance] => 5900
            [room_items] => [object Object],[object Object]
            [guest_name] => Kenjo%20Test
            [room_type_id] => 11
            [guests] => [object Object]
        )

)

[27-Nov-2025 16:19:08 Europe/Berlin] POST data: Array
(
)

[27-Nov-2025 16:19:08 Europe/Berlin] Starting getRoomTypesWithNumbers function
[27-Nov-2025 16:19:08 Europe/Berlin] Using check-in: 2025-11-27, check-out: 2025-11-28
[27-Nov-2025 16:19:08 Europe/Berlin] Active room types count: 2
[27-Nov-2025 16:19:08 Europe/Berlin] Executing SQL: SELECT 
                    rt.room_type_id, 
                    rt.room_type as room_type, 
                    rt.price, 
                    rt.capacity,
                    rt.description, 
                    rt.beds, 
                    rt.rating, 
                    rt.image,
                    rt.image2,
                    rt.image3,
                    rt.status as room_status,
                    CASE 
                        WHEN rt.discount_valid_until >= CURDATE() THEN rt.discount_percent 
                        ELSE NULL 
                    END as discount_percent,
                    rt.discount_valid_until,
                    COALESCE((
                        SELECT COUNT(*)
                        FROM room_numbers rn
                        WHERE rn.room_type_id = rt.room_type_id 
                        AND rn.status = 'active'
                    ), 0) as total_rooms,
                    CASE 
                        WHEN rt.status = 'active' THEN 'Available' 
                        ELSE 'Not Available' 
                    END as status
                FROM room_types rt
                WHERE rt.status = 'active'
                ORDER BY rt.room_type
[27-Nov-2025 16:19:08 Europe/Berlin] Found 2 active room types
[27-Nov-2025 16:19:08 Europe/Berlin] Rooms data: Array
(
    [0] => Array
        (
            [room_type_id] => 11
            [room_type] => Double Occupancy
            [price] => 3200.00
            [capacity] => 3
            [description] => Room
            [beds] => 2 Single Beds, 1 Queen bed
            [rating] => 3.7
            [image] => room_11_1_1749748500.jpg
            [image2] => 
            [image3] => 
            [room_status] => active
            [discount_percent] => 
            [discount_valid_until] => 
            [total_rooms] => 1
            [status] => Available
        )

    [1] => Array
        (
            [room_type_id] => 3
            [room_type] => Triple Occupancy
            [price] => 4200.00
            [capacity] => 3
            [description] => Room
            [beds] => 1 Single Bed & 1 Queen Bed or 3 Single Beds
            [rating] => 4.4
            [image] => room_3_1_1749748535.jpg
            [image2] => /uploads/rooms/room_type_67f9739f87ef4_2.jpg
            [image3] => /uploads/rooms/room_type_67f9739f8ba32_3.jpg
            [room_status] => active
            [discount_percent] => 
            [discount_valid_until] => 
            [total_rooms] => 1
            [status] => Available
        )

)

[27-Nov-2025 16:19:08 Europe/Berlin] Error fetching discount types: SQLSTATE[42S22]: Column not found: 1054 Unknown column 'status' in 'where clause'
[27-Nov-2025 16:19:08 Europe/Berlin] Error fetching discount types: SQLSTATE[42S22]: Column not found: 1054 Unknown column 'status' in 'where clause'
[27-Nov-2025 16:19:11 Europe/Berlin] Session data: Array
(
    [redirect_url] => http://localhost/Admin/Customer/aa/login.php
    [user_id] => 40
    [user_type] => customer
    [email] => chanomabalo@gmail.com
    [csrf_token] => c5396b8152ca2cf6d58f34809e3c5cec7966253eef27e4abc490aa1223a897e1
    [booking_data] => Array
        (
            [first_name] => Kenjo%20Test
            [last_name] => 
            [email] => 
            [phone] => 
            [check_in] => 2025-12-02
            [check_out] => 2025-12-03
            [num_adults] => 1
            [num_children] => 0
            [num_nights] => 1
            [payment_option] => Partial Payment
            [payment_method] => 
            [total_amount] => 7400.00
            [payment_amount] => 1500
            [remaining_balance] => 5900
            [room_items] => [object Object],[object Object]
            [guest_name] => Kenjo%20Test
            [room_type_id] => 11
            [guests] => [object Object]
        )

    [booking_list] => Array
        (
            [0] => Array
                (
                    [room_type_id] => 11
                    [room_type] => Double Occupancy
                    [price] => 3200.00
                    [capacity] => 3
                    [image] => room_11_1_1749748500.jpg
                    [available_rooms] => 1
                    [quantity] => 1
                )

        )

)

[27-Nov-2025 16:19:11 Europe/Berlin] POST data: Array
(
)

[27-Nov-2025 16:19:11 Europe/Berlin] Starting getRoomTypesWithNumbers function
[27-Nov-2025 16:19:11 Europe/Berlin] Using check-in: 2025-11-27, check-out: 2025-11-28
[27-Nov-2025 16:19:11 Europe/Berlin] Active room types count: 2
[27-Nov-2025 16:19:11 Europe/Berlin] Executing SQL: SELECT 
                    rt.room_type_id, 
                    rt.room_type as room_type, 
                    rt.price, 
                    rt.capacity,
                    rt.description, 
                    rt.beds, 
                    rt.rating, 
                    rt.image,
                    rt.image2,
                    rt.image3,
                    rt.status as room_status,
                    CASE 
                        WHEN rt.discount_valid_until >= CURDATE() THEN rt.discount_percent 
                        ELSE NULL 
                    END as discount_percent,
                    rt.discount_valid_until,
                    COALESCE((
                        SELECT COUNT(*)
                        FROM room_numbers rn
                        WHERE rn.room_type_id = rt.room_type_id 
                        AND rn.status = 'active'
                    ), 0) as total_rooms,
                    CASE 
                        WHEN rt.status = 'active' THEN 'Available' 
                        ELSE 'Not Available' 
                    END as status
                FROM room_types rt
                WHERE rt.status = 'active'
                ORDER BY rt.room_type
[27-Nov-2025 16:19:11 Europe/Berlin] Found 2 active room types
[27-Nov-2025 16:19:11 Europe/Berlin] Rooms data: Array
(
    [0] => Array
        (
            [room_type_id] => 11
            [room_type] => Double Occupancy
            [price] => 3200.00
            [capacity] => 3
            [description] => Room
            [beds] => 2 Single Beds, 1 Queen bed
            [rating] => 3.7
            [image] => room_11_1_1749748500.jpg
            [image2] => 
            [image3] => 
            [room_status] => active
            [discount_percent] => 
            [discount_valid_until] => 
            [total_rooms] => 1
            [status] => Available
        )

    [1] => Array
        (
            [room_type_id] => 3
            [room_type] => Triple Occupancy
            [price] => 4200.00
            [capacity] => 3
            [description] => Room
            [beds] => 1 Single Bed & 1 Queen Bed or 3 Single Beds
            [rating] => 4.4
            [image] => room_3_1_1749748535.jpg
            [image2] => /uploads/rooms/room_type_67f9739f87ef4_2.jpg
            [image3] => /uploads/rooms/room_type_67f9739f8ba32_3.jpg
            [room_status] => active
            [discount_percent] => 
            [discount_valid_until] => 
            [total_rooms] => 1
            [status] => Available
        )

)

[27-Nov-2025 16:19:11 Europe/Berlin] Error fetching discount types: SQLSTATE[42S22]: Column not found: 1054 Unknown column 'status' in 'where clause'
[27-Nov-2025 16:19:11 Europe/Berlin] Error fetching discount types: SQLSTATE[42S22]: Column not found: 1054 Unknown column 'status' in 'where clause'
[27-Nov-2025 16:19:14 Europe/Berlin] Session data: Array
(
    [redirect_url] => http://localhost/Admin/Customer/aa/login.php
    [user_id] => 40
    [user_type] => customer
    [email] => chanomabalo@gmail.com
    [csrf_token] => c5396b8152ca2cf6d58f34809e3c5cec7966253eef27e4abc490aa1223a897e1
    [booking_data] => Array
        (
            [first_name] => Kenjo%20Test
            [last_name] => 
            [email] => 
            [phone] => 
            [check_in] => 2025-12-02
            [check_out] => 2025-12-03
            [num_adults] => 1
            [num_children] => 0
            [num_nights] => 1
            [payment_option] => Partial Payment
            [payment_method] => 
            [total_amount] => 7400.00
            [payment_amount] => 1500
            [remaining_balance] => 5900
            [room_items] => [object Object],[object Object]
            [guest_name] => Kenjo%20Test
            [room_type_id] => 11
            [guests] => [object Object]
        )

    [booking_list] => Array
        (
            [0] => Array
                (
                    [room_type_id] => 11
                    [room_type] => Double Occupancy
                    [price] => 3200.00
                    [capacity] => 3
                    [image] => room_11_1_1749748500.jpg
                    [available_rooms] => 1
                    [quantity] => 1
                )

            [1] => Array
                (
                    [room_type_id] => 3
                    [room_type] => Triple Occupancy
                    [price] => 4200.00
                    [capacity] => 3
                    [image] => room_3_1_1749748535.jpg
                    [available_rooms] => 1
                    [quantity] => 1
                )

        )

)

[27-Nov-2025 16:19:14 Europe/Berlin] POST data: Array
(
)

[27-Nov-2025 16:19:14 Europe/Berlin] Starting getRoomTypesWithNumbers function
[27-Nov-2025 16:19:14 Europe/Berlin] Using check-in: 2025-11-27, check-out: 2025-11-28
[27-Nov-2025 16:19:14 Europe/Berlin] Active room types count: 2
[27-Nov-2025 16:19:14 Europe/Berlin] Executing SQL: SELECT 
                    rt.room_type_id, 
                    rt.room_type as room_type, 
                    rt.price, 
                    rt.capacity,
                    rt.description, 
                    rt.beds, 
                    rt.rating, 
                    rt.image,
                    rt.image2,
                    rt.image3,
                    rt.status as room_status,
                    CASE 
                        WHEN rt.discount_valid_until >= CURDATE() THEN rt.discount_percent 
                        ELSE NULL 
                    END as discount_percent,
                    rt.discount_valid_until,
                    COALESCE((
                        SELECT COUNT(*)
                        FROM room_numbers rn
                        WHERE rn.room_type_id = rt.room_type_id 
                        AND rn.status = 'active'
                    ), 0) as total_rooms,
                    CASE 
                        WHEN rt.status = 'active' THEN 'Available' 
                        ELSE 'Not Available' 
                    END as status
                FROM room_types rt
                WHERE rt.status = 'active'
                ORDER BY rt.room_type
[27-Nov-2025 16:19:14 Europe/Berlin] Found 2 active room types
[27-Nov-2025 16:19:14 Europe/Berlin] Rooms data: Array
(
    [0] => Array
        (
            [room_type_id] => 11
            [room_type] => Double Occupancy
            [price] => 3200.00
            [capacity] => 3
            [description] => Room
            [beds] => 2 Single Beds, 1 Queen bed
            [rating] => 3.7
            [image] => room_11_1_1749748500.jpg
            [image2] => 
            [image3] => 
            [room_status] => active
            [discount_percent] => 
            [discount_valid_until] => 
            [total_rooms] => 1
            [status] => Available
        )

    [1] => Array
        (
            [room_type_id] => 3
            [room_type] => Triple Occupancy
            [price] => 4200.00
            [capacity] => 3
            [description] => Room
            [beds] => 1 Single Bed & 1 Queen Bed or 3 Single Beds
            [rating] => 4.4
            [image] => room_3_1_1749748535.jpg
            [image2] => /uploads/rooms/room_type_67f9739f87ef4_2.jpg
            [image3] => /uploads/rooms/room_type_67f9739f8ba32_3.jpg
            [room_status] => active
            [discount_percent] => 
            [discount_valid_until] => 
            [total_rooms] => 1
            [status] => Available
        )

)

[27-Nov-2025 16:19:14 Europe/Berlin] Error fetching discount types: SQLSTATE[42S22]: Column not found: 1054 Unknown column 'status' in 'where clause'
[27-Nov-2025 16:19:14 Europe/Berlin] Error fetching discount types: SQLSTATE[42S22]: Column not found: 1054 Unknown column 'status' in 'where clause'
[27-Nov-2025 16:25:22 Europe/Berlin] Session data: Array
(
    [redirect_url] => http://localhost/Admin/Customer/aa/login.php
    [user_id] => 40
    [user_type] => customer
    [email] => chanomabalo@gmail.com
    [csrf_token] => c5396b8152ca2cf6d58f34809e3c5cec7966253eef27e4abc490aa1223a897e1
    [booking_data] => Array
        (
            [first_name] => 
            [last_name] => 
            [email] => 
            [phone] => 
            [check_in] => 2026-01-05
            [check_out] => 2026-01-06
            [num_adults] => 1
            [num_children] => 0
            [num_nights] => 1
            [payment_option] => Partial Payment
            [payment_method] => 
            [total_amount] => 7400.00
            [payment_amount] => 7400
            [remaining_balance] => 0
            [room_items] => [object Object],[object Object]
            [room_type_id] => 11
        )

    [booking_list] => Array
        (
            [0] => Array
                (
                    [room_type_id] => 11
                    [room_type] => Double Occupancy
                    [price] => 3200.00
                    [capacity] => 3
                    [image] => room_11_1_1749748500.jpg
                    [available_rooms] => 1
                    [quantity] => 1
                    [available] => 1
                )

            [1] => Array
                (
                    [room_type_id] => 3
                    [room_type] => Triple Occupancy
                    [price] => 4200.00
                    [capacity] => 3
                    [image] => room_3_1_1749748535.jpg
                    [available_rooms] => 1
                    [quantity] => 1
                    [available] => 1
                )

        )

)

[27-Nov-2025 16:25:22 Europe/Berlin] POST data: Array
(
)

[27-Nov-2025 16:25:22 Europe/Berlin] Starting getRoomTypesWithNumbers function
[27-Nov-2025 16:25:22 Europe/Berlin] Using check-in: 2025-11-27, check-out: 2025-11-28
[27-Nov-2025 16:25:22 Europe/Berlin] Active room types count: 2
[27-Nov-2025 16:25:22 Europe/Berlin] Executing SQL: SELECT 
                    rt.room_type_id, 
                    rt.room_type as room_type, 
                    rt.price, 
                    rt.capacity,
                    rt.description, 
                    rt.beds, 
                    rt.rating, 
                    rt.image,
                    rt.image2,
                    rt.image3,
                    rt.status as room_status,
                    CASE 
                        WHEN rt.discount_valid_until >= CURDATE() THEN rt.discount_percent 
                        ELSE NULL 
                    END as discount_percent,
                    rt.discount_valid_until,
                    COALESCE((
                        SELECT COUNT(*)
                        FROM room_numbers rn
                        WHERE rn.room_type_id = rt.room_type_id 
                        AND rn.status = 'active'
                    ), 0) as total_rooms,
                    CASE 
                        WHEN rt.status = 'active' THEN 'Available' 
                        ELSE 'Not Available' 
                    END as status
                FROM room_types rt
                WHERE rt.status = 'active'
                ORDER BY rt.room_type
[27-Nov-2025 16:25:22 Europe/Berlin] Found 2 active room types
[27-Nov-2025 16:25:22 Europe/Berlin] Rooms data: Array
(
    [0] => Array
        (
            [room_type_id] => 11
            [room_type] => Double Occupancy
            [price] => 3200.00
            [capacity] => 3
            [description] => Room
            [beds] => 2 Single Beds, 1 Queen bed
            [rating] => 3.7
            [image] => room_11_1_1749748500.jpg
            [image2] => 
            [image3] => 
            [room_status] => active
            [discount_percent] => 
            [discount_valid_until] => 
            [total_rooms] => 1
            [status] => Available
        )

    [1] => Array
        (
            [room_type_id] => 3
            [room_type] => Triple Occupancy
            [price] => 4200.00
            [capacity] => 3
            [description] => Room
            [beds] => 1 Single Bed & 1 Queen Bed or 3 Single Beds
            [rating] => 4.4
            [image] => room_3_1_1749748535.jpg
            [image2] => /uploads/rooms/room_type_67f9739f87ef4_2.jpg
            [image3] => /uploads/rooms/room_type_67f9739f8ba32_3.jpg
            [room_status] => active
            [discount_percent] => 
            [discount_valid_until] => 
            [total_rooms] => 1
            [status] => Available
        )

)

[27-Nov-2025 16:25:22 Europe/Berlin] Error fetching discount types: SQLSTATE[42S22]: Column not found: 1054 Unknown column 'status' in 'where clause'
[27-Nov-2025 16:25:22 Europe/Berlin] Error fetching discount types: SQLSTATE[42S22]: Column not found: 1054 Unknown column 'status' in 'where clause'
[27-Nov-2025 16:36:52 Europe/Berlin] Session data: Array
(
    [redirect_url] => http://localhost/Admin/Customer/aa/login.php
    [user_id] => 40
    [user_type] => customer
    [email] => chanomabalo@gmail.com
    [csrf_token] => c5396b8152ca2cf6d58f34809e3c5cec7966253eef27e4abc490aa1223a897e1
)

[27-Nov-2025 16:36:52 Europe/Berlin] POST data: Array
(
)

[27-Nov-2025 16:36:52 Europe/Berlin] Starting getRoomTypesWithNumbers function
[27-Nov-2025 16:36:52 Europe/Berlin] Using check-in: 2025-11-27, check-out: 2025-11-28
[27-Nov-2025 16:36:52 Europe/Berlin] Active room types count: 2
[27-Nov-2025 16:36:52 Europe/Berlin] Executing SQL: SELECT 
                    rt.room_type_id, 
                    rt.room_type as room_type, 
                    rt.price, 
                    rt.capacity,
                    rt.description, 
                    rt.beds, 
                    rt.rating, 
                    rt.image,
                    rt.image2,
                    rt.image3,
                    rt.status as room_status,
                    CASE 
                        WHEN rt.discount_valid_until >= CURDATE() THEN rt.discount_percent 
                        ELSE NULL 
                    END as discount_percent,
                    rt.discount_valid_until,
                    COALESCE((
                        SELECT COUNT(*)
                        FROM room_numbers rn
                        WHERE rn.room_type_id = rt.room_type_id 
                        AND rn.status = 'active'
                    ), 0) as total_rooms,
                    CASE 
                        WHEN rt.status = 'active' THEN 'Available' 
                        ELSE 'Not Available' 
                    END as status
                FROM room_types rt
                WHERE rt.status = 'active'
                ORDER BY rt.room_type
[27-Nov-2025 16:36:52 Europe/Berlin] Found 2 active room types
[27-Nov-2025 16:36:52 Europe/Berlin] Rooms data: Array
(
    [0] => Array
        (
            [room_type_id] => 11
            [room_type] => Double Occupancy
            [price] => 3200.00
            [capacity] => 3
            [description] => Room
            [beds] => 2 Single Beds, 1 Queen bed
            [rating] => 3.7
            [image] => room_11_1_1749748500.jpg
            [image2] => 
            [image3] => 
            [room_status] => active
            [discount_percent] => 
            [discount_valid_until] => 
            [total_rooms] => 1
            [status] => Available
        )

    [1] => Array
        (
            [room_type_id] => 3
            [room_type] => Triple Occupancy
            [price] => 4200.00
            [capacity] => 3
            [description] => Room
            [beds] => 1 Single Bed & 1 Queen Bed or 3 Single Beds
            [rating] => 4.4
            [image] => room_3_1_1749748535.jpg
            [image2] => /uploads/rooms/room_type_67f9739f87ef4_2.jpg
            [image3] => /uploads/rooms/room_type_67f9739f8ba32_3.jpg
            [room_status] => active
            [discount_percent] => 
            [discount_valid_until] => 
            [total_rooms] => 1
            [status] => Available
        )

)

[27-Nov-2025 16:36:52 Europe/Berlin] Error fetching discount types: SQLSTATE[42S22]: Column not found: 1054 Unknown column 'status' in 'where clause'
[27-Nov-2025 16:36:52 Europe/Berlin] Error fetching discount types: SQLSTATE[42S22]: Column not found: 1054 Unknown column 'status' in 'where clause'
[27-Nov-2025 16:42:21 Europe/Berlin] Session data: Array
(
    [redirect_url] => http://localhost/Admin/Customer/aa/login.php
    [user_id] => 40
    [user_type] => customer
    [email] => chanomabalo@gmail.com
    [csrf_token] => c5396b8152ca2cf6d58f34809e3c5cec7966253eef27e4abc490aa1223a897e1
)

[27-Nov-2025 16:42:21 Europe/Berlin] POST data: Array
(
)

[27-Nov-2025 16:42:21 Europe/Berlin] Starting getRoomTypesWithNumbers function
[27-Nov-2025 16:42:21 Europe/Berlin] Using check-in: 2025-11-27, check-out: 2025-11-28
[27-Nov-2025 16:42:21 Europe/Berlin] Active room types count: 2
[27-Nov-2025 16:42:21 Europe/Berlin] Executing SQL: SELECT 
                    rt.room_type_id, 
                    rt.room_type as room_type, 
                    rt.price, 
                    rt.capacity,
                    rt.description, 
                    rt.beds, 
                    rt.rating, 
                    rt.image,
                    rt.image2,
                    rt.image3,
                    rt.status as room_status,
                    CASE 
                        WHEN rt.discount_valid_until >= CURDATE() THEN rt.discount_percent 
                        ELSE NULL 
                    END as discount_percent,
                    rt.discount_valid_until,
                    COALESCE((
                        SELECT COUNT(*)
                        FROM room_numbers rn
                        WHERE rn.room_type_id = rt.room_type_id 
                        AND rn.status = 'active'
                    ), 0) as total_rooms,
                    CASE 
                        WHEN rt.status = 'active' THEN 'Available' 
                        ELSE 'Not Available' 
                    END as status
                FROM room_types rt
                WHERE rt.status = 'active'
                ORDER BY rt.room_type
[27-Nov-2025 16:42:21 Europe/Berlin] Found 2 active room types
[27-Nov-2025 16:42:21 Europe/Berlin] Rooms data: Array
(
    [0] => Array
        (
            [room_type_id] => 11
            [room_type] => Double Occupancy
            [price] => 3200.00
            [capacity] => 3
            [description] => Room
            [beds] => 2 Single Beds, 1 Queen bed
            [rating] => 3.7
            [image] => room_11_1_1749748500.jpg
            [image2] => 
            [image3] => 
            [room_status] => active
            [discount_percent] => 
            [discount_valid_until] => 
            [total_rooms] => 1
            [status] => Available
        )

    [1] => Array
        (
            [room_type_id] => 3
            [room_type] => Triple Occupancy
            [price] => 4200.00
            [capacity] => 3
            [description] => Room
            [beds] => 1 Single Bed & 1 Queen Bed or 3 Single Beds
            [rating] => 4.4
            [image] => room_3_1_1749748535.jpg
            [image2] => /uploads/rooms/room_type_67f9739f87ef4_2.jpg
            [image3] => /uploads/rooms/room_type_67f9739f8ba32_3.jpg
            [room_status] => active
            [discount_percent] => 
            [discount_valid_until] => 
            [total_rooms] => 1
            [status] => Available
        )

)

[27-Nov-2025 16:42:21 Europe/Berlin] Error fetching discount types: SQLSTATE[42S22]: Column not found: 1054 Unknown column 'status' in 'where clause'
[27-Nov-2025 16:42:21 Europe/Berlin] Error fetching discount types: SQLSTATE[42S22]: Column not found: 1054 Unknown column 'status' in 'where clause'
[27-Nov-2025 16:45:59 Europe/Berlin] Session data: Array
(
    [redirect_url] => http://localhost/Admin/Customer/aa/login.php
    [user_id] => 40
    [user_type] => customer
    [email] => chanomabalo@gmail.com
    [csrf_token] => c5396b8152ca2cf6d58f34809e3c5cec7966253eef27e4abc490aa1223a897e1
)

[27-Nov-2025 16:45:59 Europe/Berlin] POST data: Array
(
)

[27-Nov-2025 16:45:59 Europe/Berlin] Starting getRoomTypesWithNumbers function
[27-Nov-2025 16:45:59 Europe/Berlin] Using check-in: 2025-11-27, check-out: 2025-11-28
[27-Nov-2025 16:45:59 Europe/Berlin] Active room types count: 2
[27-Nov-2025 16:45:59 Europe/Berlin] Executing SQL: SELECT 
                    rt.room_type_id, 
                    rt.room_type as room_type, 
                    rt.price, 
                    rt.capacity,
                    rt.description, 
                    rt.beds, 
                    rt.rating, 
                    rt.image,
                    rt.image2,
                    rt.image3,
                    rt.status as room_status,
                    CASE 
                        WHEN rt.discount_valid_until >= CURDATE() THEN rt.discount_percent 
                        ELSE NULL 
                    END as discount_percent,
                    rt.discount_valid_until,
                    COALESCE((
                        SELECT COUNT(*)
                        FROM room_numbers rn
                        WHERE rn.room_type_id = rt.room_type_id 
                        AND rn.status = 'active'
                    ), 0) as total_rooms,
                    CASE 
                        WHEN rt.status = 'active' THEN 'Available' 
                        ELSE 'Not Available' 
                    END as status
                FROM room_types rt
                WHERE rt.status = 'active'
                ORDER BY rt.room_type
[27-Nov-2025 16:45:59 Europe/Berlin] Found 2 active room types
[27-Nov-2025 16:45:59 Europe/Berlin] Rooms data: Array
(
    [0] => Array
        (
            [room_type_id] => 11
            [room_type] => Double Occupancy
            [price] => 3200.00
            [capacity] => 3
            [description] => Room
            [beds] => 2 Single Beds, 1 Queen bed
            [rating] => 3.7
            [image] => room_11_1_1749748500.jpg
            [image2] => 
            [image3] => 
            [room_status] => active
            [discount_percent] => 
            [discount_valid_until] => 
            [total_rooms] => 1
            [status] => Available
        )

    [1] => Array
        (
            [room_type_id] => 3
            [room_type] => Triple Occupancy
            [price] => 4200.00
            [capacity] => 3
            [description] => Room
            [beds] => 1 Single Bed & 1 Queen Bed or 3 Single Beds
            [rating] => 4.4
            [image] => room_3_1_1749748535.jpg
            [image2] => /uploads/rooms/room_type_67f9739f87ef4_2.jpg
            [image3] => /uploads/rooms/room_type_67f9739f8ba32_3.jpg
            [room_status] => active
            [discount_percent] => 
            [discount_valid_until] => 
            [total_rooms] => 1
            [status] => Available
        )

)

[27-Nov-2025 16:45:59 Europe/Berlin] Error fetching discount types: SQLSTATE[42S22]: Column not found: 1054 Unknown column 'status' in 'where clause'
[27-Nov-2025 16:45:59 Europe/Berlin] Error fetching discount types: SQLSTATE[42S22]: Column not found: 1054 Unknown column 'status' in 'where clause'
[27-Nov-2025 16:46:06 Europe/Berlin] Session data: Array
(
    [redirect_url] => http://localhost/Admin/Customer/aa/login.php
    [user_id] => 40
    [user_type] => customer
    [email] => chanomabalo@gmail.com
    [csrf_token] => c5396b8152ca2cf6d58f34809e3c5cec7966253eef27e4abc490aa1223a897e1
    [booking_list] => Array
        (
            [0] => Array
                (
                    [room_type_id] => 11
                    [room_type] => Double Occupancy
                    [price] => 3200.00
                    [capacity] => 3
                    [image] => room_11_1_1749748500.jpg
                    [available_rooms] => 1
                    [quantity] => 1
                )

        )

)

[27-Nov-2025 16:46:06 Europe/Berlin] POST data: Array
(
)

[27-Nov-2025 16:46:06 Europe/Berlin] Starting getRoomTypesWithNumbers function
[27-Nov-2025 16:46:06 Europe/Berlin] Using check-in: 2025-11-27, check-out: 2025-11-28
[27-Nov-2025 16:46:06 Europe/Berlin] Active room types count: 2
[27-Nov-2025 16:46:06 Europe/Berlin] Executing SQL: SELECT 
                    rt.room_type_id, 
                    rt.room_type as room_type, 
                    rt.price, 
                    rt.capacity,
                    rt.description, 
                    rt.beds, 
                    rt.rating, 
                    rt.image,
                    rt.image2,
                    rt.image3,
                    rt.status as room_status,
                    CASE 
                        WHEN rt.discount_valid_until >= CURDATE() THEN rt.discount_percent 
                        ELSE NULL 
                    END as discount_percent,
                    rt.discount_valid_until,
                    COALESCE((
                        SELECT COUNT(*)
                        FROM room_numbers rn
                        WHERE rn.room_type_id = rt.room_type_id 
                        AND rn.status = 'active'
                    ), 0) as total_rooms,
                    CASE 
                        WHEN rt.status = 'active' THEN 'Available' 
                        ELSE 'Not Available' 
                    END as status
                FROM room_types rt
                WHERE rt.status = 'active'
                ORDER BY rt.room_type
[27-Nov-2025 16:46:06 Europe/Berlin] Found 2 active room types
[27-Nov-2025 16:46:06 Europe/Berlin] Rooms data: Array
(
    [0] => Array
        (
            [room_type_id] => 11
            [room_type] => Double Occupancy
            [price] => 3200.00
            [capacity] => 3
            [description] => Room
            [beds] => 2 Single Beds, 1 Queen bed
            [rating] => 3.7
            [image] => room_11_1_1749748500.jpg
            [image2] => 
            [image3] => 
            [room_status] => active
            [discount_percent] => 
            [discount_valid_until] => 
            [total_rooms] => 1
            [status] => Available
        )

    [1] => Array
        (
            [room_type_id] => 3
            [room_type] => Triple Occupancy
            [price] => 4200.00
            [capacity] => 3
            [description] => Room
            [beds] => 1 Single Bed & 1 Queen Bed or 3 Single Beds
            [rating] => 4.4
            [image] => room_3_1_1749748535.jpg
            [image2] => /uploads/rooms/room_type_67f9739f87ef4_2.jpg
            [image3] => /uploads/rooms/room_type_67f9739f8ba32_3.jpg
            [room_status] => active
            [discount_percent] => 
            [discount_valid_until] => 
            [total_rooms] => 1
            [status] => Available
        )

)

[27-Nov-2025 16:46:06 Europe/Berlin] Error fetching discount types: SQLSTATE[42S22]: Column not found: 1054 Unknown column 'status' in 'where clause'
[27-Nov-2025 16:46:06 Europe/Berlin] Error fetching discount types: SQLSTATE[42S22]: Column not found: 1054 Unknown column 'status' in 'where clause'
[27-Nov-2025 16:46:09 Europe/Berlin] Session data: Array
(
    [redirect_url] => http://localhost/Admin/Customer/aa/login.php
    [user_id] => 40
    [user_type] => customer
    [email] => chanomabalo@gmail.com
    [csrf_token] => c5396b8152ca2cf6d58f34809e3c5cec7966253eef27e4abc490aa1223a897e1
    [booking_list] => Array
        (
            [0] => Array
                (
                    [room_type_id] => 11
                    [room_type] => Double Occupancy
                    [price] => 3200.00
                    [capacity] => 3
                    [image] => room_11_1_1749748500.jpg
                    [available_rooms] => 1
                    [quantity] => 1
                )

            [1] => Array
                (
                    [room_type_id] => 3
                    [room_type] => Triple Occupancy
                    [price] => 4200.00
                    [capacity] => 3
                    [image] => room_3_1_1749748535.jpg
                    [available_rooms] => 1
                    [quantity] => 1
                )

        )

)

[27-Nov-2025 16:46:09 Europe/Berlin] POST data: Array
(
)

[27-Nov-2025 16:46:09 Europe/Berlin] Starting getRoomTypesWithNumbers function
[27-Nov-2025 16:46:09 Europe/Berlin] Using check-in: 2025-11-27, check-out: 2025-11-28
[27-Nov-2025 16:46:09 Europe/Berlin] Active room types count: 2
[27-Nov-2025 16:46:09 Europe/Berlin] Executing SQL: SELECT 
                    rt.room_type_id, 
                    rt.room_type as room_type, 
                    rt.price, 
                    rt.capacity,
                    rt.description, 
                    rt.beds, 
                    rt.rating, 
                    rt.image,
                    rt.image2,
                    rt.image3,
                    rt.status as room_status,
                    CASE 
                        WHEN rt.discount_valid_until >= CURDATE() THEN rt.discount_percent 
                        ELSE NULL 
                    END as discount_percent,
                    rt.discount_valid_until,
                    COALESCE((
                        SELECT COUNT(*)
                        FROM room_numbers rn
                        WHERE rn.room_type_id = rt.room_type_id 
                        AND rn.status = 'active'
                    ), 0) as total_rooms,
                    CASE 
                        WHEN rt.status = 'active' THEN 'Available' 
                        ELSE 'Not Available' 
                    END as status
                FROM room_types rt
                WHERE rt.status = 'active'
                ORDER BY rt.room_type
[27-Nov-2025 16:46:09 Europe/Berlin] Found 2 active room types
[27-Nov-2025 16:46:09 Europe/Berlin] Rooms data: Array
(
    [0] => Array
        (
            [room_type_id] => 11
            [room_type] => Double Occupancy
            [price] => 3200.00
            [capacity] => 3
            [description] => Room
            [beds] => 2 Single Beds, 1 Queen bed
            [rating] => 3.7
            [image] => room_11_1_1749748500.jpg
            [image2] => 
            [image3] => 
            [room_status] => active
            [discount_percent] => 
            [discount_valid_until] => 
            [total_rooms] => 1
            [status] => Available
        )

    [1] => Array
        (
            [room_type_id] => 3
            [room_type] => Triple Occupancy
            [price] => 4200.00
            [capacity] => 3
            [description] => Room
            [beds] => 1 Single Bed & 1 Queen Bed or 3 Single Beds
            [rating] => 4.4
            [image] => room_3_1_1749748535.jpg
            [image2] => /uploads/rooms/room_type_67f9739f87ef4_2.jpg
            [image3] => /uploads/rooms/room_type_67f9739f8ba32_3.jpg
            [room_status] => active
            [discount_percent] => 
            [discount_valid_until] => 
            [total_rooms] => 1
            [status] => Available
        )

)

[27-Nov-2025 16:46:09 Europe/Berlin] Error fetching discount types: SQLSTATE[42S22]: Column not found: 1054 Unknown column 'status' in 'where clause'
[27-Nov-2025 16:46:09 Europe/Berlin] Error fetching discount types: SQLSTATE[42S22]: Column not found: 1054 Unknown column 'status' in 'where clause'
[27-Nov-2025 16:53:59 Europe/Berlin] Session data: Array
(
    [redirect_url] => http://localhost/Admin/Customer/aa/login.php
    [user_id] => 40
    [user_type] => customer
    [email] => chanomabalo@gmail.com
    [csrf_token] => c5396b8152ca2cf6d58f34809e3c5cec7966253eef27e4abc490aa1223a897e1
)

[27-Nov-2025 16:53:59 Europe/Berlin] POST data: Array
(
)

[27-Nov-2025 16:53:59 Europe/Berlin] Starting getRoomTypesWithNumbers function
[27-Nov-2025 16:53:59 Europe/Berlin] Using check-in: 2025-11-27, check-out: 2025-11-28
[27-Nov-2025 16:53:59 Europe/Berlin] Active room types count: 2
[27-Nov-2025 16:53:59 Europe/Berlin] Executing SQL: SELECT 
                    rt.room_type_id, 
                    rt.room_type as room_type, 
                    rt.price, 
                    rt.capacity,
                    rt.description, 
                    rt.beds, 
                    rt.rating, 
                    rt.image,
                    rt.image2,
                    rt.image3,
                    rt.status as room_status,
                    CASE 
                        WHEN rt.discount_valid_until >= CURDATE() THEN rt.discount_percent 
                        ELSE NULL 
                    END as discount_percent,
                    rt.discount_valid_until,
                    COALESCE((
                        SELECT COUNT(*)
                        FROM room_numbers rn
                        WHERE rn.room_type_id = rt.room_type_id 
                        AND rn.status = 'active'
                    ), 0) as total_rooms,
                    CASE 
                        WHEN rt.status = 'active' THEN 'Available' 
                        ELSE 'Not Available' 
                    END as status
                FROM room_types rt
                WHERE rt.status = 'active'
                ORDER BY rt.room_type
[27-Nov-2025 16:53:59 Europe/Berlin] Found 2 active room types
[27-Nov-2025 16:53:59 Europe/Berlin] Rooms data: Array
(
    [0] => Array
        (
            [room_type_id] => 11
            [room_type] => Double Occupancy
            [price] => 3200.00
            [capacity] => 3
            [description] => Room
            [beds] => 2 Single Beds, 1 Queen bed
            [rating] => 3.7
            [image] => room_11_1_1749748500.jpg
            [image2] => 
            [image3] => 
            [room_status] => active
            [discount_percent] => 
            [discount_valid_until] => 
            [total_rooms] => 1
            [status] => Available
        )

    [1] => Array
        (
            [room_type_id] => 3
            [room_type] => Triple Occupancy
            [price] => 4200.00
            [capacity] => 3
            [description] => Room
            [beds] => 1 Single Bed & 1 Queen Bed or 3 Single Beds
            [rating] => 4.4
            [image] => room_3_1_1749748535.jpg
            [image2] => /uploads/rooms/room_type_67f9739f87ef4_2.jpg
            [image3] => /uploads/rooms/room_type_67f9739f8ba32_3.jpg
            [room_status] => active
            [discount_percent] => 
            [discount_valid_until] => 
            [total_rooms] => 1
            [status] => Available
        )

)

[27-Nov-2025 16:53:59 Europe/Berlin] Error fetching discount types: SQLSTATE[42S22]: Column not found: 1054 Unknown column 'status' in 'where clause'
[27-Nov-2025 16:53:59 Europe/Berlin] Error fetching discount types: SQLSTATE[42S22]: Column not found: 1054 Unknown column 'status' in 'where clause'
[27-Nov-2025 16:54:08 Europe/Berlin] Session data: Array
(
    [redirect_url] => http://localhost/Admin/Customer/aa/login.php
    [user_id] => 40
    [user_type] => customer
    [email] => chanomabalo@gmail.com
    [csrf_token] => c5396b8152ca2cf6d58f34809e3c5cec7966253eef27e4abc490aa1223a897e1
)

[27-Nov-2025 16:54:08 Europe/Berlin] POST data: Array
(
)

[27-Nov-2025 16:54:08 Europe/Berlin] Starting getRoomTypesWithNumbers function
[27-Nov-2025 16:54:08 Europe/Berlin] Using check-in: 2025-11-27, check-out: 2025-11-28
[27-Nov-2025 16:54:08 Europe/Berlin] Active room types count: 2
[27-Nov-2025 16:54:08 Europe/Berlin] Executing SQL: SELECT 
                    rt.room_type_id, 
                    rt.room_type as room_type, 
                    rt.price, 
                    rt.capacity,
                    rt.description, 
                    rt.beds, 
                    rt.rating, 
                    rt.image,
                    rt.image2,
                    rt.image3,
                    rt.status as room_status,
                    CASE 
                        WHEN rt.discount_valid_until >= CURDATE() THEN rt.discount_percent 
                        ELSE NULL 
                    END as discount_percent,
                    rt.discount_valid_until,
                    COALESCE((
                        SELECT COUNT(*)
                        FROM room_numbers rn
                        WHERE rn.room_type_id = rt.room_type_id 
                        AND rn.status = 'active'
                    ), 0) as total_rooms,
                    CASE 
                        WHEN rt.status = 'active' THEN 'Available' 
                        ELSE 'Not Available' 
                    END as status
                FROM room_types rt
                WHERE rt.status = 'active'
                ORDER BY rt.room_type
[27-Nov-2025 16:54:08 Europe/Berlin] Found 2 active room types
[27-Nov-2025 16:54:08 Europe/Berlin] Rooms data: Array
(
    [0] => Array
        (
            [room_type_id] => 11
            [room_type] => Double Occupancy
            [price] => 3200.00
            [capacity] => 3
            [description] => Room
            [beds] => 2 Single Beds, 1 Queen bed
            [rating] => 3.7
            [image] => room_11_1_1749748500.jpg
            [image2] => 
            [image3] => 
            [room_status] => active
            [discount_percent] => 
            [discount_valid_until] => 
            [total_rooms] => 1
            [status] => Available
        )

    [1] => Array
        (
            [room_type_id] => 3
            [room_type] => Triple Occupancy
            [price] => 4200.00
            [capacity] => 3
            [description] => Room
            [beds] => 1 Single Bed & 1 Queen Bed or 3 Single Beds
            [rating] => 4.4
            [image] => room_3_1_1749748535.jpg
            [image2] => /uploads/rooms/room_type_67f9739f87ef4_2.jpg
            [image3] => /uploads/rooms/room_type_67f9739f8ba32_3.jpg
            [room_status] => active
            [discount_percent] => 
            [discount_valid_until] => 
            [total_rooms] => 1
            [status] => Available
        )

)

[27-Nov-2025 16:54:08 Europe/Berlin] Error fetching discount types: SQLSTATE[42S22]: Column not found: 1054 Unknown column 'status' in 'where clause'
[27-Nov-2025 16:54:08 Europe/Berlin] Error fetching discount types: SQLSTATE[42S22]: Column not found: 1054 Unknown column 'status' in 'where clause'
[27-Nov-2025 16:54:13 Europe/Berlin] Session data: Array
(
    [redirect_url] => http://localhost/Admin/Customer/aa/login.php
    [user_id] => 40
    [user_type] => customer
    [email] => chanomabalo@gmail.com
    [csrf_token] => c5396b8152ca2cf6d58f34809e3c5cec7966253eef27e4abc490aa1223a897e1
    [booking_list] => Array
        (
            [0] => Array
                (
                    [room_type_id] => 11
                    [room_type] => Double Occupancy
                    [price] => 3200.00
                    [capacity] => 3
                    [image] => room_11_1_1749748500.jpg
                    [available_rooms] => 1
                    [quantity] => 1
                )

        )

)

[27-Nov-2025 16:54:13 Europe/Berlin] POST data: Array
(
)

[27-Nov-2025 16:54:13 Europe/Berlin] Starting getRoomTypesWithNumbers function
[27-Nov-2025 16:54:13 Europe/Berlin] Using check-in: 2025-11-27, check-out: 2025-11-28
[27-Nov-2025 16:54:13 Europe/Berlin] Active room types count: 2
[27-Nov-2025 16:54:13 Europe/Berlin] Executing SQL: SELECT 
                    rt.room_type_id, 
                    rt.room_type as room_type, 
                    rt.price, 
                    rt.capacity,
                    rt.description, 
                    rt.beds, 
                    rt.rating, 
                    rt.image,
                    rt.image2,
                    rt.image3,
                    rt.status as room_status,
                    CASE 
                        WHEN rt.discount_valid_until >= CURDATE() THEN rt.discount_percent 
                        ELSE NULL 
                    END as discount_percent,
                    rt.discount_valid_until,
                    COALESCE((
                        SELECT COUNT(*)
                        FROM room_numbers rn
                        WHERE rn.room_type_id = rt.room_type_id 
                        AND rn.status = 'active'
                    ), 0) as total_rooms,
                    CASE 
                        WHEN rt.status = 'active' THEN 'Available' 
                        ELSE 'Not Available' 
                    END as status
                FROM room_types rt
                WHERE rt.status = 'active'
                ORDER BY rt.room_type
[27-Nov-2025 16:54:13 Europe/Berlin] Found 2 active room types
[27-Nov-2025 16:54:13 Europe/Berlin] Rooms data: Array
(
    [0] => Array
        (
            [room_type_id] => 11
            [room_type] => Double Occupancy
            [price] => 3200.00
            [capacity] => 3
            [description] => Room
            [beds] => 2 Single Beds, 1 Queen bed
            [rating] => 3.7
            [image] => room_11_1_1749748500.jpg
            [image2] => 
            [image3] => 
            [room_status] => active
            [discount_percent] => 
            [discount_valid_until] => 
            [total_rooms] => 1
            [status] => Available
        )

    [1] => Array
        (
            [room_type_id] => 3
            [room_type] => Triple Occupancy
            [price] => 4200.00
            [capacity] => 3
            [description] => Room
            [beds] => 1 Single Bed & 1 Queen Bed or 3 Single Beds
            [rating] => 4.4
            [image] => room_3_1_1749748535.jpg
            [image2] => /uploads/rooms/room_type_67f9739f87ef4_2.jpg
            [image3] => /uploads/rooms/room_type_67f9739f8ba32_3.jpg
            [room_status] => active
            [discount_percent] => 
            [discount_valid_until] => 
            [total_rooms] => 1
            [status] => Available
        )

)

[27-Nov-2025 16:54:13 Europe/Berlin] Error fetching discount types: SQLSTATE[42S22]: Column not found: 1054 Unknown column 'status' in 'where clause'
[27-Nov-2025 16:54:13 Europe/Berlin] Error fetching discount types: SQLSTATE[42S22]: Column not found: 1054 Unknown column 'status' in 'where clause'
[27-Nov-2025 16:54:16 Europe/Berlin] Session data: Array
(
    [redirect_url] => http://localhost/Admin/Customer/aa/login.php
    [user_id] => 40
    [user_type] => customer
    [email] => chanomabalo@gmail.com
    [csrf_token] => c5396b8152ca2cf6d58f34809e3c5cec7966253eef27e4abc490aa1223a897e1
    [booking_list] => Array
        (
            [0] => Array
                (
                    [room_type_id] => 11
                    [room_type] => Double Occupancy
                    [price] => 3200.00
                    [capacity] => 3
                    [image] => room_11_1_1749748500.jpg
                    [available_rooms] => 1
                    [quantity] => 1
                )

            [1] => Array
                (
                    [room_type_id] => 3
                    [room_type] => Triple Occupancy
                    [price] => 4200.00
                    [capacity] => 3
                    [image] => room_3_1_1749748535.jpg
                    [available_rooms] => 1
                    [quantity] => 1
                )

        )

)

[27-Nov-2025 16:54:16 Europe/Berlin] POST data: Array
(
)

[27-Nov-2025 16:54:16 Europe/Berlin] Starting getRoomTypesWithNumbers function
[27-Nov-2025 16:54:16 Europe/Berlin] Using check-in: 2025-11-27, check-out: 2025-11-28
[27-Nov-2025 16:54:16 Europe/Berlin] Active room types count: 2
[27-Nov-2025 16:54:16 Europe/Berlin] Executing SQL: SELECT 
                    rt.room_type_id, 
                    rt.room_type as room_type, 
                    rt.price, 
                    rt.capacity,
                    rt.description, 
                    rt.beds, 
                    rt.rating, 
                    rt.image,
                    rt.image2,
                    rt.image3,
                    rt.status as room_status,
                    CASE 
                        WHEN rt.discount_valid_until >= CURDATE() THEN rt.discount_percent 
                        ELSE NULL 
                    END as discount_percent,
                    rt.discount_valid_until,
                    COALESCE((
                        SELECT COUNT(*)
                        FROM room_numbers rn
                        WHERE rn.room_type_id = rt.room_type_id 
                        AND rn.status = 'active'
                    ), 0) as total_rooms,
                    CASE 
                        WHEN rt.status = 'active' THEN 'Available' 
                        ELSE 'Not Available' 
                    END as status
                FROM room_types rt
                WHERE rt.status = 'active'
                ORDER BY rt.room_type
[27-Nov-2025 16:54:16 Europe/Berlin] Found 2 active room types
[27-Nov-2025 16:54:16 Europe/Berlin] Rooms data: Array
(
    [0] => Array
        (
            [room_type_id] => 11
            [room_type] => Double Occupancy
            [price] => 3200.00
            [capacity] => 3
            [description] => Room
            [beds] => 2 Single Beds, 1 Queen bed
            [rating] => 3.7
            [image] => room_11_1_1749748500.jpg
            [image2] => 
            [image3] => 
            [room_status] => active
            [discount_percent] => 
            [discount_valid_until] => 
            [total_rooms] => 1
            [status] => Available
        )

    [1] => Array
        (
            [room_type_id] => 3
            [room_type] => Triple Occupancy
            [price] => 4200.00
            [capacity] => 3
            [description] => Room
            [beds] => 1 Single Bed & 1 Queen Bed or 3 Single Beds
            [rating] => 4.4
            [image] => room_3_1_1749748535.jpg
            [image2] => /uploads/rooms/room_type_67f9739f87ef4_2.jpg
            [image3] => /uploads/rooms/room_type_67f9739f8ba32_3.jpg
            [room_status] => active
            [discount_percent] => 
            [discount_valid_until] => 
            [total_rooms] => 1
            [status] => Available
        )

)

[27-Nov-2025 16:54:16 Europe/Berlin] Error fetching discount types: SQLSTATE[42S22]: Column not found: 1054 Unknown column 'status' in 'where clause'
[27-Nov-2025 16:54:16 Europe/Berlin] Error fetching discount types: SQLSTATE[42S22]: Column not found: 1054 Unknown column 'status' in 'where clause'
[27-Nov-2025 16:57:04 Europe/Berlin] Session data: Array
(
    [redirect_url] => http://localhost/Admin/Customer/aa/login.php
    [user_id] => 40
    [user_type] => customer
    [email] => chanomabalo@gmail.com
    [csrf_token] => c5396b8152ca2cf6d58f34809e3c5cec7966253eef27e4abc490aa1223a897e1
)

[27-Nov-2025 16:57:04 Europe/Berlin] POST data: Array
(
)

[27-Nov-2025 16:57:04 Europe/Berlin] Starting getRoomTypesWithNumbers function
[27-Nov-2025 16:57:04 Europe/Berlin] Using check-in: 2025-11-27, check-out: 2025-11-28
[27-Nov-2025 16:57:04 Europe/Berlin] Active room types count: 2
[27-Nov-2025 16:57:04 Europe/Berlin] Executing SQL: SELECT 
                    rt.room_type_id, 
                    rt.room_type as room_type, 
                    rt.price, 
                    rt.capacity,
                    rt.description, 
                    rt.beds, 
                    rt.rating, 
                    rt.image,
                    rt.image2,
                    rt.image3,
                    rt.status as room_status,
                    CASE 
                        WHEN rt.discount_valid_until >= CURDATE() THEN rt.discount_percent 
                        ELSE NULL 
                    END as discount_percent,
                    rt.discount_valid_until,
                    COALESCE((
                        SELECT COUNT(*)
                        FROM room_numbers rn
                        WHERE rn.room_type_id = rt.room_type_id 
                        AND rn.status = 'active'
                    ), 0) as total_rooms,
                    CASE 
                        WHEN rt.status = 'active' THEN 'Available' 
                        ELSE 'Not Available' 
                    END as status
                FROM room_types rt
                WHERE rt.status = 'active'
                ORDER BY rt.room_type
[27-Nov-2025 16:57:04 Europe/Berlin] Found 2 active room types
[27-Nov-2025 16:57:04 Europe/Berlin] Rooms data: Array
(
    [0] => Array
        (
            [room_type_id] => 11
            [room_type] => Double Occupancy
            [price] => 3200.00
            [capacity] => 3
            [description] => Room
            [beds] => 2 Single Beds, 1 Queen bed
            [rating] => 3.7
            [image] => room_11_1_1749748500.jpg
            [image2] => 
            [image3] => 
            [room_status] => active
            [discount_percent] => 
            [discount_valid_until] => 
            [total_rooms] => 1
            [status] => Available
        )

    [1] => Array
        (
            [room_type_id] => 3
            [room_type] => Triple Occupancy
            [price] => 4200.00
            [capacity] => 3
            [description] => Room
            [beds] => 1 Single Bed & 1 Queen Bed or 3 Single Beds
            [rating] => 4.4
            [image] => room_3_1_1749748535.jpg
            [image2] => /uploads/rooms/room_type_67f9739f87ef4_2.jpg
            [image3] => /uploads/rooms/room_type_67f9739f8ba32_3.jpg
            [room_status] => active
            [discount_percent] => 
            [discount_valid_until] => 
            [total_rooms] => 1
            [status] => Available
        )

)

[27-Nov-2025 16:57:04 Europe/Berlin] Error fetching discount types: SQLSTATE[42S22]: Column not found: 1054 Unknown column 'status' in 'where clause'
[27-Nov-2025 16:57:04 Europe/Berlin] Error fetching discount types: SQLSTATE[42S22]: Column not found: 1054 Unknown column 'status' in 'where clause'
[27-Nov-2025 16:57:37 Europe/Berlin] Session data: Array
(
    [redirect_url] => http://localhost/Admin/Customer/aa/login.php
    [user_id] => 40
    [user_type] => customer
    [email] => chanomabalo@gmail.com
    [csrf_token] => c5396b8152ca2cf6d58f34809e3c5cec7966253eef27e4abc490aa1223a897e1
    [booking_list] => Array
        (
            [0] => Array
                (
                    [room_type_id] => 11
                    [room_type] => Double Occupancy
                    [price] => 3200.00
                    [capacity] => 3
                    [image] => room_11_1_1749748500.jpg
                    [available_rooms] => 1
                    [quantity] => 1
                )

        )

)

[27-Nov-2025 16:57:37 Europe/Berlin] POST data: Array
(
)

[27-Nov-2025 16:57:37 Europe/Berlin] Starting getRoomTypesWithNumbers function
[27-Nov-2025 16:57:37 Europe/Berlin] Using check-in: 2025-11-27, check-out: 2025-11-28
[27-Nov-2025 16:57:37 Europe/Berlin] Active room types count: 2
[27-Nov-2025 16:57:37 Europe/Berlin] Executing SQL: SELECT 
                    rt.room_type_id, 
                    rt.room_type as room_type, 
                    rt.price, 
                    rt.capacity,
                    rt.description, 
                    rt.beds, 
                    rt.rating, 
                    rt.image,
                    rt.image2,
                    rt.image3,
                    rt.status as room_status,
                    CASE 
                        WHEN rt.discount_valid_until >= CURDATE() THEN rt.discount_percent 
                        ELSE NULL 
                    END as discount_percent,
                    rt.discount_valid_until,
                    COALESCE((
                        SELECT COUNT(*)
                        FROM room_numbers rn
                        WHERE rn.room_type_id = rt.room_type_id 
                        AND rn.status = 'active'
                    ), 0) as total_rooms,
                    CASE 
                        WHEN rt.status = 'active' THEN 'Available' 
                        ELSE 'Not Available' 
                    END as status
                FROM room_types rt
                WHERE rt.status = 'active'
                ORDER BY rt.room_type
[27-Nov-2025 16:57:37 Europe/Berlin] Found 2 active room types
[27-Nov-2025 16:57:37 Europe/Berlin] Rooms data: Array
(
    [0] => Array
        (
            [room_type_id] => 11
            [room_type] => Double Occupancy
            [price] => 3200.00
            [capacity] => 3
            [description] => Room
            [beds] => 2 Single Beds, 1 Queen bed
            [rating] => 3.7
            [image] => room_11_1_1749748500.jpg
            [image2] => 
            [image3] => 
            [room_status] => active
            [discount_percent] => 
            [discount_valid_until] => 
            [total_rooms] => 1
            [status] => Available
        )

    [1] => Array
        (
            [room_type_id] => 3
            [room_type] => Triple Occupancy
            [price] => 4200.00
            [capacity] => 3
            [description] => Room
            [beds] => 1 Single Bed & 1 Queen Bed or 3 Single Beds
            [rating] => 4.4
            [image] => room_3_1_1749748535.jpg
            [image2] => /uploads/rooms/room_type_67f9739f87ef4_2.jpg
            [image3] => /uploads/rooms/room_type_67f9739f8ba32_3.jpg
            [room_status] => active
            [discount_percent] => 
            [discount_valid_until] => 
            [total_rooms] => 1
            [status] => Available
        )

)

[27-Nov-2025 16:57:37 Europe/Berlin] Error fetching discount types: SQLSTATE[42S22]: Column not found: 1054 Unknown column 'status' in 'where clause'
[27-Nov-2025 16:57:37 Europe/Berlin] Error fetching discount types: SQLSTATE[42S22]: Column not found: 1054 Unknown column 'status' in 'where clause'
[27-Nov-2025 16:57:40 Europe/Berlin] Session data: Array
(
    [redirect_url] => http://localhost/Admin/Customer/aa/login.php
    [user_id] => 40
    [user_type] => customer
    [email] => chanomabalo@gmail.com
    [csrf_token] => c5396b8152ca2cf6d58f34809e3c5cec7966253eef27e4abc490aa1223a897e1
    [booking_list] => Array
        (
            [0] => Array
                (
                    [room_type_id] => 11
                    [room_type] => Double Occupancy
                    [price] => 3200.00
                    [capacity] => 3
                    [image] => room_11_1_1749748500.jpg
                    [available_rooms] => 1
                    [quantity] => 1
                )

            [1] => Array
                (
                    [room_type_id] => 3
                    [room_type] => Triple Occupancy
                    [price] => 4200.00
                    [capacity] => 3
                    [image] => room_3_1_1749748535.jpg
                    [available_rooms] => 1
                    [quantity] => 1
                )

        )

)

[27-Nov-2025 16:57:40 Europe/Berlin] POST data: Array
(
)

[27-Nov-2025 16:57:40 Europe/Berlin] Starting getRoomTypesWithNumbers function
[27-Nov-2025 16:57:40 Europe/Berlin] Using check-in: 2025-11-27, check-out: 2025-11-28
[27-Nov-2025 16:57:40 Europe/Berlin] Active room types count: 2
[27-Nov-2025 16:57:40 Europe/Berlin] Executing SQL: SELECT 
                    rt.room_type_id, 
                    rt.room_type as room_type, 
                    rt.price, 
                    rt.capacity,
                    rt.description, 
                    rt.beds, 
                    rt.rating, 
                    rt.image,
                    rt.image2,
                    rt.image3,
                    rt.status as room_status,
                    CASE 
                        WHEN rt.discount_valid_until >= CURDATE() THEN rt.discount_percent 
                        ELSE NULL 
                    END as discount_percent,
                    rt.discount_valid_until,
                    COALESCE((
                        SELECT COUNT(*)
                        FROM room_numbers rn
                        WHERE rn.room_type_id = rt.room_type_id 
                        AND rn.status = 'active'
                    ), 0) as total_rooms,
                    CASE 
                        WHEN rt.status = 'active' THEN 'Available' 
                        ELSE 'Not Available' 
                    END as status
                FROM room_types rt
                WHERE rt.status = 'active'
                ORDER BY rt.room_type
[27-Nov-2025 16:57:41 Europe/Berlin] Found 2 active room types
[27-Nov-2025 16:57:41 Europe/Berlin] Rooms data: Array
(
    [0] => Array
        (
            [room_type_id] => 11
            [room_type] => Double Occupancy
            [price] => 3200.00
            [capacity] => 3
            [description] => Room
            [beds] => 2 Single Beds, 1 Queen bed
            [rating] => 3.7
            [image] => room_11_1_1749748500.jpg
            [image2] => 
            [image3] => 
            [room_status] => active
            [discount_percent] => 
            [discount_valid_until] => 
            [total_rooms] => 1
            [status] => Available
        )

    [1] => Array
        (
            [room_type_id] => 3
            [room_type] => Triple Occupancy
            [price] => 4200.00
            [capacity] => 3
            [description] => Room
            [beds] => 1 Single Bed & 1 Queen Bed or 3 Single Beds
            [rating] => 4.4
            [image] => room_3_1_1749748535.jpg
            [image2] => /uploads/rooms/room_type_67f9739f87ef4_2.jpg
            [image3] => /uploads/rooms/room_type_67f9739f8ba32_3.jpg
            [room_status] => active
            [discount_percent] => 
            [discount_valid_until] => 
            [total_rooms] => 1
            [status] => Available
        )

)

[27-Nov-2025 16:57:41 Europe/Berlin] Error fetching discount types: SQLSTATE[42S22]: Column not found: 1054 Unknown column 'status' in 'where clause'
[27-Nov-2025 16:57:41 Europe/Berlin] Error fetching discount types: SQLSTATE[42S22]: Column not found: 1054 Unknown column 'status' in 'where clause'
[27-Nov-2025 17:29:24 Europe/Berlin] Session data: Array
(
    [redirect_url] => http://localhost/Admin/Customer/aa/login.php
    [user_id] => 40
    [user_type] => customer
    [email] => chanomabalo@gmail.com
    [csrf_token] => c5396b8152ca2cf6d58f34809e3c5cec7966253eef27e4abc490aa1223a897e1
)

[27-Nov-2025 17:29:24 Europe/Berlin] POST data: Array
(
)

[27-Nov-2025 17:29:24 Europe/Berlin] Starting getRoomTypesWithNumbers function
[27-Nov-2025 17:29:24 Europe/Berlin] Using check-in: 2025-11-27, check-out: 2025-11-28
[27-Nov-2025 17:29:24 Europe/Berlin] Active room types count: 2
[27-Nov-2025 17:29:24 Europe/Berlin] Executing SQL: SELECT 
                    rt.room_type_id, 
                    rt.room_type as room_type, 
                    rt.price, 
                    rt.capacity,
                    rt.description, 
                    rt.beds, 
                    rt.rating, 
                    rt.image,
                    rt.image2,
                    rt.image3,
                    rt.status as room_status,
                    CASE 
                        WHEN rt.discount_valid_until >= CURDATE() THEN rt.discount_percent 
                        ELSE NULL 
                    END as discount_percent,
                    rt.discount_valid_until,
                    COALESCE((
                        SELECT COUNT(*)
                        FROM room_numbers rn
                        WHERE rn.room_type_id = rt.room_type_id 
                        AND rn.status = 'active'
                    ), 0) as total_rooms,
                    CASE 
                        WHEN rt.status = 'active' THEN 'Available' 
                        ELSE 'Not Available' 
                    END as status
                FROM room_types rt
                WHERE rt.status = 'active'
                ORDER BY rt.room_type
[27-Nov-2025 17:29:24 Europe/Berlin] Found 2 active room types
[27-Nov-2025 17:29:24 Europe/Berlin] Rooms data: Array
(
    [0] => Array
        (
            [room_type_id] => 11
            [room_type] => Double Occupancy
            [price] => 3200.00
            [capacity] => 3
            [description] => Room
            [beds] => 2 Single Beds, 1 Queen bed
            [rating] => 3.7
            [image] => room_11_1_1749748500.jpg
            [image2] => 
            [image3] => 
            [room_status] => active
            [discount_percent] => 
            [discount_valid_until] => 
            [total_rooms] => 1
            [status] => Available
        )

    [1] => Array
        (
            [room_type_id] => 3
            [room_type] => Triple Occupancy
            [price] => 4200.00
            [capacity] => 3
            [description] => Room
            [beds] => 1 Single Bed & 1 Queen Bed or 3 Single Beds
            [rating] => 4.4
            [image] => room_3_1_1749748535.jpg
            [image2] => /uploads/rooms/room_type_67f9739f87ef4_2.jpg
            [image3] => /uploads/rooms/room_type_67f9739f8ba32_3.jpg
            [room_status] => active
            [discount_percent] => 
            [discount_valid_until] => 
            [total_rooms] => 1
            [status] => Available
        )

)

[27-Nov-2025 17:29:24 Europe/Berlin] Error fetching discount types: SQLSTATE[42S22]: Column not found: 1054 Unknown column 'status' in 'where clause'
[27-Nov-2025 17:29:24 Europe/Berlin] Error fetching discount types: SQLSTATE[42S22]: Column not found: 1054 Unknown column 'status' in 'where clause'
[27-Nov-2025 17:35:17 Europe/Berlin] Session data: Array
(
    [redirect_url] => http://localhost/Admin/Customer/aa/login.php
    [user_id] => 40
    [user_type] => customer
    [email] => chanomabalo@gmail.com
    [csrf_token] => c5396b8152ca2cf6d58f34809e3c5cec7966253eef27e4abc490aa1223a897e1
    [booking_data] => Array
        (
            [first_name] => 
            [last_name] => 
            [email] => 
            [phone] => 
            [check_in] => 2025-12-04
            [check_out] => 2025-12-18
            [num_adults] => 1
            [num_children] => 0
            [num_nights] => 14
            [payment_option] => Partial Payment
            [payment_method] => 
            [total_amount] => 103600.00
            [payment_amount] => 1500
            [remaining_balance] => 102100
            [room_items] => [object Object],[object Object]
            [room_type_id] => 11
        )

)

[27-Nov-2025 17:35:17 Europe/Berlin] POST data: Array
(
)

[27-Nov-2025 17:35:17 Europe/Berlin] Starting getRoomTypesWithNumbers function
[27-Nov-2025 17:35:17 Europe/Berlin] Using check-in: 2025-11-27, check-out: 2025-11-28
[27-Nov-2025 17:35:17 Europe/Berlin] Active room types count: 2
[27-Nov-2025 17:35:17 Europe/Berlin] Executing SQL: SELECT 
                    rt.room_type_id, 
                    rt.room_type as room_type, 
                    rt.price, 
                    rt.capacity,
                    rt.description, 
                    rt.beds, 
                    rt.rating, 
                    rt.image,
                    rt.image2,
                    rt.image3,
                    rt.status as room_status,
                    CASE 
                        WHEN rt.discount_valid_until >= CURDATE() THEN rt.discount_percent 
                        ELSE NULL 
                    END as discount_percent,
                    rt.discount_valid_until,
                    COALESCE((
                        SELECT COUNT(*)
                        FROM room_numbers rn
                        WHERE rn.room_type_id = rt.room_type_id 
                        AND rn.status = 'active'
                    ), 0) as total_rooms,
                    CASE 
                        WHEN rt.status = 'active' THEN 'Available' 
                        ELSE 'Not Available' 
                    END as status
                FROM room_types rt
                WHERE rt.status = 'active'
                ORDER BY rt.room_type
[27-Nov-2025 17:35:17 Europe/Berlin] Found 2 active room types
[27-Nov-2025 17:35:17 Europe/Berlin] Rooms data: Array
(
    [0] => Array
        (
            [room_type_id] => 11
            [room_type] => Double Occupancy
            [price] => 3200.00
            [capacity] => 3
            [description] => Room
            [beds] => 2 Single Beds, 1 Queen bed
            [rating] => 3.7
            [image] => room_11_1_1749748500.jpg
            [image2] => 
            [image3] => 
            [room_status] => active
            [discount_percent] => 
            [discount_valid_until] => 
            [total_rooms] => 1
            [status] => Available
        )

    [1] => Array
        (
            [room_type_id] => 3
            [room_type] => Triple Occupancy
            [price] => 4200.00
            [capacity] => 3
            [description] => Room
            [beds] => 1 Single Bed & 1 Queen Bed or 3 Single Beds
            [rating] => 4.4
            [image] => room_3_1_1749748535.jpg
            [image2] => /uploads/rooms/room_type_67f9739f87ef4_2.jpg
            [image3] => /uploads/rooms/room_type_67f9739f8ba32_3.jpg
            [room_status] => active
            [discount_percent] => 
            [discount_valid_until] => 
            [total_rooms] => 1
            [status] => Available
        )

)

[27-Nov-2025 17:35:17 Europe/Berlin] Error fetching discount types: SQLSTATE[42S22]: Column not found: 1054 Unknown column 'status' in 'where clause'
[27-Nov-2025 17:35:17 Europe/Berlin] Error fetching discount types: SQLSTATE[42S22]: Column not found: 1054 Unknown column 'status' in 'where clause'
[27-Nov-2025 17:35:21 Europe/Berlin] Session data: Array
(
    [redirect_url] => http://localhost/Admin/Customer/aa/login.php
    [user_id] => 40
    [user_type] => customer
    [email] => chanomabalo@gmail.com
    [csrf_token] => c5396b8152ca2cf6d58f34809e3c5cec7966253eef27e4abc490aa1223a897e1
    [booking_data] => Array
        (
            [first_name] => 
            [last_name] => 
            [email] => 
            [phone] => 
            [check_in] => 2025-12-04
            [check_out] => 2025-12-18
            [num_adults] => 1
            [num_children] => 0
            [num_nights] => 14
            [payment_option] => Partial Payment
            [payment_method] => 
            [total_amount] => 103600.00
            [payment_amount] => 1500
            [remaining_balance] => 102100
            [room_items] => [object Object],[object Object]
            [room_type_id] => 11
        )

    [booking_list] => Array
        (
            [0] => Array
                (
                    [room_type_id] => 11
                    [room_type] => Double Occupancy
                    [price] => 3200.00
                    [capacity] => 3
                    [image] => room_11_1_1749748500.jpg
                    [available_rooms] => 1
                    [quantity] => 1
                )

        )

)

[27-Nov-2025 17:35:21 Europe/Berlin] POST data: Array
(
)

[27-Nov-2025 17:35:21 Europe/Berlin] Starting getRoomTypesWithNumbers function
[27-Nov-2025 17:35:21 Europe/Berlin] Using check-in: 2025-11-27, check-out: 2025-11-28
[27-Nov-2025 17:35:21 Europe/Berlin] Active room types count: 2
[27-Nov-2025 17:35:21 Europe/Berlin] Executing SQL: SELECT 
                    rt.room_type_id, 
                    rt.room_type as room_type, 
                    rt.price, 
                    rt.capacity,
                    rt.description, 
                    rt.beds, 
                    rt.rating, 
                    rt.image,
                    rt.image2,
                    rt.image3,
                    rt.status as room_status,
                    CASE 
                        WHEN rt.discount_valid_until >= CURDATE() THEN rt.discount_percent 
                        ELSE NULL 
                    END as discount_percent,
                    rt.discount_valid_until,
                    COALESCE((
                        SELECT COUNT(*)
                        FROM room_numbers rn
                        WHERE rn.room_type_id = rt.room_type_id 
                        AND rn.status = 'active'
                    ), 0) as total_rooms,
                    CASE 
                        WHEN rt.status = 'active' THEN 'Available' 
                        ELSE 'Not Available' 
                    END as status
                FROM room_types rt
                WHERE rt.status = 'active'
                ORDER BY rt.room_type
[27-Nov-2025 17:35:21 Europe/Berlin] Found 2 active room types
[27-Nov-2025 17:35:21 Europe/Berlin] Rooms data: Array
(
    [0] => Array
        (
            [room_type_id] => 11
            [room_type] => Double Occupancy
            [price] => 3200.00
            [capacity] => 3
            [description] => Room
            [beds] => 2 Single Beds, 1 Queen bed
            [rating] => 3.7
            [image] => room_11_1_1749748500.jpg
            [image2] => 
            [image3] => 
            [room_status] => active
            [discount_percent] => 
            [discount_valid_until] => 
            [total_rooms] => 1
            [status] => Available
        )

    [1] => Array
        (
            [room_type_id] => 3
            [room_type] => Triple Occupancy
            [price] => 4200.00
            [capacity] => 3
            [description] => Room
            [beds] => 1 Single Bed & 1 Queen Bed or 3 Single Beds
            [rating] => 4.4
            [image] => room_3_1_1749748535.jpg
            [image2] => /uploads/rooms/room_type_67f9739f87ef4_2.jpg
            [image3] => /uploads/rooms/room_type_67f9739f8ba32_3.jpg
            [room_status] => active
            [discount_percent] => 
            [discount_valid_until] => 
            [total_rooms] => 1
            [status] => Available
        )

)

[27-Nov-2025 17:35:21 Europe/Berlin] Error fetching discount types: SQLSTATE[42S22]: Column not found: 1054 Unknown column 'status' in 'where clause'
[27-Nov-2025 17:35:21 Europe/Berlin] Error fetching discount types: SQLSTATE[42S22]: Column not found: 1054 Unknown column 'status' in 'where clause'
[27-Nov-2025 17:35:26 Europe/Berlin] Session data: Array
(
    [redirect_url] => http://localhost/Admin/Customer/aa/login.php
    [user_id] => 40
    [user_type] => customer
    [email] => chanomabalo@gmail.com
    [csrf_token] => c5396b8152ca2cf6d58f34809e3c5cec7966253eef27e4abc490aa1223a897e1
    [booking_data] => Array
        (
            [first_name] => 
            [last_name] => 
            [email] => 
            [phone] => 
            [check_in] => 2025-12-04
            [check_out] => 2025-12-18
            [num_adults] => 1
            [num_children] => 0
            [num_nights] => 14
            [payment_option] => Partial Payment
            [payment_method] => 
            [total_amount] => 103600.00
            [payment_amount] => 1500
            [remaining_balance] => 102100
            [room_items] => [object Object],[object Object]
            [room_type_id] => 11
        )

    [booking_list] => Array
        (
            [0] => Array
                (
                    [room_type_id] => 11
                    [room_type] => Double Occupancy
                    [price] => 3200.00
                    [capacity] => 3
                    [image] => room_11_1_1749748500.jpg
                    [available_rooms] => 1
                    [quantity] => 1
                )

            [1] => Array
                (
                    [room_type_id] => 3
                    [room_type] => Triple Occupancy
                    [price] => 4200.00
                    [capacity] => 3
                    [image] => room_3_1_1749748535.jpg
                    [available_rooms] => 1
                    [quantity] => 1
                )

        )

)

[27-Nov-2025 17:35:26 Europe/Berlin] POST data: Array
(
)

[27-Nov-2025 17:35:26 Europe/Berlin] Starting getRoomTypesWithNumbers function
[27-Nov-2025 17:35:26 Europe/Berlin] Using check-in: 2025-11-27, check-out: 2025-11-28
[27-Nov-2025 17:35:26 Europe/Berlin] Active room types count: 2
[27-Nov-2025 17:35:26 Europe/Berlin] Executing SQL: SELECT 
                    rt.room_type_id, 
                    rt.room_type as room_type, 
                    rt.price, 
                    rt.capacity,
                    rt.description, 
                    rt.beds, 
                    rt.rating, 
                    rt.image,
                    rt.image2,
                    rt.image3,
                    rt.status as room_status,
                    CASE 
                        WHEN rt.discount_valid_until >= CURDATE() THEN rt.discount_percent 
                        ELSE NULL 
                    END as discount_percent,
                    rt.discount_valid_until,
                    COALESCE((
                        SELECT COUNT(*)
                        FROM room_numbers rn
                        WHERE rn.room_type_id = rt.room_type_id 
                        AND rn.status = 'active'
                    ), 0) as total_rooms,
                    CASE 
                        WHEN rt.status = 'active' THEN 'Available' 
                        ELSE 'Not Available' 
                    END as status
                FROM room_types rt
                WHERE rt.status = 'active'
                ORDER BY rt.room_type
[27-Nov-2025 17:35:26 Europe/Berlin] Found 2 active room types
[27-Nov-2025 17:35:26 Europe/Berlin] Rooms data: Array
(
    [0] => Array
        (
            [room_type_id] => 11
            [room_type] => Double Occupancy
            [price] => 3200.00
            [capacity] => 3
            [description] => Room
            [beds] => 2 Single Beds, 1 Queen bed
            [rating] => 3.7
            [image] => room_11_1_1749748500.jpg
            [image2] => 
            [image3] => 
            [room_status] => active
            [discount_percent] => 
            [discount_valid_until] => 
            [total_rooms] => 1
            [status] => Available
        )

    [1] => Array
        (
            [room_type_id] => 3
            [room_type] => Triple Occupancy
            [price] => 4200.00
            [capacity] => 3
            [description] => Room
            [beds] => 1 Single Bed & 1 Queen Bed or 3 Single Beds
            [rating] => 4.4
            [image] => room_3_1_1749748535.jpg
            [image2] => /uploads/rooms/room_type_67f9739f87ef4_2.jpg
            [image3] => /uploads/rooms/room_type_67f9739f8ba32_3.jpg
            [room_status] => active
            [discount_percent] => 
            [discount_valid_until] => 
            [total_rooms] => 1
            [status] => Available
        )

)

[27-Nov-2025 17:35:26 Europe/Berlin] Error fetching discount types: SQLSTATE[42S22]: Column not found: 1054 Unknown column 'status' in 'where clause'
[27-Nov-2025 17:35:26 Europe/Berlin] Error fetching discount types: SQLSTATE[42S22]: Column not found: 1054 Unknown column 'status' in 'where clause'
[27-Nov-2025 17:37:03 Europe/Berlin] Session data: Array
(
    [redirect_url] => http://localhost/Admin/Customer/aa/login.php
    [user_id] => 40
    [user_type] => customer
    [email] => chanomabalo@gmail.com
    [csrf_token] => c5396b8152ca2cf6d58f34809e3c5cec7966253eef27e4abc490aa1223a897e1
)

[27-Nov-2025 17:37:03 Europe/Berlin] POST data: Array
(
)

[27-Nov-2025 17:37:03 Europe/Berlin] Starting getRoomTypesWithNumbers function
[27-Nov-2025 17:37:03 Europe/Berlin] Using check-in: 2025-11-27, check-out: 2025-11-28
[27-Nov-2025 17:37:03 Europe/Berlin] Active room types count: 2
[27-Nov-2025 17:37:03 Europe/Berlin] Executing SQL: SELECT 
                    rt.room_type_id, 
                    rt.room_type as room_type, 
                    rt.price, 
                    rt.capacity,
                    rt.description, 
                    rt.beds, 
                    rt.rating, 
                    rt.image,
                    rt.image2,
                    rt.image3,
                    rt.status as room_status,
                    CASE 
                        WHEN rt.discount_valid_until >= CURDATE() THEN rt.discount_percent 
                        ELSE NULL 
                    END as discount_percent,
                    rt.discount_valid_until,
                    COALESCE((
                        SELECT COUNT(*)
                        FROM room_numbers rn
                        WHERE rn.room_type_id = rt.room_type_id 
                        AND rn.status = 'active'
                    ), 0) as total_rooms,
                    CASE 
                        WHEN rt.status = 'active' THEN 'Available' 
                        ELSE 'Not Available' 
                    END as status
                FROM room_types rt
                WHERE rt.status = 'active'
                ORDER BY rt.room_type
[27-Nov-2025 17:37:03 Europe/Berlin] Found 2 active room types
[27-Nov-2025 17:37:03 Europe/Berlin] Rooms data: Array
(
    [0] => Array
        (
            [room_type_id] => 11
            [room_type] => Double Occupancy
            [price] => 3200.00
            [capacity] => 3
            [description] => Room
            [beds] => 2 Single Beds, 1 Queen bed
            [rating] => 3.7
            [image] => room_11_1_1749748500.jpg
            [image2] => 
            [image3] => 
            [room_status] => active
            [discount_percent] => 
            [discount_valid_until] => 
            [total_rooms] => 1
            [status] => Available
        )

    [1] => Array
        (
            [room_type_id] => 3
            [room_type] => Triple Occupancy
            [price] => 4200.00
            [capacity] => 3
            [description] => Room
            [beds] => 1 Single Bed & 1 Queen Bed or 3 Single Beds
            [rating] => 4.4
            [image] => room_3_1_1749748535.jpg
            [image2] => /uploads/rooms/room_type_67f9739f87ef4_2.jpg
            [image3] => /uploads/rooms/room_type_67f9739f8ba32_3.jpg
            [room_status] => active
            [discount_percent] => 
            [discount_valid_until] => 
            [total_rooms] => 1
            [status] => Available
        )

)

[27-Nov-2025 17:37:03 Europe/Berlin] Error fetching discount types: SQLSTATE[42S22]: Column not found: 1054 Unknown column 'status' in 'where clause'
[27-Nov-2025 17:37:03 Europe/Berlin] Error fetching discount types: SQLSTATE[42S22]: Column not found: 1054 Unknown column 'status' in 'where clause'
[27-Nov-2025 17:47:22 Europe/Berlin] Session data: Array
(
    [redirect_url] => http://localhost/Admin/Customer/aa/login.php
    [user_id] => 40
    [user_type] => customer
    [email] => chanomabalo@gmail.com
    [csrf_token] => c5396b8152ca2cf6d58f34809e3c5cec7966253eef27e4abc490aa1223a897e1
)

[27-Nov-2025 17:47:22 Europe/Berlin] POST data: Array
(
)

[27-Nov-2025 17:47:22 Europe/Berlin] Starting getRoomTypesWithNumbers function
[27-Nov-2025 17:47:22 Europe/Berlin] Using check-in: 2025-11-27, check-out: 2025-11-28
[27-Nov-2025 17:47:22 Europe/Berlin] Active room types count: 2
[27-Nov-2025 17:47:22 Europe/Berlin] Executing SQL: SELECT 
                    rt.room_type_id, 
                    rt.room_type as room_type, 
                    rt.price, 
                    rt.capacity,
                    rt.description, 
                    rt.beds, 
                    rt.rating, 
                    rt.image,
                    rt.image2,
                    rt.image3,
                    rt.status as room_status,
                    CASE 
                        WHEN rt.discount_valid_until >= CURDATE() THEN rt.discount_percent 
                        ELSE NULL 
                    END as discount_percent,
                    rt.discount_valid_until,
                    COALESCE((
                        SELECT COUNT(*)
                        FROM room_numbers rn
                        WHERE rn.room_type_id = rt.room_type_id 
                        AND rn.status = 'active'
                    ), 0) as total_rooms,
                    CASE 
                        WHEN rt.status = 'active' THEN 'Available' 
                        ELSE 'Not Available' 
                    END as status
                FROM room_types rt
                WHERE rt.status = 'active'
                ORDER BY rt.room_type
[27-Nov-2025 17:47:22 Europe/Berlin] Found 2 active room types
[27-Nov-2025 17:47:22 Europe/Berlin] Rooms data: Array
(
    [0] => Array
        (
            [room_type_id] => 11
            [room_type] => Double Occupancy
            [price] => 3200.00
            [capacity] => 3
            [description] => Room
            [beds] => 2 Single Beds, 1 Queen bed
            [rating] => 3.7
            [image] => room_11_1_1749748500.jpg
            [image2] => 
            [image3] => 
            [room_status] => active
            [discount_percent] => 
            [discount_valid_until] => 
            [total_rooms] => 1
            [status] => Available
        )

    [1] => Array
        (
            [room_type_id] => 3
            [room_type] => Triple Occupancy
            [price] => 4200.00
            [capacity] => 3
            [description] => Room
            [beds] => 1 Single Bed & 1 Queen Bed or 3 Single Beds
            [rating] => 4.4
            [image] => room_3_1_1749748535.jpg
            [image2] => /uploads/rooms/room_type_67f9739f87ef4_2.jpg
            [image3] => /uploads/rooms/room_type_67f9739f8ba32_3.jpg
            [room_status] => active
            [discount_percent] => 
            [discount_valid_until] => 
            [total_rooms] => 1
            [status] => Available
        )

)

[27-Nov-2025 17:47:22 Europe/Berlin] Error fetching discount types: SQLSTATE[42S22]: Column not found: 1054 Unknown column 'status' in 'where clause'
[27-Nov-2025 17:47:22 Europe/Berlin] Error fetching discount types: SQLSTATE[42S22]: Column not found: 1054 Unknown column 'status' in 'where clause'
[27-Nov-2025 17:47:26 Europe/Berlin] Session data: Array
(
    [redirect_url] => http://localhost/Admin/Customer/aa/login.php
    [user_id] => 40
    [user_type] => customer
    [email] => chanomabalo@gmail.com
    [csrf_token] => c5396b8152ca2cf6d58f34809e3c5cec7966253eef27e4abc490aa1223a897e1
    [booking_list] => Array
        (
            [0] => Array
                (
                    [room_type_id] => 11
                    [room_type] => Double Occupancy
                    [price] => 3200.00
                    [capacity] => 3
                    [image] => room_11_1_1749748500.jpg
                    [available_rooms] => 1
                    [quantity] => 1
                )

        )

)

[27-Nov-2025 17:47:26 Europe/Berlin] POST data: Array
(
)

[27-Nov-2025 17:47:26 Europe/Berlin] Starting getRoomTypesWithNumbers function
[27-Nov-2025 17:47:26 Europe/Berlin] Using check-in: 2025-11-27, check-out: 2025-11-28
[27-Nov-2025 17:47:26 Europe/Berlin] Active room types count: 2
[27-Nov-2025 17:47:26 Europe/Berlin] Executing SQL: SELECT 
                    rt.room_type_id, 
                    rt.room_type as room_type, 
                    rt.price, 
                    rt.capacity,
                    rt.description, 
                    rt.beds, 
                    rt.rating, 
                    rt.image,
                    rt.image2,
                    rt.image3,
                    rt.status as room_status,
                    CASE 
                        WHEN rt.discount_valid_until >= CURDATE() THEN rt.discount_percent 
                        ELSE NULL 
                    END as discount_percent,
                    rt.discount_valid_until,
                    COALESCE((
                        SELECT COUNT(*)
                        FROM room_numbers rn
                        WHERE rn.room_type_id = rt.room_type_id 
                        AND rn.status = 'active'
                    ), 0) as total_rooms,
                    CASE 
                        WHEN rt.status = 'active' THEN 'Available' 
                        ELSE 'Not Available' 
                    END as status
                FROM room_types rt
                WHERE rt.status = 'active'
                ORDER BY rt.room_type
[27-Nov-2025 17:47:26 Europe/Berlin] Found 2 active room types
[27-Nov-2025 17:47:26 Europe/Berlin] Rooms data: Array
(
    [0] => Array
        (
            [room_type_id] => 11
            [room_type] => Double Occupancy
            [price] => 3200.00
            [capacity] => 3
            [description] => Room
            [beds] => 2 Single Beds, 1 Queen bed
            [rating] => 3.7
            [image] => room_11_1_1749748500.jpg
            [image2] => 
            [image3] => 
            [room_status] => active
            [discount_percent] => 
            [discount_valid_until] => 
            [total_rooms] => 1
            [status] => Available
        )

    [1] => Array
        (
            [room_type_id] => 3
            [room_type] => Triple Occupancy
            [price] => 4200.00
            [capacity] => 3
            [description] => Room
            [beds] => 1 Single Bed & 1 Queen Bed or 3 Single Beds
            [rating] => 4.4
            [image] => room_3_1_1749748535.jpg
            [image2] => /uploads/rooms/room_type_67f9739f87ef4_2.jpg
            [image3] => /uploads/rooms/room_type_67f9739f8ba32_3.jpg
            [room_status] => active
            [discount_percent] => 
            [discount_valid_until] => 
            [total_rooms] => 1
            [status] => Available
        )

)

[27-Nov-2025 17:47:26 Europe/Berlin] Error fetching discount types: SQLSTATE[42S22]: Column not found: 1054 Unknown column 'status' in 'where clause'
[27-Nov-2025 17:47:26 Europe/Berlin] Error fetching discount types: SQLSTATE[42S22]: Column not found: 1054 Unknown column 'status' in 'where clause'
[27-Nov-2025 17:47:29 Europe/Berlin] Session data: Array
(
    [redirect_url] => http://localhost/Admin/Customer/aa/login.php
    [user_id] => 40
    [user_type] => customer
    [email] => chanomabalo@gmail.com
    [csrf_token] => c5396b8152ca2cf6d58f34809e3c5cec7966253eef27e4abc490aa1223a897e1
    [booking_list] => Array
        (
            [0] => Array
                (
                    [room_type_id] => 11
                    [room_type] => Double Occupancy
                    [price] => 3200.00
                    [capacity] => 3
                    [image] => room_11_1_1749748500.jpg
                    [available_rooms] => 1
                    [quantity] => 1
                )

            [1] => Array
                (
                    [room_type_id] => 3
                    [room_type] => Triple Occupancy
                    [price] => 4200.00
                    [capacity] => 3
                    [image] => room_3_1_1749748535.jpg
                    [available_rooms] => 1
                    [quantity] => 1
                )

        )

)

[27-Nov-2025 17:47:29 Europe/Berlin] POST data: Array
(
)

[27-Nov-2025 17:47:29 Europe/Berlin] Starting getRoomTypesWithNumbers function
[27-Nov-2025 17:47:29 Europe/Berlin] Using check-in: 2025-11-27, check-out: 2025-11-28
[27-Nov-2025 17:47:29 Europe/Berlin] Active room types count: 2
[27-Nov-2025 17:47:29 Europe/Berlin] Executing SQL: SELECT 
                    rt.room_type_id, 
                    rt.room_type as room_type, 
                    rt.price, 
                    rt.capacity,
                    rt.description, 
                    rt.beds, 
                    rt.rating, 
                    rt.image,
                    rt.image2,
                    rt.image3,
                    rt.status as room_status,
                    CASE 
                        WHEN rt.discount_valid_until >= CURDATE() THEN rt.discount_percent 
                        ELSE NULL 
                    END as discount_percent,
                    rt.discount_valid_until,
                    COALESCE((
                        SELECT COUNT(*)
                        FROM room_numbers rn
                        WHERE rn.room_type_id = rt.room_type_id 
                        AND rn.status = 'active'
                    ), 0) as total_rooms,
                    CASE 
                        WHEN rt.status = 'active' THEN 'Available' 
                        ELSE 'Not Available' 
                    END as status
                FROM room_types rt
                WHERE rt.status = 'active'
                ORDER BY rt.room_type
[27-Nov-2025 17:47:29 Europe/Berlin] Found 2 active room types
[27-Nov-2025 17:47:29 Europe/Berlin] Rooms data: Array
(
    [0] => Array
        (
            [room_type_id] => 11
            [room_type] => Double Occupancy
            [price] => 3200.00
            [capacity] => 3
            [description] => Room
            [beds] => 2 Single Beds, 1 Queen bed
            [rating] => 3.7
            [image] => room_11_1_1749748500.jpg
            [image2] => 
            [image3] => 
            [room_status] => active
            [discount_percent] => 
            [discount_valid_until] => 
            [total_rooms] => 1
            [status] => Available
        )

    [1] => Array
        (
            [room_type_id] => 3
            [room_type] => Triple Occupancy
            [price] => 4200.00
            [capacity] => 3
            [description] => Room
            [beds] => 1 Single Bed & 1 Queen Bed or 3 Single Beds
            [rating] => 4.4
            [image] => room_3_1_1749748535.jpg
            [image2] => /uploads/rooms/room_type_67f9739f87ef4_2.jpg
            [image3] => /uploads/rooms/room_type_67f9739f8ba32_3.jpg
            [room_status] => active
            [discount_percent] => 
            [discount_valid_until] => 
            [total_rooms] => 1
            [status] => Available
        )

)

[27-Nov-2025 17:47:29 Europe/Berlin] Error fetching discount types: SQLSTATE[42S22]: Column not found: 1054 Unknown column 'status' in 'where clause'
[27-Nov-2025 17:47:29 Europe/Berlin] Error fetching discount types: SQLSTATE[42S22]: Column not found: 1054 Unknown column 'status' in 'where clause'
[27-Nov-2025 18:00:06 Europe/Berlin] Session data: Array
(
    [redirect_url] => http://localhost/Admin/Customer/aa/login.php
    [user_id] => 40
    [user_type] => customer
    [email] => chanomabalo@gmail.com
    [csrf_token] => c5396b8152ca2cf6d58f34809e3c5cec7966253eef27e4abc490aa1223a897e1
)

[27-Nov-2025 18:00:06 Europe/Berlin] POST data: Array
(
)

[27-Nov-2025 18:00:06 Europe/Berlin] Starting getRoomTypesWithNumbers function
[27-Nov-2025 18:00:06 Europe/Berlin] Using check-in: 2025-11-27, check-out: 2025-11-28
[27-Nov-2025 18:00:06 Europe/Berlin] Active room types count: 2
[27-Nov-2025 18:00:06 Europe/Berlin] Executing SQL: SELECT 
                    rt.room_type_id, 
                    rt.room_type as room_type, 
                    rt.price, 
                    rt.capacity,
                    rt.description, 
                    rt.beds, 
                    rt.rating, 
                    rt.image,
                    rt.image2,
                    rt.image3,
                    rt.status as room_status,
                    CASE 
                        WHEN rt.discount_valid_until >= CURDATE() THEN rt.discount_percent 
                        ELSE NULL 
                    END as discount_percent,
                    rt.discount_valid_until,
                    COALESCE((
                        SELECT COUNT(*)
                        FROM room_numbers rn
                        WHERE rn.room_type_id = rt.room_type_id 
                        AND rn.status = 'active'
                    ), 0) as total_rooms,
                    CASE 
                        WHEN rt.status = 'active' THEN 'Available' 
                        ELSE 'Not Available' 
                    END as status
                FROM room_types rt
                WHERE rt.status = 'active'
                ORDER BY rt.room_type
[27-Nov-2025 18:00:06 Europe/Berlin] Found 2 active room types
[27-Nov-2025 18:00:06 Europe/Berlin] Rooms data: Array
(
    [0] => Array
        (
            [room_type_id] => 11
            [room_type] => Double Occupancy
            [price] => 3200.00
            [capacity] => 3
            [description] => Room
            [beds] => 2 Single Beds, 1 Queen bed
            [rating] => 3.7
            [image] => room_11_1_1749748500.jpg
            [image2] => 
            [image3] => 
            [room_status] => active
            [discount_percent] => 
            [discount_valid_until] => 
            [total_rooms] => 1
            [status] => Available
        )

    [1] => Array
        (
            [room_type_id] => 3
            [room_type] => Triple Occupancy
            [price] => 4200.00
            [capacity] => 3
            [description] => Room
            [beds] => 1 Single Bed & 1 Queen Bed or 3 Single Beds
            [rating] => 4.4
            [image] => room_3_1_1749748535.jpg
            [image2] => /uploads/rooms/room_type_67f9739f87ef4_2.jpg
            [image3] => /uploads/rooms/room_type_67f9739f8ba32_3.jpg
            [room_status] => active
            [discount_percent] => 
            [discount_valid_until] => 
            [total_rooms] => 1
            [status] => Available
        )

)

[27-Nov-2025 18:00:06 Europe/Berlin] Error fetching discount types: SQLSTATE[42S22]: Column not found: 1054 Unknown column 'status' in 'where clause'
[27-Nov-2025 18:00:06 Europe/Berlin] Error fetching discount types: SQLSTATE[42S22]: Column not found: 1054 Unknown column 'status' in 'where clause'
[27-Nov-2025 18:00:10 Europe/Berlin] Session data: Array
(
    [redirect_url] => http://localhost/Admin/Customer/aa/login.php
    [user_id] => 40
    [user_type] => customer
    [email] => chanomabalo@gmail.com
    [csrf_token] => c5396b8152ca2cf6d58f34809e3c5cec7966253eef27e4abc490aa1223a897e1
    [booking_list] => Array
        (
            [0] => Array
                (
                    [room_type_id] => 11
                    [room_type] => Double Occupancy
                    [price] => 3200.00
                    [capacity] => 3
                    [image] => room_11_1_1749748500.jpg
                    [available_rooms] => 1
                    [quantity] => 1
                )

        )

)

[27-Nov-2025 18:00:10 Europe/Berlin] POST data: Array
(
)

[27-Nov-2025 18:00:10 Europe/Berlin] Starting getRoomTypesWithNumbers function
[27-Nov-2025 18:00:10 Europe/Berlin] Using check-in: 2025-11-27, check-out: 2025-11-28
[27-Nov-2025 18:00:10 Europe/Berlin] Active room types count: 2
[27-Nov-2025 18:00:10 Europe/Berlin] Executing SQL: SELECT 
                    rt.room_type_id, 
                    rt.room_type as room_type, 
                    rt.price, 
                    rt.capacity,
                    rt.description, 
                    rt.beds, 
                    rt.rating, 
                    rt.image,
                    rt.image2,
                    rt.image3,
                    rt.status as room_status,
                    CASE 
                        WHEN rt.discount_valid_until >= CURDATE() THEN rt.discount_percent 
                        ELSE NULL 
                    END as discount_percent,
                    rt.discount_valid_until,
                    COALESCE((
                        SELECT COUNT(*)
                        FROM room_numbers rn
                        WHERE rn.room_type_id = rt.room_type_id 
                        AND rn.status = 'active'
                    ), 0) as total_rooms,
                    CASE 
                        WHEN rt.status = 'active' THEN 'Available' 
                        ELSE 'Not Available' 
                    END as status
                FROM room_types rt
                WHERE rt.status = 'active'
                ORDER BY rt.room_type
[27-Nov-2025 18:00:10 Europe/Berlin] Found 2 active room types
[27-Nov-2025 18:00:10 Europe/Berlin] Rooms data: Array
(
    [0] => Array
        (
            [room_type_id] => 11
            [room_type] => Double Occupancy
            [price] => 3200.00
            [capacity] => 3
            [description] => Room
            [beds] => 2 Single Beds, 1 Queen bed
            [rating] => 3.7
            [image] => room_11_1_1749748500.jpg
            [image2] => 
            [image3] => 
            [room_status] => active
            [discount_percent] => 
            [discount_valid_until] => 
            [total_rooms] => 1
            [status] => Available
        )

    [1] => Array
        (
            [room_type_id] => 3
            [room_type] => Triple Occupancy
            [price] => 4200.00
            [capacity] => 3
            [description] => Room
            [beds] => 1 Single Bed & 1 Queen Bed or 3 Single Beds
            [rating] => 4.4
            [image] => room_3_1_1749748535.jpg
            [image2] => /uploads/rooms/room_type_67f9739f87ef4_2.jpg
            [image3] => /uploads/rooms/room_type_67f9739f8ba32_3.jpg
            [room_status] => active
            [discount_percent] => 
            [discount_valid_until] => 
            [total_rooms] => 1
            [status] => Available
        )

)

[27-Nov-2025 18:00:10 Europe/Berlin] Error fetching discount types: SQLSTATE[42S22]: Column not found: 1054 Unknown column 'status' in 'where clause'
[27-Nov-2025 18:00:10 Europe/Berlin] Error fetching discount types: SQLSTATE[42S22]: Column not found: 1054 Unknown column 'status' in 'where clause'
[27-Nov-2025 18:00:13 Europe/Berlin] Session data: Array
(
    [redirect_url] => http://localhost/Admin/Customer/aa/login.php
    [user_id] => 40
    [user_type] => customer
    [email] => chanomabalo@gmail.com
    [csrf_token] => c5396b8152ca2cf6d58f34809e3c5cec7966253eef27e4abc490aa1223a897e1
    [booking_list] => Array
        (
            [0] => Array
                (
                    [room_type_id] => 11
                    [room_type] => Double Occupancy
                    [price] => 3200.00
                    [capacity] => 3
                    [image] => room_11_1_1749748500.jpg
                    [available_rooms] => 1
                    [quantity] => 1
                )

            [1] => Array
                (
                    [room_type_id] => 3
                    [room_type] => Triple Occupancy
                    [price] => 4200.00
                    [capacity] => 3
                    [image] => room_3_1_1749748535.jpg
                    [available_rooms] => 1
                    [quantity] => 1
                )

        )

)

[27-Nov-2025 18:00:13 Europe/Berlin] POST data: Array
(
)

[27-Nov-2025 18:00:13 Europe/Berlin] Starting getRoomTypesWithNumbers function
[27-Nov-2025 18:00:13 Europe/Berlin] Using check-in: 2025-11-27, check-out: 2025-11-28
[27-Nov-2025 18:00:13 Europe/Berlin] Active room types count: 2
[27-Nov-2025 18:00:13 Europe/Berlin] Executing SQL: SELECT 
                    rt.room_type_id, 
                    rt.room_type as room_type, 
                    rt.price, 
                    rt.capacity,
                    rt.description, 
                    rt.beds, 
                    rt.rating, 
                    rt.image,
                    rt.image2,
                    rt.image3,
                    rt.status as room_status,
                    CASE 
                        WHEN rt.discount_valid_until >= CURDATE() THEN rt.discount_percent 
                        ELSE NULL 
                    END as discount_percent,
                    rt.discount_valid_until,
                    COALESCE((
                        SELECT COUNT(*)
                        FROM room_numbers rn
                        WHERE rn.room_type_id = rt.room_type_id 
                        AND rn.status = 'active'
                    ), 0) as total_rooms,
                    CASE 
                        WHEN rt.status = 'active' THEN 'Available' 
                        ELSE 'Not Available' 
                    END as status
                FROM room_types rt
                WHERE rt.status = 'active'
                ORDER BY rt.room_type
[27-Nov-2025 18:00:13 Europe/Berlin] Found 2 active room types
[27-Nov-2025 18:00:13 Europe/Berlin] Rooms data: Array
(
    [0] => Array
        (
            [room_type_id] => 11
            [room_type] => Double Occupancy
            [price] => 3200.00
            [capacity] => 3
            [description] => Room
            [beds] => 2 Single Beds, 1 Queen bed
            [rating] => 3.7
            [image] => room_11_1_1749748500.jpg
            [image2] => 
            [image3] => 
            [room_status] => active
            [discount_percent] => 
            [discount_valid_until] => 
            [total_rooms] => 1
            [status] => Available
        )

    [1] => Array
        (
            [room_type_id] => 3
            [room_type] => Triple Occupancy
            [price] => 4200.00
            [capacity] => 3
            [description] => Room
            [beds] => 1 Single Bed & 1 Queen Bed or 3 Single Beds
            [rating] => 4.4
            [image] => room_3_1_1749748535.jpg
            [image2] => /uploads/rooms/room_type_67f9739f87ef4_2.jpg
            [image3] => /uploads/rooms/room_type_67f9739f8ba32_3.jpg
            [room_status] => active
            [discount_percent] => 
            [discount_valid_until] => 
            [total_rooms] => 1
            [status] => Available
        )

)

[27-Nov-2025 18:00:13 Europe/Berlin] Error fetching discount types: SQLSTATE[42S22]: Column not found: 1054 Unknown column 'status' in 'where clause'
[27-Nov-2025 18:00:13 Europe/Berlin] Error fetching discount types: SQLSTATE[42S22]: Column not found: 1054 Unknown column 'status' in 'where clause'
[27-Nov-2025 18:07:59 Europe/Berlin] Session data: Array
(
    [redirect_url] => http://localhost/Admin/Customer/aa/login.php
    [user_id] => 40
    [user_type] => customer
    [email] => chanomabalo@gmail.com
    [csrf_token] => c5396b8152ca2cf6d58f34809e3c5cec7966253eef27e4abc490aa1223a897e1
)

[27-Nov-2025 18:07:59 Europe/Berlin] POST data: Array
(
)

[27-Nov-2025 18:07:59 Europe/Berlin] Starting getRoomTypesWithNumbers function
[27-Nov-2025 18:07:59 Europe/Berlin] Using check-in: 2025-11-27, check-out: 2025-11-28
[27-Nov-2025 18:07:59 Europe/Berlin] Active room types count: 2
[27-Nov-2025 18:07:59 Europe/Berlin] Executing SQL: SELECT 
                    rt.room_type_id, 
                    rt.room_type as room_type, 
                    rt.price, 
                    rt.capacity,
                    rt.description, 
                    rt.beds, 
                    rt.rating, 
                    rt.image,
                    rt.image2,
                    rt.image3,
                    rt.status as room_status,
                    CASE 
                        WHEN rt.discount_valid_until >= CURDATE() THEN rt.discount_percent 
                        ELSE NULL 
                    END as discount_percent,
                    rt.discount_valid_until,
                    COALESCE((
                        SELECT COUNT(*)
                        FROM room_numbers rn
                        WHERE rn.room_type_id = rt.room_type_id 
                        AND rn.status = 'active'
                    ), 0) as total_rooms,
                    CASE 
                        WHEN rt.status = 'active' THEN 'Available' 
                        ELSE 'Not Available' 
                    END as status
                FROM room_types rt
                WHERE rt.status = 'active'
                ORDER BY rt.room_type
[27-Nov-2025 18:07:59 Europe/Berlin] Found 2 active room types
[27-Nov-2025 18:07:59 Europe/Berlin] Rooms data: Array
(
    [0] => Array
        (
            [room_type_id] => 11
            [room_type] => Double Occupancy
            [price] => 3200.00
            [capacity] => 3
            [description] => Room
            [beds] => 2 Single Beds, 1 Queen bed
            [rating] => 3.7
            [image] => room_11_1_1749748500.jpg
            [image2] => 
            [image3] => 
            [room_status] => active
            [discount_percent] => 
            [discount_valid_until] => 
            [total_rooms] => 1
            [status] => Available
        )

    [1] => Array
        (
            [room_type_id] => 3
            [room_type] => Triple Occupancy
            [price] => 4200.00
            [capacity] => 3
            [description] => Room
            [beds] => 1 Single Bed & 1 Queen Bed or 3 Single Beds
            [rating] => 4.4
            [image] => room_3_1_1749748535.jpg
            [image2] => /uploads/rooms/room_type_67f9739f87ef4_2.jpg
            [image3] => /uploads/rooms/room_type_67f9739f8ba32_3.jpg
            [room_status] => active
            [discount_percent] => 
            [discount_valid_until] => 
            [total_rooms] => 1
            [status] => Available
        )

)

[27-Nov-2025 18:07:59 Europe/Berlin] Error fetching discount types: SQLSTATE[42S22]: Column not found: 1054 Unknown column 'status' in 'where clause'
[27-Nov-2025 18:07:59 Europe/Berlin] Error fetching discount types: SQLSTATE[42S22]: Column not found: 1054 Unknown column 'status' in 'where clause'
[27-Nov-2025 18:08:21 Europe/Berlin] Session data: Array
(
    [redirect_url] => http://localhost/Admin/Customer/aa/login.php
    [user_id] => 40
    [user_type] => customer
    [email] => chanomabalo@gmail.com
    [csrf_token] => c5396b8152ca2cf6d58f34809e3c5cec7966253eef27e4abc490aa1223a897e1
    [booking_data] => Array
        (
            [first_name] => 
            [last_name] => 
            [email] => 
            [phone] => 
            [check_in] => 2025-11-29
            [check_out] => 2025-11-30
            [num_adults] => 1
            [num_children] => 0
            [num_nights] => 1
            [payment_option] => Custom Payment
            [payment_method] => 
            [total_amount] => 7400.00
            [payment_amount] => 0
            [remaining_balance] => 0
            [room_items] => [object Object],[object Object]
        )

)

[27-Nov-2025 18:08:21 Europe/Berlin] POST data: Array
(
)

[27-Nov-2025 18:08:21 Europe/Berlin] Starting getRoomTypesWithNumbers function
[27-Nov-2025 18:08:21 Europe/Berlin] Using check-in: 2025-11-27, check-out: 2025-11-28
[27-Nov-2025 18:08:21 Europe/Berlin] Active room types count: 2
[27-Nov-2025 18:08:21 Europe/Berlin] Executing SQL: SELECT 
                    rt.room_type_id, 
                    rt.room_type as room_type, 
                    rt.price, 
                    rt.capacity,
                    rt.description, 
                    rt.beds, 
                    rt.rating, 
                    rt.image,
                    rt.image2,
                    rt.image3,
                    rt.status as room_status,
                    CASE 
                        WHEN rt.discount_valid_until >= CURDATE() THEN rt.discount_percent 
                        ELSE NULL 
                    END as discount_percent,
                    rt.discount_valid_until,
                    COALESCE((
                        SELECT COUNT(*)
                        FROM room_numbers rn
                        WHERE rn.room_type_id = rt.room_type_id 
                        AND rn.status = 'active'
                    ), 0) as total_rooms,
                    CASE 
                        WHEN rt.status = 'active' THEN 'Available' 
                        ELSE 'Not Available' 
                    END as status
                FROM room_types rt
                WHERE rt.status = 'active'
                ORDER BY rt.room_type
[27-Nov-2025 18:08:21 Europe/Berlin] Found 2 active room types
[27-Nov-2025 18:08:21 Europe/Berlin] Rooms data: Array
(
    [0] => Array
        (
            [room_type_id] => 11
            [room_type] => Double Occupancy
            [price] => 3200.00
            [capacity] => 3
            [description] => Room
            [beds] => 2 Single Beds, 1 Queen bed
            [rating] => 3.7
            [image] => room_11_1_1749748500.jpg
            [image2] => 
            [image3] => 
            [room_status] => active
            [discount_percent] => 
            [discount_valid_until] => 
            [total_rooms] => 1
            [status] => Available
        )

    [1] => Array
        (
            [room_type_id] => 3
            [room_type] => Triple Occupancy
            [price] => 4200.00
            [capacity] => 3
            [description] => Room
            [beds] => 1 Single Bed & 1 Queen Bed or 3 Single Beds
            [rating] => 4.4
            [image] => room_3_1_1749748535.jpg
            [image2] => /uploads/rooms/room_type_67f9739f87ef4_2.jpg
            [image3] => /uploads/rooms/room_type_67f9739f8ba32_3.jpg
            [room_status] => active
            [discount_percent] => 
            [discount_valid_until] => 
            [total_rooms] => 1
            [status] => Available
        )

)

[27-Nov-2025 18:08:21 Europe/Berlin] Error fetching discount types: SQLSTATE[42S22]: Column not found: 1054 Unknown column 'status' in 'where clause'
[27-Nov-2025 18:08:21 Europe/Berlin] Error fetching discount types: SQLSTATE[42S22]: Column not found: 1054 Unknown column 'status' in 'where clause'
[27-Nov-2025 18:08:28 Europe/Berlin] Session data: Array
(
    [redirect_url] => http://localhost/Admin/Customer/aa/login.php
    [user_id] => 40
    [user_type] => customer
    [email] => chanomabalo@gmail.com
    [csrf_token] => c5396b8152ca2cf6d58f34809e3c5cec7966253eef27e4abc490aa1223a897e1
    [booking_data] => Array
        (
            [first_name] => 
            [last_name] => 
            [email] => 
            [phone] => 
            [check_in] => 2025-11-29
            [check_out] => 2025-11-30
            [num_adults] => 1
            [num_children] => 0
            [num_nights] => 1
            [payment_option] => Custom Payment
            [payment_method] => 
            [total_amount] => 7400.00
            [payment_amount] => 0
            [remaining_balance] => 0
            [room_items] => [object Object],[object Object]
        )

    [booking_list] => Array
        (
            [0] => Array
                (
                    [room_type_id] => 11
                    [room_type] => Double Occupancy
                    [price] => 3200.00
                    [capacity] => 3
                    [image] => room_11_1_1749748500.jpg
                    [available_rooms] => 1
                    [quantity] => 1
                )

        )

)

[27-Nov-2025 18:08:28 Europe/Berlin] POST data: Array
(
)

[27-Nov-2025 18:08:28 Europe/Berlin] Starting getRoomTypesWithNumbers function
[27-Nov-2025 18:08:28 Europe/Berlin] Using check-in: 2025-11-27, check-out: 2025-11-28
[27-Nov-2025 18:08:28 Europe/Berlin] Active room types count: 2
[27-Nov-2025 18:08:28 Europe/Berlin] Executing SQL: SELECT 
                    rt.room_type_id, 
                    rt.room_type as room_type, 
                    rt.price, 
                    rt.capacity,
                    rt.description, 
                    rt.beds, 
                    rt.rating, 
                    rt.image,
                    rt.image2,
                    rt.image3,
                    rt.status as room_status,
                    CASE 
                        WHEN rt.discount_valid_until >= CURDATE() THEN rt.discount_percent 
                        ELSE NULL 
                    END as discount_percent,
                    rt.discount_valid_until,
                    COALESCE((
                        SELECT COUNT(*)
                        FROM room_numbers rn
                        WHERE rn.room_type_id = rt.room_type_id 
                        AND rn.status = 'active'
                    ), 0) as total_rooms,
                    CASE 
                        WHEN rt.status = 'active' THEN 'Available' 
                        ELSE 'Not Available' 
                    END as status
                FROM room_types rt
                WHERE rt.status = 'active'
                ORDER BY rt.room_type
[27-Nov-2025 18:08:28 Europe/Berlin] Found 2 active room types
[27-Nov-2025 18:08:28 Europe/Berlin] Rooms data: Array
(
    [0] => Array
        (
            [room_type_id] => 11
            [room_type] => Double Occupancy
            [price] => 3200.00
            [capacity] => 3
            [description] => Room
            [beds] => 2 Single Beds, 1 Queen bed
            [rating] => 3.7
            [image] => room_11_1_1749748500.jpg
            [image2] => 
            [image3] => 
            [room_status] => active
            [discount_percent] => 
            [discount_valid_until] => 
            [total_rooms] => 1
            [status] => Available
        )

    [1] => Array
        (
            [room_type_id] => 3
            [room_type] => Triple Occupancy
            [price] => 4200.00
            [capacity] => 3
            [description] => Room
            [beds] => 1 Single Bed & 1 Queen Bed or 3 Single Beds
            [rating] => 4.4
            [image] => room_3_1_1749748535.jpg
            [image2] => /uploads/rooms/room_type_67f9739f87ef4_2.jpg
            [image3] => /uploads/rooms/room_type_67f9739f8ba32_3.jpg
            [room_status] => active
            [discount_percent] => 
            [discount_valid_until] => 
            [total_rooms] => 1
            [status] => Available
        )

)

[27-Nov-2025 18:08:28 Europe/Berlin] Error fetching discount types: SQLSTATE[42S22]: Column not found: 1054 Unknown column 'status' in 'where clause'
[27-Nov-2025 18:08:28 Europe/Berlin] Error fetching discount types: SQLSTATE[42S22]: Column not found: 1054 Unknown column 'status' in 'where clause'
[27-Nov-2025 18:08:31 Europe/Berlin] Session data: Array
(
    [redirect_url] => http://localhost/Admin/Customer/aa/login.php
    [user_id] => 40
    [user_type] => customer
    [email] => chanomabalo@gmail.com
    [csrf_token] => c5396b8152ca2cf6d58f34809e3c5cec7966253eef27e4abc490aa1223a897e1
    [booking_data] => Array
        (
            [first_name] => 
            [last_name] => 
            [email] => 
            [phone] => 
            [check_in] => 2025-11-29
            [check_out] => 2025-11-30
            [num_adults] => 1
            [num_children] => 0
            [num_nights] => 1
            [payment_option] => Custom Payment
            [payment_method] => 
            [total_amount] => 7400.00
            [payment_amount] => 0
            [remaining_balance] => 0
            [room_items] => [object Object],[object Object]
        )

    [booking_list] => Array
        (
            [0] => Array
                (
                    [room_type_id] => 11
                    [room_type] => Double Occupancy
                    [price] => 3200.00
                    [capacity] => 3
                    [image] => room_11_1_1749748500.jpg
                    [available_rooms] => 1
                    [quantity] => 1
                )

            [1] => Array
                (
                    [room_type_id] => 3
                    [room_type] => Triple Occupancy
                    [price] => 4200.00
                    [capacity] => 3
                    [image] => room_3_1_1749748535.jpg
                    [available_rooms] => 1
                    [quantity] => 1
                )

        )

)

[27-Nov-2025 18:08:31 Europe/Berlin] POST data: Array
(
)

[27-Nov-2025 18:08:31 Europe/Berlin] Starting getRoomTypesWithNumbers function
[27-Nov-2025 18:08:31 Europe/Berlin] Using check-in: 2025-11-27, check-out: 2025-11-28
[27-Nov-2025 18:08:31 Europe/Berlin] Active room types count: 2
[27-Nov-2025 18:08:31 Europe/Berlin] Executing SQL: SELECT 
                    rt.room_type_id, 
                    rt.room_type as room_type, 
                    rt.price, 
                    rt.capacity,
                    rt.description, 
                    rt.beds, 
                    rt.rating, 
                    rt.image,
                    rt.image2,
                    rt.image3,
                    rt.status as room_status,
                    CASE 
                        WHEN rt.discount_valid_until >= CURDATE() THEN rt.discount_percent 
                        ELSE NULL 
                    END as discount_percent,
                    rt.discount_valid_until,
                    COALESCE((
                        SELECT COUNT(*)
                        FROM room_numbers rn
                        WHERE rn.room_type_id = rt.room_type_id 
                        AND rn.status = 'active'
                    ), 0) as total_rooms,
                    CASE 
                        WHEN rt.status = 'active' THEN 'Available' 
                        ELSE 'Not Available' 
                    END as status
                FROM room_types rt
                WHERE rt.status = 'active'
                ORDER BY rt.room_type
[27-Nov-2025 18:08:31 Europe/Berlin] Found 2 active room types
[27-Nov-2025 18:08:31 Europe/Berlin] Rooms data: Array
(
    [0] => Array
        (
            [room_type_id] => 11
            [room_type] => Double Occupancy
            [price] => 3200.00
            [capacity] => 3
            [description] => Room
            [beds] => 2 Single Beds, 1 Queen bed
            [rating] => 3.7
            [image] => room_11_1_1749748500.jpg
            [image2] => 
            [image3] => 
            [room_status] => active
            [discount_percent] => 
            [discount_valid_until] => 
            [total_rooms] => 1
            [status] => Available
        )

    [1] => Array
        (
            [room_type_id] => 3
            [room_type] => Triple Occupancy
            [price] => 4200.00
            [capacity] => 3
            [description] => Room
            [beds] => 1 Single Bed & 1 Queen Bed or 3 Single Beds
            [rating] => 4.4
            [image] => room_3_1_1749748535.jpg
            [image2] => /uploads/rooms/room_type_67f9739f87ef4_2.jpg
            [image3] => /uploads/rooms/room_type_67f9739f8ba32_3.jpg
            [room_status] => active
            [discount_percent] => 
            [discount_valid_until] => 
            [total_rooms] => 1
            [status] => Available
        )

)

[27-Nov-2025 18:08:31 Europe/Berlin] Error fetching discount types: SQLSTATE[42S22]: Column not found: 1054 Unknown column 'status' in 'where clause'
[27-Nov-2025 18:08:31 Europe/Berlin] Error fetching discount types: SQLSTATE[42S22]: Column not found: 1054 Unknown column 'status' in 'where clause'
[27-Nov-2025 18:12:10 Europe/Berlin] Session data: Array
(
    [redirect_url] => http://localhost/Admin/Customer/aa/login.php
    [user_id] => 40
    [user_type] => customer
    [email] => chanomabalo@gmail.com
    [csrf_token] => c5396b8152ca2cf6d58f34809e3c5cec7966253eef27e4abc490aa1223a897e1
)

[27-Nov-2025 18:12:10 Europe/Berlin] POST data: Array
(
)

[27-Nov-2025 18:12:10 Europe/Berlin] Starting getRoomTypesWithNumbers function
[27-Nov-2025 18:12:10 Europe/Berlin] Using check-in: 2025-11-27, check-out: 2025-11-28
[27-Nov-2025 18:12:10 Europe/Berlin] Active room types count: 2
[27-Nov-2025 18:12:10 Europe/Berlin] Executing SQL: SELECT 
                    rt.room_type_id, 
                    rt.room_type as room_type, 
                    rt.price, 
                    rt.capacity,
                    rt.description, 
                    rt.beds, 
                    rt.rating, 
                    rt.image,
                    rt.image2,
                    rt.image3,
                    rt.status as room_status,
                    CASE 
                        WHEN rt.discount_valid_until >= CURDATE() THEN rt.discount_percent 
                        ELSE NULL 
                    END as discount_percent,
                    rt.discount_valid_until,
                    COALESCE((
                        SELECT COUNT(*)
                        FROM room_numbers rn
                        WHERE rn.room_type_id = rt.room_type_id 
                        AND rn.status = 'active'
                    ), 0) as total_rooms,
                    CASE 
                        WHEN rt.status = 'active' THEN 'Available' 
                        ELSE 'Not Available' 
                    END as status
                FROM room_types rt
                WHERE rt.status = 'active'
                ORDER BY rt.room_type
[27-Nov-2025 18:12:10 Europe/Berlin] Found 2 active room types
[27-Nov-2025 18:12:10 Europe/Berlin] Rooms data: Array
(
    [0] => Array
        (
            [room_type_id] => 11
            [room_type] => Double Occupancy
            [price] => 3200.00
            [capacity] => 3
            [description] => Room
            [beds] => 2 Single Beds, 1 Queen bed
            [rating] => 3.7
            [image] => room_11_1_1749748500.jpg
            [image2] => 
            [image3] => 
            [room_status] => active
            [discount_percent] => 
            [discount_valid_until] => 
            [total_rooms] => 1
            [status] => Available
        )

    [1] => Array
        (
            [room_type_id] => 3
            [room_type] => Triple Occupancy
            [price] => 4200.00
            [capacity] => 3
            [description] => Room
            [beds] => 1 Single Bed & 1 Queen Bed or 3 Single Beds
            [rating] => 4.4
            [image] => room_3_1_1749748535.jpg
            [image2] => /uploads/rooms/room_type_67f9739f87ef4_2.jpg
            [image3] => /uploads/rooms/room_type_67f9739f8ba32_3.jpg
            [room_status] => active
            [discount_percent] => 
            [discount_valid_until] => 
            [total_rooms] => 1
            [status] => Available
        )

)

[27-Nov-2025 18:12:10 Europe/Berlin] Error fetching discount types: SQLSTATE[42S22]: Column not found: 1054 Unknown column 'status' in 'where clause'
[27-Nov-2025 18:12:10 Europe/Berlin] Error fetching discount types: SQLSTATE[42S22]: Column not found: 1054 Unknown column 'status' in 'where clause'
[28-Nov-2025 15:50:09 Europe/Berlin] Session data: Array
(
    [redirect_url] => http://localhost/Admin/Customer/aa/login.php
    [user_id] => 40
    [user_type] => customer
    [email] => chanomabalo@gmail.com
    [csrf_token] => 4717ed0b6c316ade8e9443b835b163d5ef5eba838a2c16508ab2b28e20bd98ce
)

[28-Nov-2025 15:50:09 Europe/Berlin] POST data: Array
(
)

[28-Nov-2025 15:50:09 Europe/Berlin] Starting getRoomTypesWithNumbers function
[28-Nov-2025 15:50:09 Europe/Berlin] Using check-in: 2025-11-28, check-out: 2025-11-29
[28-Nov-2025 15:50:09 Europe/Berlin] Active room types count: 2
[28-Nov-2025 15:50:09 Europe/Berlin] Executing SQL: SELECT 
                    rt.room_type_id, 
                    rt.room_type as room_type, 
                    rt.price, 
                    rt.capacity,
                    rt.description, 
                    rt.beds, 
                    rt.rating, 
                    rt.image,
                    rt.image2,
                    rt.image3,
                    rt.status as room_status,
                    CASE 
                        WHEN rt.discount_valid_until >= CURDATE() THEN rt.discount_percent 
                        ELSE NULL 
                    END as discount_percent,
                    rt.discount_valid_until,
                    COALESCE((
                        SELECT COUNT(*)
                        FROM room_numbers rn
                        WHERE rn.room_type_id = rt.room_type_id 
                        AND rn.status = 'active'
                    ), 0) as total_rooms,
                    CASE 
                        WHEN rt.status = 'active' THEN 'Available' 
                        ELSE 'Not Available' 
                    END as status
                FROM room_types rt
                WHERE rt.status = 'active'
                ORDER BY rt.room_type
[28-Nov-2025 15:50:09 Europe/Berlin] Found 2 active room types
[28-Nov-2025 15:50:09 Europe/Berlin] Rooms data: Array
(
    [0] => Array
        (
            [room_type_id] => 11
            [room_type] => Double Occupancy
            [price] => 3200.00
            [capacity] => 3
            [description] => Room
            [beds] => 2 Single Beds, 1 Queen bed
            [rating] => 3.7
            [image] => room_11_1_1749748500.jpg
            [image2] => 
            [image3] => 
            [room_status] => active
            [discount_percent] => 
            [discount_valid_until] => 
            [total_rooms] => 1
            [status] => Available
        )

    [1] => Array
        (
            [room_type_id] => 3
            [room_type] => Triple Occupancy
            [price] => 4200.00
            [capacity] => 3
            [description] => Room
            [beds] => 1 Single Bed & 1 Queen Bed or 3 Single Beds
            [rating] => 4.4
            [image] => room_3_1_1749748535.jpg
            [image2] => /uploads/rooms/room_type_67f9739f87ef4_2.jpg
            [image3] => /uploads/rooms/room_type_67f9739f8ba32_3.jpg
            [room_status] => active
            [discount_percent] => 
            [discount_valid_until] => 
            [total_rooms] => 1
            [status] => Available
        )

)

[28-Nov-2025 15:50:09 Europe/Berlin] Error fetching discount types: SQLSTATE[42S22]: Column not found: 1054 Unknown column 'status' in 'where clause'
[28-Nov-2025 15:50:09 Europe/Berlin] Error fetching discount types: SQLSTATE[42S22]: Column not found: 1054 Unknown column 'status' in 'where clause'
[28-Nov-2025 15:50:13 Europe/Berlin] Session data: Array
(
    [redirect_url] => http://localhost/Admin/Customer/aa/login.php
    [user_id] => 40
    [user_type] => customer
    [email] => chanomabalo@gmail.com
    [csrf_token] => 4717ed0b6c316ade8e9443b835b163d5ef5eba838a2c16508ab2b28e20bd98ce
    [booking_list] => Array
        (
            [0] => Array
                (
                    [room_type_id] => 11
                    [room_type] => Double Occupancy
                    [price] => 3200.00
                    [capacity] => 3
                    [image] => room_11_1_1749748500.jpg
                    [available_rooms] => 1
                    [quantity] => 1
                )

        )

)

[28-Nov-2025 15:50:13 Europe/Berlin] POST data: Array
(
)

[28-Nov-2025 15:50:13 Europe/Berlin] Starting getRoomTypesWithNumbers function
[28-Nov-2025 15:50:13 Europe/Berlin] Using check-in: 2025-11-28, check-out: 2025-11-29
[28-Nov-2025 15:50:13 Europe/Berlin] Active room types count: 2
[28-Nov-2025 15:50:13 Europe/Berlin] Executing SQL: SELECT 
                    rt.room_type_id, 
                    rt.room_type as room_type, 
                    rt.price, 
                    rt.capacity,
                    rt.description, 
                    rt.beds, 
                    rt.rating, 
                    rt.image,
                    rt.image2,
                    rt.image3,
                    rt.status as room_status,
                    CASE 
                        WHEN rt.discount_valid_until >= CURDATE() THEN rt.discount_percent 
                        ELSE NULL 
                    END as discount_percent,
                    rt.discount_valid_until,
                    COALESCE((
                        SELECT COUNT(*)
                        FROM room_numbers rn
                        WHERE rn.room_type_id = rt.room_type_id 
                        AND rn.status = 'active'
                    ), 0) as total_rooms,
                    CASE 
                        WHEN rt.status = 'active' THEN 'Available' 
                        ELSE 'Not Available' 
                    END as status
                FROM room_types rt
                WHERE rt.status = 'active'
                ORDER BY rt.room_type
[28-Nov-2025 15:50:13 Europe/Berlin] Found 2 active room types
[28-Nov-2025 15:50:13 Europe/Berlin] Rooms data: Array
(
    [0] => Array
        (
            [room_type_id] => 11
            [room_type] => Double Occupancy
            [price] => 3200.00
            [capacity] => 3
            [description] => Room
            [beds] => 2 Single Beds, 1 Queen bed
            [rating] => 3.7
            [image] => room_11_1_1749748500.jpg
            [image2] => 
            [image3] => 
            [room_status] => active
            [discount_percent] => 
            [discount_valid_until] => 
            [total_rooms] => 1
            [status] => Available
        )

    [1] => Array
        (
            [room_type_id] => 3
            [room_type] => Triple Occupancy
            [price] => 4200.00
            [capacity] => 3
            [description] => Room
            [beds] => 1 Single Bed & 1 Queen Bed or 3 Single Beds
            [rating] => 4.4
            [image] => room_3_1_1749748535.jpg
            [image2] => /uploads/rooms/room_type_67f9739f87ef4_2.jpg
            [image3] => /uploads/rooms/room_type_67f9739f8ba32_3.jpg
            [room_status] => active
            [discount_percent] => 
            [discount_valid_until] => 
            [total_rooms] => 1
            [status] => Available
        )

)

[28-Nov-2025 15:50:13 Europe/Berlin] Error fetching discount types: SQLSTATE[42S22]: Column not found: 1054 Unknown column 'status' in 'where clause'
[28-Nov-2025 15:50:13 Europe/Berlin] Error fetching discount types: SQLSTATE[42S22]: Column not found: 1054 Unknown column 'status' in 'where clause'
[28-Nov-2025 15:50:18 Europe/Berlin] Session data: Array
(
    [redirect_url] => http://localhost/Admin/Customer/aa/login.php
    [user_id] => 40
    [user_type] => customer
    [email] => chanomabalo@gmail.com
    [csrf_token] => 4717ed0b6c316ade8e9443b835b163d5ef5eba838a2c16508ab2b28e20bd98ce
    [booking_list] => Array
        (
            [0] => Array
                (
                    [room_type_id] => 11
                    [room_type] => Double Occupancy
                    [price] => 3200.00
                    [capacity] => 3
                    [image] => room_11_1_1749748500.jpg
                    [available_rooms] => 1
                    [quantity] => 1
                )

            [1] => Array
                (
                    [room_type_id] => 3
                    [room_type] => Triple Occupancy
                    [price] => 4200.00
                    [capacity] => 3
                    [image] => room_3_1_1749748535.jpg
                    [available_rooms] => 1
                    [quantity] => 1
                )

        )

)

[28-Nov-2025 15:50:18 Europe/Berlin] POST data: Array
(
)

[28-Nov-2025 15:50:18 Europe/Berlin] Starting getRoomTypesWithNumbers function
[28-Nov-2025 15:50:18 Europe/Berlin] Using check-in: 2025-11-28, check-out: 2025-11-29
[28-Nov-2025 15:50:18 Europe/Berlin] Active room types count: 2
[28-Nov-2025 15:50:18 Europe/Berlin] Executing SQL: SELECT 
                    rt.room_type_id, 
                    rt.room_type as room_type, 
                    rt.price, 
                    rt.capacity,
                    rt.description, 
                    rt.beds, 
                    rt.rating, 
                    rt.image,
                    rt.image2,
                    rt.image3,
                    rt.status as room_status,
                    CASE 
                        WHEN rt.discount_valid_until >= CURDATE() THEN rt.discount_percent 
                        ELSE NULL 
                    END as discount_percent,
                    rt.discount_valid_until,
                    COALESCE((
                        SELECT COUNT(*)
                        FROM room_numbers rn
                        WHERE rn.room_type_id = rt.room_type_id 
                        AND rn.status = 'active'
                    ), 0) as total_rooms,
                    CASE 
                        WHEN rt.status = 'active' THEN 'Available' 
                        ELSE 'Not Available' 
                    END as status
                FROM room_types rt
                WHERE rt.status = 'active'
                ORDER BY rt.room_type
[28-Nov-2025 15:50:18 Europe/Berlin] Found 2 active room types
[28-Nov-2025 15:50:18 Europe/Berlin] Rooms data: Array
(
    [0] => Array
        (
            [room_type_id] => 11
            [room_type] => Double Occupancy
            [price] => 3200.00
            [capacity] => 3
            [description] => Room
            [beds] => 2 Single Beds, 1 Queen bed
            [rating] => 3.7
            [image] => room_11_1_1749748500.jpg
            [image2] => 
            [image3] => 
            [room_status] => active
            [discount_percent] => 
            [discount_valid_until] => 
            [total_rooms] => 1
            [status] => Available
        )

    [1] => Array
        (
            [room_type_id] => 3
            [room_type] => Triple Occupancy
            [price] => 4200.00
            [capacity] => 3
            [description] => Room
            [beds] => 1 Single Bed & 1 Queen Bed or 3 Single Beds
            [rating] => 4.4
            [image] => room_3_1_1749748535.jpg
            [image2] => /uploads/rooms/room_type_67f9739f87ef4_2.jpg
            [image3] => /uploads/rooms/room_type_67f9739f8ba32_3.jpg
            [room_status] => active
            [discount_percent] => 
            [discount_valid_until] => 
            [total_rooms] => 1
            [status] => Available
        )

)

[28-Nov-2025 15:50:18 Europe/Berlin] Error fetching discount types: SQLSTATE[42S22]: Column not found: 1054 Unknown column 'status' in 'where clause'
[28-Nov-2025 15:50:18 Europe/Berlin] Error fetching discount types: SQLSTATE[42S22]: Column not found: 1054 Unknown column 'status' in 'where clause'
[28-Nov-2025 15:51:08 Europe/Berlin] Session data: Array
(
    [redirect_url] => http://localhost/Admin/Customer/aa/login.php
    [user_id] => 40
    [user_type] => customer
    [email] => chanomabalo@gmail.com
    [csrf_token] => 4717ed0b6c316ade8e9443b835b163d5ef5eba838a2c16508ab2b28e20bd98ce
    [booking_list] => Array
        (
            [0] => Array
                (
                    [room_type_id] => 11
                    [room_type] => Double Occupancy
                    [price] => 3200.00
                    [capacity] => 3
                    [image] => room_11_1_1749748500.jpg
                    [available_rooms] => 1
                    [quantity] => 1
                    [available] => 1
                )

            [1] => Array
                (
                    [room_type_id] => 3
                    [room_type] => Triple Occupancy
                    [price] => 4200.00
                    [capacity] => 3
                    [image] => room_3_1_1749748535.jpg
                    [available_rooms] => 1
                    [quantity] => 1
                    [available] => 1
                )

        )

)

[28-Nov-2025 15:51:08 Europe/Berlin] POST data: Array
(
)

[28-Nov-2025 15:51:08 Europe/Berlin] Starting getRoomTypesWithNumbers function
[28-Nov-2025 15:51:08 Europe/Berlin] Using check-in: 2025-11-28, check-out: 2025-11-29
[28-Nov-2025 15:51:08 Europe/Berlin] Active room types count: 2
[28-Nov-2025 15:51:08 Europe/Berlin] Executing SQL: SELECT 
                    rt.room_type_id, 
                    rt.room_type as room_type, 
                    rt.price, 
                    rt.capacity,
                    rt.description, 
                    rt.beds, 
                    rt.rating, 
                    rt.image,
                    rt.image2,
                    rt.image3,
                    rt.status as room_status,
                    CASE 
                        WHEN rt.discount_valid_until >= CURDATE() THEN rt.discount_percent 
                        ELSE NULL 
                    END as discount_percent,
                    rt.discount_valid_until,
                    COALESCE((
                        SELECT COUNT(*)
                        FROM room_numbers rn
                        WHERE rn.room_type_id = rt.room_type_id 
                        AND rn.status = 'active'
                    ), 0) as total_rooms,
                    CASE 
                        WHEN rt.status = 'active' THEN 'Available' 
                        ELSE 'Not Available' 
                    END as status
                FROM room_types rt
                WHERE rt.status = 'active'
                ORDER BY rt.room_type
[28-Nov-2025 15:51:08 Europe/Berlin] Found 2 active room types
[28-Nov-2025 15:51:08 Europe/Berlin] Rooms data: Array
(
    [0] => Array
        (
            [room_type_id] => 11
            [room_type] => Double Occupancy
            [price] => 3200.00
            [capacity] => 3
            [description] => Room
            [beds] => 2 Single Beds, 1 Queen bed
            [rating] => 3.7
            [image] => room_11_1_1749748500.jpg
            [image2] => 
            [image3] => 
            [room_status] => active
            [discount_percent] => 
            [discount_valid_until] => 
            [total_rooms] => 1
            [status] => Available
        )

    [1] => Array
        (
            [room_type_id] => 3
            [room_type] => Triple Occupancy
            [price] => 4200.00
            [capacity] => 3
            [description] => Room
            [beds] => 1 Single Bed & 1 Queen Bed or 3 Single Beds
            [rating] => 4.4
            [image] => room_3_1_1749748535.jpg
            [image2] => /uploads/rooms/room_type_67f9739f87ef4_2.jpg
            [image3] => /uploads/rooms/room_type_67f9739f8ba32_3.jpg
            [room_status] => active
            [discount_percent] => 
            [discount_valid_until] => 
            [total_rooms] => 1
            [status] => Available
        )

)

[28-Nov-2025 15:51:08 Europe/Berlin] Error fetching discount types: SQLSTATE[42S22]: Column not found: 1054 Unknown column 'status' in 'where clause'
[28-Nov-2025 15:51:08 Europe/Berlin] Error fetching discount types: SQLSTATE[42S22]: Column not found: 1054 Unknown column 'status' in 'where clause'
[28-Nov-2025 15:55:31 Europe/Berlin] Session data: Array
(
    [redirect_url] => http://localhost/Admin/Customer/aa/login.php
    [user_id] => 40
    [user_type] => customer
    [email] => chanomabalo@gmail.com
    [csrf_token] => 4717ed0b6c316ade8e9443b835b163d5ef5eba838a2c16508ab2b28e20bd98ce
    [booking_list] => Array
        (
            [0] => Array
                (
                    [room_type_id] => 11
                    [room_type] => Double Occupancy
                    [price] => 3200.00
                    [capacity] => 3
                    [image] => room_11_1_1749748500.jpg
                    [available_rooms] => 1
                    [quantity] => 1
                    [available] => 1
                )

            [1] => Array
                (
                    [room_type_id] => 3
                    [room_type] => Triple Occupancy
                    [price] => 4200.00
                    [capacity] => 3
                    [image] => room_3_1_1749748535.jpg
                    [available_rooms] => 1
                    [quantity] => 1
                    [available] => 1
                )

        )

)

[28-Nov-2025 15:55:31 Europe/Berlin] POST data: Array
(
)

[28-Nov-2025 15:55:31 Europe/Berlin] Starting getRoomTypesWithNumbers function
[28-Nov-2025 15:55:31 Europe/Berlin] Using check-in: 2025-11-28, check-out: 2025-11-29
[28-Nov-2025 15:55:31 Europe/Berlin] Active room types count: 2
[28-Nov-2025 15:55:31 Europe/Berlin] Executing SQL: SELECT 
                    rt.room_type_id, 
                    rt.room_type as room_type, 
                    rt.price, 
                    rt.capacity,
                    rt.description, 
                    rt.beds, 
                    rt.rating, 
                    rt.image,
                    rt.image2,
                    rt.image3,
                    rt.status as room_status,
                    CASE 
                        WHEN rt.discount_valid_until >= CURDATE() THEN rt.discount_percent 
                        ELSE NULL 
                    END as discount_percent,
                    rt.discount_valid_until,
                    COALESCE((
                        SELECT COUNT(*)
                        FROM room_numbers rn
                        WHERE rn.room_type_id = rt.room_type_id 
                        AND rn.status = 'active'
                    ), 0) as total_rooms,
                    CASE 
                        WHEN rt.status = 'active' THEN 'Available' 
                        ELSE 'Not Available' 
                    END as status
                FROM room_types rt
                WHERE rt.status = 'active'
                ORDER BY rt.room_type
[28-Nov-2025 15:55:31 Europe/Berlin] Found 2 active room types
[28-Nov-2025 15:55:31 Europe/Berlin] Rooms data: Array
(
    [0] => Array
        (
            [room_type_id] => 11
            [room_type] => Double Occupancy
            [price] => 3200.00
            [capacity] => 3
            [description] => Room
            [beds] => 2 Single Beds, 1 Queen bed
            [rating] => 3.7
            [image] => room_11_1_1749748500.jpg
            [image2] => 
            [image3] => 
            [room_status] => active
            [discount_percent] => 
            [discount_valid_until] => 
            [total_rooms] => 1
            [status] => Available
        )

    [1] => Array
        (
            [room_type_id] => 3
            [room_type] => Triple Occupancy
            [price] => 4200.00
            [capacity] => 3
            [description] => Room
            [beds] => 1 Single Bed & 1 Queen Bed or 3 Single Beds
            [rating] => 4.4
            [image] => room_3_1_1749748535.jpg
            [image2] => /uploads/rooms/room_type_67f9739f87ef4_2.jpg
            [image3] => /uploads/rooms/room_type_67f9739f8ba32_3.jpg
            [room_status] => active
            [discount_percent] => 
            [discount_valid_until] => 
            [total_rooms] => 1
            [status] => Available
        )

)

[28-Nov-2025 15:55:31 Europe/Berlin] Error fetching discount types: SQLSTATE[42S22]: Column not found: 1054 Unknown column 'status' in 'where clause'
[28-Nov-2025 15:55:31 Europe/Berlin] Error fetching discount types: SQLSTATE[42S22]: Column not found: 1054 Unknown column 'status' in 'where clause'
[28-Nov-2025 16:04:03 Europe/Berlin] Session data: Array
(
    [redirect_url] => http://localhost/Admin/Customer/aa/login.php
    [user_id] => 40
    [user_type] => customer
    [email] => chanomabalo@gmail.com
    [csrf_token] => 4717ed0b6c316ade8e9443b835b163d5ef5eba838a2c16508ab2b28e20bd98ce
    [booking_list] => Array
        (
            [0] => Array
                (
                    [room_type_id] => 11
                    [room_type] => Double Occupancy
                    [price] => 3200.00
                    [capacity] => 3
                    [image] => room_11_1_1749748500.jpg
                    [available_rooms] => 1
                    [quantity] => 1
                    [available] => 1
                )

            [1] => Array
                (
                    [room_type_id] => 3
                    [room_type] => Triple Occupancy
                    [price] => 4200.00
                    [capacity] => 3
                    [image] => room_3_1_1749748535.jpg
                    [available_rooms] => 1
                    [quantity] => 1
                    [available] => 1
                )

        )

    [booking_data] => Array
        (
            [first_name] => 
            [last_name] => 
            [email] => 
            [phone] => 
            [check_in] => 
            [check_out] => 
            [num_adults] => 
            [num_children] => 
            [num_nights] => 
            [payment_option] => Full Payment
            [payment_method] => Credit/Debit Card
            [total_amount] => 7400
            [payment_amount] => 7400
            [remaining_balance] => 0
            [room_items] => 
            [room_type_id] => 11
        )

)

[28-Nov-2025 16:04:03 Europe/Berlin] POST data: Array
(
)

[28-Nov-2025 16:04:03 Europe/Berlin] Starting getRoomTypesWithNumbers function
[28-Nov-2025 16:04:03 Europe/Berlin] Using check-in: 2025-11-28, check-out: 2025-11-29
[28-Nov-2025 16:04:03 Europe/Berlin] Active room types count: 2
[28-Nov-2025 16:04:03 Europe/Berlin] Executing SQL: SELECT 
                    rt.room_type_id, 
                    rt.room_type as room_type, 
                    rt.price, 
                    rt.capacity,
                    rt.description, 
                    rt.beds, 
                    rt.rating, 
                    rt.image,
                    rt.image2,
                    rt.image3,
                    rt.status as room_status,
                    CASE 
                        WHEN rt.discount_valid_until >= CURDATE() THEN rt.discount_percent 
                        ELSE NULL 
                    END as discount_percent,
                    rt.discount_valid_until,
                    COALESCE((
                        SELECT COUNT(*)
                        FROM room_numbers rn
                        WHERE rn.room_type_id = rt.room_type_id 
                        AND rn.status = 'active'
                    ), 0) as total_rooms,
                    CASE 
                        WHEN rt.status = 'active' THEN 'Available' 
                        ELSE 'Not Available' 
                    END as status
                FROM room_types rt
                WHERE rt.status = 'active'
                ORDER BY rt.room_type
[28-Nov-2025 16:04:03 Europe/Berlin] Found 2 active room types
[28-Nov-2025 16:04:03 Europe/Berlin] Rooms data: Array
(
    [0] => Array
        (
            [room_type_id] => 11
            [room_type] => Double Occupancy
            [price] => 3200.00
            [capacity] => 3
            [description] => Room
            [beds] => 2 Single Beds, 1 Queen bed
            [rating] => 3.7
            [image] => room_11_1_1749748500.jpg
            [image2] => 
            [image3] => 
            [room_status] => active
            [discount_percent] => 
            [discount_valid_until] => 
            [total_rooms] => 1
            [status] => Available
        )

    [1] => Array
        (
            [room_type_id] => 3
            [room_type] => Triple Occupancy
            [price] => 4200.00
            [capacity] => 3
            [description] => Room
            [beds] => 1 Single Bed & 1 Queen Bed or 3 Single Beds
            [rating] => 4.4
            [image] => room_3_1_1749748535.jpg
            [image2] => /uploads/rooms/room_type_67f9739f87ef4_2.jpg
            [image3] => /uploads/rooms/room_type_67f9739f8ba32_3.jpg
            [room_status] => active
            [discount_percent] => 
            [discount_valid_until] => 
            [total_rooms] => 1
            [status] => Available
        )

)

[28-Nov-2025 16:04:03 Europe/Berlin] Error fetching discount types: SQLSTATE[42S22]: Column not found: 1054 Unknown column 'status' in 'where clause'
[28-Nov-2025 16:04:03 Europe/Berlin] Error fetching discount types: SQLSTATE[42S22]: Column not found: 1054 Unknown column 'status' in 'where clause'
[28-Nov-2025 16:04:53 Europe/Berlin] Session data: Array
(
    [redirect_url] => http://localhost/Admin/Customer/aa/login.php
    [user_id] => 40
    [user_type] => customer
    [email] => chanomabalo@gmail.com
    [csrf_token] => 4717ed0b6c316ade8e9443b835b163d5ef5eba838a2c16508ab2b28e20bd98ce
    [booking_list] => Array
        (
            [0] => Array
                (
                    [room_type_id] => 11
                    [room_type] => Double Occupancy
                    [price] => 3200.00
                    [capacity] => 3
                    [image] => room_11_1_1749748500.jpg
                    [available_rooms] => 1
                    [quantity] => 1
                    [available] => 1
                )

            [1] => Array
                (
                    [room_type_id] => 3
                    [room_type] => Triple Occupancy
                    [price] => 4200.00
                    [capacity] => 3
                    [image] => room_3_1_1749748535.jpg
                    [available_rooms] => 1
                    [quantity] => 1
                    [available] => 1
                )

        )

    [booking_data] => Array
        (
            [first_name] => 
            [last_name] => 
            [email] => 
            [phone] => 
            [check_in] => 2025-12-02
            [check_out] => 2025-12-03
            [num_adults] => 1
            [num_children] => 0
            [num_nights] => 
            [payment_option] => Partial Payment
            [payment_method] => gcash
            [total_amount] => 7400
            [payment_amount] => 1500
            [remaining_balance] => 5900
            [room_items] => Array
                (
                    [0] => Array
                        (
                            [room_type] => Double Occupancy
                            [price] => 3200.00
                            [quantity] => 1
                            [total] => 3200
                        )

                    [1] => Array
                        (
                            [room_type] => Triple Occupancy
                            [price] => 4200.00
                            [quantity] => 1
                            [total] => 4200
                        )

                )

            [room_type] => Double Occupancy
            [room_type_id] => 0
            [room_price] => 3200
        )

)

[28-Nov-2025 16:04:53 Europe/Berlin] POST data: Array
(
)

[28-Nov-2025 16:04:53 Europe/Berlin] Starting getRoomTypesWithNumbers function
[28-Nov-2025 16:04:53 Europe/Berlin] Using check-in: 2025-11-28, check-out: 2025-11-29
[28-Nov-2025 16:04:53 Europe/Berlin] Active room types count: 2
[28-Nov-2025 16:04:53 Europe/Berlin] Executing SQL: SELECT 
                    rt.room_type_id, 
                    rt.room_type as room_type, 
                    rt.price, 
                    rt.capacity,
                    rt.description, 
                    rt.beds, 
                    rt.rating, 
                    rt.image,
                    rt.image2,
                    rt.image3,
                    rt.status as room_status,
                    CASE 
                        WHEN rt.discount_valid_until >= CURDATE() THEN rt.discount_percent 
                        ELSE NULL 
                    END as discount_percent,
                    rt.discount_valid_until,
                    COALESCE((
                        SELECT COUNT(*)
                        FROM room_numbers rn
                        WHERE rn.room_type_id = rt.room_type_id 
                        AND rn.status = 'active'
                    ), 0) as total_rooms,
                    CASE 
                        WHEN rt.status = 'active' THEN 'Available' 
                        ELSE 'Not Available' 
                    END as status
                FROM room_types rt
                WHERE rt.status = 'active'
                ORDER BY rt.room_type
[28-Nov-2025 16:04:53 Europe/Berlin] Found 2 active room types
[28-Nov-2025 16:04:53 Europe/Berlin] Rooms data: Array
(
    [0] => Array
        (
            [room_type_id] => 11
            [room_type] => Double Occupancy
            [price] => 3200.00
            [capacity] => 3
            [description] => Room
            [beds] => 2 Single Beds, 1 Queen bed
            [rating] => 3.7
            [image] => room_11_1_1749748500.jpg
            [image2] => 
            [image3] => 
            [room_status] => active
            [discount_percent] => 
            [discount_valid_until] => 
            [total_rooms] => 1
            [status] => Available
        )

    [1] => Array
        (
            [room_type_id] => 3
            [room_type] => Triple Occupancy
            [price] => 4200.00
            [capacity] => 3
            [description] => Room
            [beds] => 1 Single Bed & 1 Queen Bed or 3 Single Beds
            [rating] => 4.4
            [image] => room_3_1_1749748535.jpg
            [image2] => /uploads/rooms/room_type_67f9739f87ef4_2.jpg
            [image3] => /uploads/rooms/room_type_67f9739f8ba32_3.jpg
            [room_status] => active
            [discount_percent] => 
            [discount_valid_until] => 
            [total_rooms] => 1
            [status] => Available
        )

)

[28-Nov-2025 16:04:53 Europe/Berlin] Error fetching discount types: SQLSTATE[42S22]: Column not found: 1054 Unknown column 'status' in 'where clause'
[28-Nov-2025 16:04:53 Europe/Berlin] Error fetching discount types: SQLSTATE[42S22]: Column not found: 1054 Unknown column 'status' in 'where clause'
[28-Nov-2025 16:05:01 Europe/Berlin] Session data: Array
(
    [redirect_url] => http://localhost/Admin/Customer/aa/login.php
    [user_id] => 40
    [user_type] => customer
    [email] => chanomabalo@gmail.com
    [csrf_token] => 4717ed0b6c316ade8e9443b835b163d5ef5eba838a2c16508ab2b28e20bd98ce
    [booking_list] => Array
        (
            [0] => Array
                (
                    [room_type_id] => 11
                    [room_type] => Double Occupancy
                    [price] => 3200.00
                    [capacity] => 3
                    [image] => room_11_1_1749748500.jpg
                    [available_rooms] => 1
                    [quantity] => 1
                    [available] => 1
                )

            [1] => Array
                (
                    [room_type_id] => 3
                    [room_type] => Triple Occupancy
                    [price] => 4200.00
                    [capacity] => 3
                    [image] => room_3_1_1749748535.jpg
                    [available_rooms] => 1
                    [quantity] => 1
                    [available] => 1
                )

        )

    [booking_data] => Array
        (
            [first_name] => 
            [last_name] => 
            [email] => 
            [phone] => 
            [check_in] => 2025-12-02
            [check_out] => 2025-12-03
            [num_adults] => 1
            [num_children] => 0
            [num_nights] => 
            [payment_option] => Partial Payment
            [payment_method] => gcash
            [total_amount] => 7400
            [payment_amount] => 1500
            [remaining_balance] => 5900
            [room_items] => Array
                (
                    [0] => Array
                        (
                            [room_type] => Double Occupancy
                            [price] => 3200.00
                            [quantity] => 1
                            [total] => 3200
                        )

                    [1] => Array
                        (
                            [room_type] => Triple Occupancy
                            [price] => 4200.00
                            [quantity] => 1
                            [total] => 4200
                        )

                )

            [room_type] => Double Occupancy
            [room_type_id] => 0
            [room_price] => 3200
        )

)

[28-Nov-2025 16:05:01 Europe/Berlin] POST data: Array
(
)

[28-Nov-2025 16:05:01 Europe/Berlin] Starting getRoomTypesWithNumbers function
[28-Nov-2025 16:05:01 Europe/Berlin] Using check-in: 2025-11-28, check-out: 2025-11-29
[28-Nov-2025 16:05:01 Europe/Berlin] Active room types count: 2
[28-Nov-2025 16:05:01 Europe/Berlin] Executing SQL: SELECT 
                    rt.room_type_id, 
                    rt.room_type as room_type, 
                    rt.price, 
                    rt.capacity,
                    rt.description, 
                    rt.beds, 
                    rt.rating, 
                    rt.image,
                    rt.image2,
                    rt.image3,
                    rt.status as room_status,
                    CASE 
                        WHEN rt.discount_valid_until >= CURDATE() THEN rt.discount_percent 
                        ELSE NULL 
                    END as discount_percent,
                    rt.discount_valid_until,
                    COALESCE((
                        SELECT COUNT(*)
                        FROM room_numbers rn
                        WHERE rn.room_type_id = rt.room_type_id 
                        AND rn.status = 'active'
                    ), 0) as total_rooms,
                    CASE 
                        WHEN rt.status = 'active' THEN 'Available' 
                        ELSE 'Not Available' 
                    END as status
                FROM room_types rt
                WHERE rt.status = 'active'
                ORDER BY rt.room_type
[28-Nov-2025 16:05:01 Europe/Berlin] Found 2 active room types
[28-Nov-2025 16:05:01 Europe/Berlin] Rooms data: Array
(
    [0] => Array
        (
            [room_type_id] => 11
            [room_type] => Double Occupancy
            [price] => 3200.00
            [capacity] => 3
            [description] => Room
            [beds] => 2 Single Beds, 1 Queen bed
            [rating] => 3.7
            [image] => room_11_1_1749748500.jpg
            [image2] => 
            [image3] => 
            [room_status] => active
            [discount_percent] => 
            [discount_valid_until] => 
            [total_rooms] => 1
            [status] => Available
        )

    [1] => Array
        (
            [room_type_id] => 3
            [room_type] => Triple Occupancy
            [price] => 4200.00
            [capacity] => 3
            [description] => Room
            [beds] => 1 Single Bed & 1 Queen Bed or 3 Single Beds
            [rating] => 4.4
            [image] => room_3_1_1749748535.jpg
            [image2] => /uploads/rooms/room_type_67f9739f87ef4_2.jpg
            [image3] => /uploads/rooms/room_type_67f9739f8ba32_3.jpg
            [room_status] => active
            [discount_percent] => 
            [discount_valid_until] => 
            [total_rooms] => 1
            [status] => Available
        )

)

[28-Nov-2025 16:05:01 Europe/Berlin] Error fetching discount types: SQLSTATE[42S22]: Column not found: 1054 Unknown column 'status' in 'where clause'
[28-Nov-2025 16:05:01 Europe/Berlin] Error fetching discount types: SQLSTATE[42S22]: Column not found: 1054 Unknown column 'status' in 'where clause'
[28-Nov-2025 16:10:20 Europe/Berlin] Session data: Array
(
    [redirect_url] => http://localhost/Admin/Customer/aa/login.php
    [user_id] => 40
    [user_type] => customer
    [email] => chanomabalo@gmail.com
    [csrf_token] => 4717ed0b6c316ade8e9443b835b163d5ef5eba838a2c16508ab2b28e20bd98ce
    [booking_list] => Array
        (
            [0] => Array
                (
                    [room_type_id] => 11
                    [room_type] => Double Occupancy
                    [price] => 3200.00
                    [capacity] => 3
                    [image] => room_11_1_1749748500.jpg
                    [available_rooms] => 1
                    [quantity] => 1
                    [available] => 1
                )

            [1] => Array
                (
                    [room_type_id] => 3
                    [room_type] => Triple Occupancy
                    [price] => 4200.00
                    [capacity] => 3
                    [image] => room_3_1_1749748535.jpg
                    [available_rooms] => 1
                    [quantity] => 1
                    [available] => 1
                )

        )

    [booking_data] => Array
        (
            [first_name] => 
            [last_name] => 
            [email] => 
            [phone] => 
            [check_in] => 2025-12-01
            [check_out] => 2025-12-02
            [num_adults] => 1
            [num_children] => 0
            [num_nights] => 
            [payment_option] => Partial Payment
            [payment_method] => gcash
            [total_amount] => 7400
            [payment_amount] => 1500
            [remaining_balance] => 5900
            [room_items] => Array
                (
                    [0] => Array
                        (
                            [room_type] => Double Occupancy
                            [price] => 3200.00
                            [quantity] => 1
                            [total] => 3200
                        )

                    [1] => Array
                        (
                            [room_type] => Triple Occupancy
                            [price] => 4200.00
                            [quantity] => 1
                            [total] => 4200
                        )

                )

            [room_type] => Double Occupancy
            [room_type_id] => 0
            [room_price] => 3200
        )

)

[28-Nov-2025 16:10:20 Europe/Berlin] POST data: Array
(
)

[28-Nov-2025 16:10:20 Europe/Berlin] Starting getRoomTypesWithNumbers function
[28-Nov-2025 16:10:20 Europe/Berlin] Using check-in: 2025-11-28, check-out: 2025-11-29
[28-Nov-2025 16:10:20 Europe/Berlin] Active room types count: 2
[28-Nov-2025 16:10:20 Europe/Berlin] Executing SQL: SELECT 
                    rt.room_type_id, 
                    rt.room_type as room_type, 
                    rt.price, 
                    rt.capacity,
                    rt.description, 
                    rt.beds, 
                    rt.rating, 
                    rt.image,
                    rt.image2,
                    rt.image3,
                    rt.status as room_status,
                    CASE 
                        WHEN rt.discount_valid_until >= CURDATE() THEN rt.discount_percent 
                        ELSE NULL 
                    END as discount_percent,
                    rt.discount_valid_until,
                    COALESCE((
                        SELECT COUNT(*)
                        FROM room_numbers rn
                        WHERE rn.room_type_id = rt.room_type_id 
                        AND rn.status = 'active'
                    ), 0) as total_rooms,
                    CASE 
                        WHEN rt.status = 'active' THEN 'Available' 
                        ELSE 'Not Available' 
                    END as status
                FROM room_types rt
                WHERE rt.status = 'active'
                ORDER BY rt.room_type
[28-Nov-2025 16:10:20 Europe/Berlin] Found 2 active room types
[28-Nov-2025 16:10:20 Europe/Berlin] Rooms data: Array
(
    [0] => Array
        (
            [room_type_id] => 11
            [room_type] => Double Occupancy
            [price] => 3200.00
            [capacity] => 3
            [description] => Room
            [beds] => 2 Single Beds, 1 Queen bed
            [rating] => 3.7
            [image] => room_11_1_1749748500.jpg
            [image2] => 
            [image3] => 
            [room_status] => active
            [discount_percent] => 
            [discount_valid_until] => 
            [total_rooms] => 1
            [status] => Available
        )

    [1] => Array
        (
            [room_type_id] => 3
            [room_type] => Triple Occupancy
            [price] => 4200.00
            [capacity] => 3
            [description] => Room
            [beds] => 1 Single Bed & 1 Queen Bed or 3 Single Beds
            [rating] => 4.4
            [image] => room_3_1_1749748535.jpg
            [image2] => /uploads/rooms/room_type_67f9739f87ef4_2.jpg
            [image3] => /uploads/rooms/room_type_67f9739f8ba32_3.jpg
            [room_status] => active
            [discount_percent] => 
            [discount_valid_until] => 
            [total_rooms] => 1
            [status] => Available
        )

)

[28-Nov-2025 16:10:20 Europe/Berlin] Error fetching discount types: SQLSTATE[42S22]: Column not found: 1054 Unknown column 'status' in 'where clause'
[28-Nov-2025 16:10:20 Europe/Berlin] Error fetching discount types: SQLSTATE[42S22]: Column not found: 1054 Unknown column 'status' in 'where clause'
[28-Nov-2025 16:10:20 Europe/Berlin] Session data: Array
(
    [redirect_url] => http://localhost/Admin/Customer/aa/login.php
    [user_id] => 40
    [user_type] => customer
    [email] => chanomabalo@gmail.com
    [csrf_token] => 4717ed0b6c316ade8e9443b835b163d5ef5eba838a2c16508ab2b28e20bd98ce
    [booking_list] => Array
        (
            [0] => Array
                (
                    [room_type_id] => 11
                    [room_type] => Double Occupancy
                    [price] => 3200.00
                    [capacity] => 3
                    [image] => room_11_1_1749748500.jpg
                    [available_rooms] => 1
                    [quantity] => 1
                    [available] => 1
                )

            [1] => Array
                (
                    [room_type_id] => 3
                    [room_type] => Triple Occupancy
                    [price] => 4200.00
                    [capacity] => 3
                    [image] => room_3_1_1749748535.jpg
                    [available_rooms] => 1
                    [quantity] => 1
                    [available] => 1
                )

        )

    [booking_data] => Array
        (
            [first_name] => 
            [last_name] => 
            [email] => 
            [phone] => 
            [check_in] => 2025-12-01
            [check_out] => 2025-12-02
            [num_adults] => 1
            [num_children] => 0
            [num_nights] => 
            [payment_option] => Partial Payment
            [payment_method] => gcash
            [total_amount] => 7400
            [payment_amount] => 1500
            [remaining_balance] => 5900
            [room_items] => Array
                (
                    [0] => Array
                        (
                            [room_type] => Double Occupancy
                            [price] => 3200.00
                            [quantity] => 1
                            [total] => 3200
                        )

                    [1] => Array
                        (
                            [room_type] => Triple Occupancy
                            [price] => 4200.00
                            [quantity] => 1
                            [total] => 4200
                        )

                )

            [room_type] => Double Occupancy
            [room_type_id] => 0
            [room_price] => 3200
        )

)

[28-Nov-2025 16:10:20 Europe/Berlin] POST data: Array
(
)

[28-Nov-2025 16:10:20 Europe/Berlin] Starting getRoomTypesWithNumbers function
[28-Nov-2025 16:10:20 Europe/Berlin] Using check-in: 2025-11-28, check-out: 2025-11-29
[28-Nov-2025 16:10:20 Europe/Berlin] Active room types count: 2
[28-Nov-2025 16:10:20 Europe/Berlin] Executing SQL: SELECT 
                    rt.room_type_id, 
                    rt.room_type as room_type, 
                    rt.price, 
                    rt.capacity,
                    rt.description, 
                    rt.beds, 
                    rt.rating, 
                    rt.image,
                    rt.image2,
                    rt.image3,
                    rt.status as room_status,
                    CASE 
                        WHEN rt.discount_valid_until >= CURDATE() THEN rt.discount_percent 
                        ELSE NULL 
                    END as discount_percent,
                    rt.discount_valid_until,
                    COALESCE((
                        SELECT COUNT(*)
                        FROM room_numbers rn
                        WHERE rn.room_type_id = rt.room_type_id 
                        AND rn.status = 'active'
                    ), 0) as total_rooms,
                    CASE 
                        WHEN rt.status = 'active' THEN 'Available' 
                        ELSE 'Not Available' 
                    END as status
                FROM room_types rt
                WHERE rt.status = 'active'
                ORDER BY rt.room_type
[28-Nov-2025 16:10:20 Europe/Berlin] Found 2 active room types
[28-Nov-2025 16:10:20 Europe/Berlin] Rooms data: Array
(
    [0] => Array
        (
            [room_type_id] => 11
            [room_type] => Double Occupancy
            [price] => 3200.00
            [capacity] => 3
            [description] => Room
            [beds] => 2 Single Beds, 1 Queen bed
            [rating] => 3.7
            [image] => room_11_1_1749748500.jpg
            [image2] => 
            [image3] => 
            [room_status] => active
            [discount_percent] => 
            [discount_valid_until] => 
            [total_rooms] => 1
            [status] => Available
        )

    [1] => Array
        (
            [room_type_id] => 3
            [room_type] => Triple Occupancy
            [price] => 4200.00
            [capacity] => 3
            [description] => Room
            [beds] => 1 Single Bed & 1 Queen Bed or 3 Single Beds
            [rating] => 4.4
            [image] => room_3_1_1749748535.jpg
            [image2] => /uploads/rooms/room_type_67f9739f87ef4_2.jpg
            [image3] => /uploads/rooms/room_type_67f9739f8ba32_3.jpg
            [room_status] => active
            [discount_percent] => 
            [discount_valid_until] => 
            [total_rooms] => 1
            [status] => Available
        )

)

[28-Nov-2025 16:10:20 Europe/Berlin] Error fetching discount types: SQLSTATE[42S22]: Column not found: 1054 Unknown column 'status' in 'where clause'
[28-Nov-2025 16:10:20 Europe/Berlin] Error fetching discount types: SQLSTATE[42S22]: Column not found: 1054 Unknown column 'status' in 'where clause'
[28-Nov-2025 16:33:16 Europe/Berlin] Session data: Array
(
    [redirect_url] => http://localhost/Admin/Customer/aa/login.php
    [user_id] => 40
    [user_type] => customer
    [email] => chanomabalo@gmail.com
    [csrf_token] => 4717ed0b6c316ade8e9443b835b163d5ef5eba838a2c16508ab2b28e20bd98ce
    [booking_list] => Array
        (
            [0] => Array
                (
                    [room_type_id] => 11
                    [room_type] => Double Occupancy
                    [price] => 3200.00
                    [capacity] => 3
                    [image] => room_11_1_1749748500.jpg
                    [available_rooms] => 1
                    [quantity] => 1
                    [available] => 1
                )

            [1] => Array
                (
                    [room_type_id] => 3
                    [room_type] => Triple Occupancy
                    [price] => 4200.00
                    [capacity] => 3
                    [image] => room_3_1_1749748535.jpg
                    [available_rooms] => 1
                    [quantity] => 1
                    [available] => 1
                )

        )

    [booking_data] => Array
        (
            [first_name] => 
            [last_name] => 
            [email] => 
            [phone] => 
            [check_in] => 2025-12-01
            [check_out] => 2025-12-02
            [num_adults] => 1
            [num_children] => 0
            [num_nights] => 1
            [total_amount] => 7400
            [room_type] => 
            [room_type_id] => 11
            [room_price] => 0
            [payment_option] => Partial Payment
            [payment_method] => Gcash/Maya
            [payment_amount] => 7400
            [remaining_balance] => 0
            [room_items] => 
        )

)

[28-Nov-2025 16:33:16 Europe/Berlin] POST data: Array
(
)

[28-Nov-2025 16:33:16 Europe/Berlin] Starting getRoomTypesWithNumbers function
[28-Nov-2025 16:33:16 Europe/Berlin] Using check-in: 2025-11-28, check-out: 2025-11-29
[28-Nov-2025 16:33:16 Europe/Berlin] Active room types count: 2
[28-Nov-2025 16:33:16 Europe/Berlin] Executing SQL: SELECT 
                    rt.room_type_id, 
                    rt.room_type as room_type, 
                    rt.price, 
                    rt.capacity,
                    rt.description, 
                    rt.beds, 
                    rt.rating, 
                    rt.image,
                    rt.image2,
                    rt.image3,
                    rt.status as room_status,
                    CASE 
                        WHEN rt.discount_valid_until >= CURDATE() THEN rt.discount_percent 
                        ELSE NULL 
                    END as discount_percent,
                    rt.discount_valid_until,
                    COALESCE((
                        SELECT COUNT(*)
                        FROM room_numbers rn
                        WHERE rn.room_type_id = rt.room_type_id 
                        AND rn.status = 'active'
                    ), 0) as total_rooms,
                    CASE 
                        WHEN rt.status = 'active' THEN 'Available' 
                        ELSE 'Not Available' 
                    END as status
                FROM room_types rt
                WHERE rt.status = 'active'
                ORDER BY rt.room_type
[28-Nov-2025 16:33:16 Europe/Berlin] Found 2 active room types
[28-Nov-2025 16:33:16 Europe/Berlin] Rooms data: Array
(
    [0] => Array
        (
            [room_type_id] => 11
            [room_type] => Double Occupancy
            [price] => 3200.00
            [capacity] => 3
            [description] => Room
            [beds] => 2 Single Beds, 1 Queen bed
            [rating] => 3.7
            [image] => room_11_1_1749748500.jpg
            [image2] => 
            [image3] => 
            [room_status] => active
            [discount_percent] => 
            [discount_valid_until] => 
            [total_rooms] => 1
            [status] => Available
        )

    [1] => Array
        (
            [room_type_id] => 3
            [room_type] => Triple Occupancy
            [price] => 4200.00
            [capacity] => 3
            [description] => Room
            [beds] => 1 Single Bed & 1 Queen Bed or 3 Single Beds
            [rating] => 4.4
            [image] => room_3_1_1749748535.jpg
            [image2] => /uploads/rooms/room_type_67f9739f87ef4_2.jpg
            [image3] => /uploads/rooms/room_type_67f9739f8ba32_3.jpg
            [room_status] => active
            [discount_percent] => 
            [discount_valid_until] => 
            [total_rooms] => 1
            [status] => Available
        )

)

[28-Nov-2025 16:33:16 Europe/Berlin] Error fetching discount types: SQLSTATE[42S22]: Column not found: 1054 Unknown column 'status' in 'where clause'
[28-Nov-2025 16:33:16 Europe/Berlin] Error fetching discount types: SQLSTATE[42S22]: Column not found: 1054 Unknown column 'status' in 'where clause'
[28-Nov-2025 16:34:23 Europe/Berlin] Session data: Array
(
    [redirect_url] => http://localhost/Admin/Customer/aa/login.php
    [user_id] => 40
    [user_type] => customer
    [email] => chanomabalo@gmail.com
    [csrf_token] => 4717ed0b6c316ade8e9443b835b163d5ef5eba838a2c16508ab2b28e20bd98ce
    [booking_list] => Array
        (
            [0] => Array
                (
                    [room_type_id] => 11
                    [room_type] => Double Occupancy
                    [price] => 3200.00
                    [capacity] => 3
                    [image] => room_11_1_1749748500.jpg
                    [available_rooms] => 1
                    [quantity] => 1
                    [available] => 1
                )

            [1] => Array
                (
                    [room_type_id] => 3
                    [room_type] => Triple Occupancy
                    [price] => 4200.00
                    [capacity] => 3
                    [image] => room_3_1_1749748535.jpg
                    [available_rooms] => 1
                    [quantity] => 1
                    [available] => 1
                )

        )

    [booking_data] => Array
        (
            [first_name] => 
            [last_name] => 
            [email] => 
            [phone] => 
            [check_in] => 2025-12-01
            [check_out] => 2025-12-02
            [num_adults] => 1
            [num_children] => 0
            [num_nights] => 1
            [total_amount] => 7400
            [room_type] => 
            [room_type_id] => 11
            [room_price] => 0
            [payment_option] => Partial Payment
            [payment_method] => Gcash/Maya
            [payment_amount] => 7400
            [remaining_balance] => 0
            [room_items] => 
        )

)

[28-Nov-2025 16:34:23 Europe/Berlin] POST data: Array
(
)

[28-Nov-2025 16:34:23 Europe/Berlin] Starting getRoomTypesWithNumbers function
[28-Nov-2025 16:34:23 Europe/Berlin] Using check-in: 2025-11-28, check-out: 2025-11-29
[28-Nov-2025 16:34:23 Europe/Berlin] Active room types count: 2
[28-Nov-2025 16:34:23 Europe/Berlin] Executing SQL: SELECT 
                    rt.room_type_id, 
                    rt.room_type as room_type, 
                    rt.price, 
                    rt.capacity,
                    rt.description, 
                    rt.beds, 
                    rt.rating, 
                    rt.image,
                    rt.image2,
                    rt.image3,
                    rt.status as room_status,
                    CASE 
                        WHEN rt.discount_valid_until >= CURDATE() THEN rt.discount_percent 
                        ELSE NULL 
                    END as discount_percent,
                    rt.discount_valid_until,
                    COALESCE((
                        SELECT COUNT(*)
                        FROM room_numbers rn
                        WHERE rn.room_type_id = rt.room_type_id 
                        AND rn.status = 'active'
                    ), 0) as total_rooms,
                    CASE 
                        WHEN rt.status = 'active' THEN 'Available' 
                        ELSE 'Not Available' 
                    END as status
                FROM room_types rt
                WHERE rt.status = 'active'
                ORDER BY rt.room_type
[28-Nov-2025 16:34:23 Europe/Berlin] Found 2 active room types
[28-Nov-2025 16:34:23 Europe/Berlin] Rooms data: Array
(
    [0] => Array
        (
            [room_type_id] => 11
            [room_type] => Double Occupancy
            [price] => 3200.00
            [capacity] => 3
            [description] => Room
            [beds] => 2 Single Beds, 1 Queen bed
            [rating] => 3.7
            [image] => room_11_1_1749748500.jpg
            [image2] => 
            [image3] => 
            [room_status] => active
            [discount_percent] => 
            [discount_valid_until] => 
            [total_rooms] => 1
            [status] => Available
        )

    [1] => Array
        (
            [room_type_id] => 3
            [room_type] => Triple Occupancy
            [price] => 4200.00
            [capacity] => 3
            [description] => Room
            [beds] => 1 Single Bed & 1 Queen Bed or 3 Single Beds
            [rating] => 4.4
            [image] => room_3_1_1749748535.jpg
            [image2] => /uploads/rooms/room_type_67f9739f87ef4_2.jpg
            [image3] => /uploads/rooms/room_type_67f9739f8ba32_3.jpg
            [room_status] => active
            [discount_percent] => 
            [discount_valid_until] => 
            [total_rooms] => 1
            [status] => Available
        )

)

[28-Nov-2025 16:34:23 Europe/Berlin] Error fetching discount types: SQLSTATE[42S22]: Column not found: 1054 Unknown column 'status' in 'where clause'
[28-Nov-2025 16:34:23 Europe/Berlin] Error fetching discount types: SQLSTATE[42S22]: Column not found: 1054 Unknown column 'status' in 'where clause'
[28-Nov-2025 16:39:27 Europe/Berlin] Session data: Array
(
    [redirect_url] => http://localhost/Admin/Customer/aa/login.php
    [user_id] => 40
    [user_type] => customer
    [email] => chanomabalo@gmail.com
    [csrf_token] => 4717ed0b6c316ade8e9443b835b163d5ef5eba838a2c16508ab2b28e20bd98ce
    [booking_list] => Array
        (
            [0] => Array
                (
                    [room_type_id] => 11
                    [room_type] => Double Occupancy
                    [price] => 3200.00
                    [capacity] => 3
                    [image] => room_11_1_1749748500.jpg
                    [available_rooms] => 1
                    [quantity] => 1
                    [available] => 1
                )

            [1] => Array
                (
                    [room_type_id] => 3
                    [room_type] => Triple Occupancy
                    [price] => 4200.00
                    [capacity] => 3
                    [image] => room_3_1_1749748535.jpg
                    [available_rooms] => 1
                    [quantity] => 1
                    [available] => 1
                )

        )

    [booking_data] => Array
        (
            [first_name] => 
            [last_name] => 
            [email] => 
            [phone] => 
            [check_in] => 2025-12-04
            [check_out] => 2025-12-05
            [num_adults] => 1
            [num_children] => 0
            [num_nights] => 1
            [total_amount] => 7400
            [room_type] => Double Occupancy
            [room_type_id] => 11
            [room_price] => 3200
            [payment_option] => Partial Payment
            [payment_method] => gcash
            [payment_amount] => 1500
            [remaining_balance] => 5900
            [room_items] => [object Object]
        )

)

[28-Nov-2025 16:39:27 Europe/Berlin] POST data: Array
(
)

[28-Nov-2025 16:39:27 Europe/Berlin] Starting getRoomTypesWithNumbers function
[28-Nov-2025 16:39:27 Europe/Berlin] Using check-in: 2025-11-28, check-out: 2025-11-29
[28-Nov-2025 16:39:27 Europe/Berlin] Active room types count: 2
[28-Nov-2025 16:39:27 Europe/Berlin] Executing SQL: SELECT 
                    rt.room_type_id, 
                    rt.room_type as room_type, 
                    rt.price, 
                    rt.capacity,
                    rt.description, 
                    rt.beds, 
                    rt.rating, 
                    rt.image,
                    rt.image2,
                    rt.image3,
                    rt.status as room_status,
                    CASE 
                        WHEN rt.discount_valid_until >= CURDATE() THEN rt.discount_percent 
                        ELSE NULL 
                    END as discount_percent,
                    rt.discount_valid_until,
                    COALESCE((
                        SELECT COUNT(*)
                        FROM room_numbers rn
                        WHERE rn.room_type_id = rt.room_type_id 
                        AND rn.status = 'active'
                    ), 0) as total_rooms,
                    CASE 
                        WHEN rt.status = 'active' THEN 'Available' 
                        ELSE 'Not Available' 
                    END as status
                FROM room_types rt
                WHERE rt.status = 'active'
                ORDER BY rt.room_type
[28-Nov-2025 16:39:27 Europe/Berlin] Found 2 active room types
[28-Nov-2025 16:39:27 Europe/Berlin] Rooms data: Array
(
    [0] => Array
        (
            [room_type_id] => 11
            [room_type] => Double Occupancy
            [price] => 3200.00
            [capacity] => 3
            [description] => Room
            [beds] => 2 Single Beds, 1 Queen bed
            [rating] => 3.7
            [image] => room_11_1_1749748500.jpg
            [image2] => 
            [image3] => 
            [room_status] => active
            [discount_percent] => 
            [discount_valid_until] => 
            [total_rooms] => 1
            [status] => Available
        )

    [1] => Array
        (
            [room_type_id] => 3
            [room_type] => Triple Occupancy
            [price] => 4200.00
            [capacity] => 3
            [description] => Room
            [beds] => 1 Single Bed & 1 Queen Bed or 3 Single Beds
            [rating] => 4.4
            [image] => room_3_1_1749748535.jpg
            [image2] => /uploads/rooms/room_type_67f9739f87ef4_2.jpg
            [image3] => /uploads/rooms/room_type_67f9739f8ba32_3.jpg
            [room_status] => active
            [discount_percent] => 
            [discount_valid_until] => 
            [total_rooms] => 1
            [status] => Available
        )

)

[28-Nov-2025 16:39:27 Europe/Berlin] Error fetching discount types: SQLSTATE[42S22]: Column not found: 1054 Unknown column 'status' in 'where clause'
[28-Nov-2025 16:39:27 Europe/Berlin] Error fetching discount types: SQLSTATE[42S22]: Column not found: 1054 Unknown column 'status' in 'where clause'
[28-Nov-2025 16:54:36 Europe/Berlin] Session data: Array
(
    [redirect_url] => http://localhost/Admin/Customer/aa/login.php
    [user_id] => 40
    [user_type] => customer
    [email] => chanomabalo@gmail.com
    [csrf_token] => 4717ed0b6c316ade8e9443b835b163d5ef5eba838a2c16508ab2b28e20bd98ce
    [booking_list] => Array
        (
            [0] => Array
                (
                    [room_type_id] => 11
                    [room_type] => Double Occupancy
                    [price] => 3200.00
                    [capacity] => 3
                    [image] => room_11_1_1749748500.jpg
                    [available_rooms] => 1
                    [quantity] => 1
                    [available] => 1
                )

            [1] => Array
                (
                    [room_type_id] => 3
                    [room_type] => Triple Occupancy
                    [price] => 4200.00
                    [capacity] => 3
                    [image] => room_3_1_1749748535.jpg
                    [available_rooms] => 1
                    [quantity] => 1
                    [available] => 1
                )

        )

    [booking_data] => Array
        (
            [first_name] => 
            [last_name] => 
            [email] => 
            [phone] => 
            [check_in] => 2025-12-05
            [check_out] => 2025-12-06
            [num_adults] => 1
            [num_children] => 0
            [num_nights] => 1
            [total_amount] => 7400
            [room_type] => Double Occupancy
            [room_type_id] => 11
            [room_price] => 3200
            [payment_option] => Partial Payment
            [payment_method] => gcash
            [payment_amount] => 1500
            [remaining_balance] => 5900
            [room_items] => [object Object]
        )

)

[28-Nov-2025 16:54:36 Europe/Berlin] POST data: Array
(
)

[28-Nov-2025 16:54:36 Europe/Berlin] Starting getRoomTypesWithNumbers function
[28-Nov-2025 16:54:36 Europe/Berlin] Using check-in: 2025-11-28, check-out: 2025-11-29
[28-Nov-2025 16:54:36 Europe/Berlin] Active room types count: 2
[28-Nov-2025 16:54:36 Europe/Berlin] Executing SQL: SELECT 
                    rt.room_type_id, 
                    rt.room_type as room_type, 
                    rt.price, 
                    rt.capacity,
                    rt.description, 
                    rt.beds, 
                    rt.rating, 
                    rt.image,
                    rt.image2,
                    rt.image3,
                    rt.status as room_status,
                    CASE 
                        WHEN rt.discount_valid_until >= CURDATE() THEN rt.discount_percent 
                        ELSE NULL 
                    END as discount_percent,
                    rt.discount_valid_until,
                    COALESCE((
                        SELECT COUNT(*)
                        FROM room_numbers rn
                        WHERE rn.room_type_id = rt.room_type_id 
                        AND rn.status = 'active'
                    ), 0) as total_rooms,
                    CASE 
                        WHEN rt.status = 'active' THEN 'Available' 
                        ELSE 'Not Available' 
                    END as status
                FROM room_types rt
                WHERE rt.status = 'active'
                ORDER BY rt.room_type
[28-Nov-2025 16:54:36 Europe/Berlin] Found 2 active room types
[28-Nov-2025 16:54:36 Europe/Berlin] Rooms data: Array
(
    [0] => Array
        (
            [room_type_id] => 11
            [room_type] => Double Occupancy
            [price] => 3200.00
            [capacity] => 3
            [description] => Room
            [beds] => 2 Single Beds, 1 Queen bed
            [rating] => 3.7
            [image] => room_11_1_1749748500.jpg
            [image2] => 
            [image3] => 
            [room_status] => active
            [discount_percent] => 
            [discount_valid_until] => 
            [total_rooms] => 1
            [status] => Available
        )

    [1] => Array
        (
            [room_type_id] => 3
            [room_type] => Triple Occupancy
            [price] => 4200.00
            [capacity] => 3
            [description] => Room
            [beds] => 1 Single Bed & 1 Queen Bed or 3 Single Beds
            [rating] => 4.4
            [image] => room_3_1_1749748535.jpg
            [image2] => /uploads/rooms/room_type_67f9739f87ef4_2.jpg
            [image3] => /uploads/rooms/room_type_67f9739f8ba32_3.jpg
            [room_status] => active
            [discount_percent] => 
            [discount_valid_until] => 
            [total_rooms] => 1
            [status] => Available
        )

)

[28-Nov-2025 16:54:36 Europe/Berlin] Error fetching discount types: SQLSTATE[42S22]: Column not found: 1054 Unknown column 'status' in 'where clause'
[28-Nov-2025 16:54:36 Europe/Berlin] Error fetching discount types: SQLSTATE[42S22]: Column not found: 1054 Unknown column 'status' in 'where clause'
[28-Nov-2025 16:59:27 Europe/Berlin] Session data: Array
(
    [redirect_url] => http://localhost/Admin/Customer/aa/login.php
    [user_id] => 40
    [user_type] => customer
    [email] => chanomabalo@gmail.com
    [csrf_token] => 4717ed0b6c316ade8e9443b835b163d5ef5eba838a2c16508ab2b28e20bd98ce
    [booking_list] => Array
        (
            [0] => Array
                (
                    [room_type_id] => 11
                    [room_type] => Double Occupancy
                    [price] => 3200.00
                    [capacity] => 3
                    [image] => room_11_1_1749748500.jpg
                    [available_rooms] => 1
                    [quantity] => 1
                    [available] => 1
                )

            [1] => Array
                (
                    [room_type_id] => 3
                    [room_type] => Triple Occupancy
                    [price] => 4200.00
                    [capacity] => 3
                    [image] => room_3_1_1749748535.jpg
                    [available_rooms] => 1
                    [quantity] => 1
                    [available] => 1
                )

        )

    [booking_data] => Array
        (
            [first_name] => 
            [last_name] => 
            [email] => 
            [phone] => 
            [check_in] => 2025-12-05
            [check_out] => 2025-12-06
            [num_adults] => 1
            [num_children] => 0
            [num_nights] => 1
            [total_amount] => 7400
            [room_type] => Double Occupancy
            [room_type_id] => 0
            [room_price] => 3200
            [payment_option] => Partial Payment
            [payment_method] => gcash
            [payment_amount] => 1500
            [remaining_balance] => 5900
            [room_items] => [object Object],[object Object]
        )

)

[28-Nov-2025 16:59:27 Europe/Berlin] POST data: Array
(
)

[28-Nov-2025 16:59:27 Europe/Berlin] Starting getRoomTypesWithNumbers function
[28-Nov-2025 16:59:27 Europe/Berlin] Using check-in: 2025-11-28, check-out: 2025-11-29
[28-Nov-2025 16:59:27 Europe/Berlin] Active room types count: 2
[28-Nov-2025 16:59:27 Europe/Berlin] Executing SQL: SELECT 
                    rt.room_type_id, 
                    rt.room_type as room_type, 
                    rt.price, 
                    rt.capacity,
                    rt.description, 
                    rt.beds, 
                    rt.rating, 
                    rt.image,
                    rt.image2,
                    rt.image3,
                    rt.status as room_status,
                    CASE 
                        WHEN rt.discount_valid_until >= CURDATE() THEN rt.discount_percent 
                        ELSE NULL 
                    END as discount_percent,
                    rt.discount_valid_until,
                    COALESCE((
                        SELECT COUNT(*)
                        FROM room_numbers rn
                        WHERE rn.room_type_id = rt.room_type_id 
                        AND rn.status = 'active'
                    ), 0) as total_rooms,
                    CASE 
                        WHEN rt.status = 'active' THEN 'Available' 
                        ELSE 'Not Available' 
                    END as status
                FROM room_types rt
                WHERE rt.status = 'active'
                ORDER BY rt.room_type
[28-Nov-2025 16:59:27 Europe/Berlin] Found 2 active room types
[28-Nov-2025 16:59:27 Europe/Berlin] Rooms data: Array
(
    [0] => Array
        (
            [room_type_id] => 11
            [room_type] => Double Occupancy
            [price] => 3200.00
            [capacity] => 3
            [description] => Room
            [beds] => 2 Single Beds, 1 Queen bed
            [rating] => 3.7
            [image] => room_11_1_1749748500.jpg
            [image2] => 
            [image3] => 
            [room_status] => active
            [discount_percent] => 
            [discount_valid_until] => 
            [total_rooms] => 1
            [status] => Available
        )

    [1] => Array
        (
            [room_type_id] => 3
            [room_type] => Triple Occupancy
            [price] => 4200.00
            [capacity] => 3
            [description] => Room
            [beds] => 1 Single Bed & 1 Queen Bed or 3 Single Beds
            [rating] => 4.4
            [image] => room_3_1_1749748535.jpg
            [image2] => /uploads/rooms/room_type_67f9739f87ef4_2.jpg
            [image3] => /uploads/rooms/room_type_67f9739f8ba32_3.jpg
            [room_status] => active
            [discount_percent] => 
            [discount_valid_until] => 
            [total_rooms] => 1
            [status] => Available
        )

)

[28-Nov-2025 16:59:27 Europe/Berlin] Error fetching discount types: SQLSTATE[42S22]: Column not found: 1054 Unknown column 'status' in 'where clause'
[28-Nov-2025 16:59:27 Europe/Berlin] Error fetching discount types: SQLSTATE[42S22]: Column not found: 1054 Unknown column 'status' in 'where clause'
[28-Nov-2025 17:03:03 Europe/Berlin] Session data: Array
(
    [redirect_url] => http://localhost/Admin/Customer/aa/login.php
    [user_id] => 40
    [user_type] => customer
    [email] => chanomabalo@gmail.com
    [csrf_token] => 4717ed0b6c316ade8e9443b835b163d5ef5eba838a2c16508ab2b28e20bd98ce
    [booking_list] => Array
        (
            [0] => Array
                (
                    [room_type_id] => 11
                    [room_type] => Double Occupancy
                    [price] => 3200.00
                    [capacity] => 3
                    [image] => room_11_1_1749748500.jpg
                    [available_rooms] => 1
                    [quantity] => 1
                    [available] => 1
                )

            [1] => Array
                (
                    [room_type_id] => 3
                    [room_type] => Triple Occupancy
                    [price] => 4200.00
                    [capacity] => 3
                    [image] => room_3_1_1749748535.jpg
                    [available_rooms] => 1
                    [quantity] => 1
                    [available] => 1
                )

        )

    [booking_data] => Array
        (
            [first_name] => 
            [last_name] => 
            [email] => 
            [phone] => 
            [check_in] => 2025-12-05
            [check_out] => 2025-12-06
            [num_adults] => 1
            [num_children] => 0
            [num_nights] => 1
            [total_amount] => 7400
            [room_type] => Double Occupancy
            [room_type_id] => 0
            [room_price] => 3200
            [payment_option] => Partial Payment
            [payment_method] => gcash
            [payment_amount] => 1500
            [remaining_balance] => 5900
            [room_items] => [object Object],[object Object]
        )

)

[28-Nov-2025 17:03:03 Europe/Berlin] POST data: Array
(
)

[28-Nov-2025 17:03:03 Europe/Berlin] Starting getRoomTypesWithNumbers function
[28-Nov-2025 17:03:03 Europe/Berlin] Using check-in: 2025-11-28, check-out: 2025-11-29
[28-Nov-2025 17:03:03 Europe/Berlin] Active room types count: 2
[28-Nov-2025 17:03:03 Europe/Berlin] Executing SQL: SELECT 
                    rt.room_type_id, 
                    rt.room_type as room_type, 
                    rt.price, 
                    rt.capacity,
                    rt.description, 
                    rt.beds, 
                    rt.rating, 
                    rt.image,
                    rt.image2,
                    rt.image3,
                    rt.status as room_status,
                    CASE 
                        WHEN rt.discount_valid_until >= CURDATE() THEN rt.discount_percent 
                        ELSE NULL 
                    END as discount_percent,
                    rt.discount_valid_until,
                    COALESCE((
                        SELECT COUNT(*)
                        FROM room_numbers rn
                        WHERE rn.room_type_id = rt.room_type_id 
                        AND rn.status = 'active'
                    ), 0) as total_rooms,
                    CASE 
                        WHEN rt.status = 'active' THEN 'Available' 
                        ELSE 'Not Available' 
                    END as status
                FROM room_types rt
                WHERE rt.status = 'active'
                ORDER BY rt.room_type
[28-Nov-2025 17:03:03 Europe/Berlin] Found 2 active room types
[28-Nov-2025 17:03:03 Europe/Berlin] Rooms data: Array
(
    [0] => Array
        (
            [room_type_id] => 11
            [room_type] => Double Occupancy
            [price] => 3200.00
            [capacity] => 3
            [description] => Room
            [beds] => 2 Single Beds, 1 Queen bed
            [rating] => 3.7
            [image] => room_11_1_1749748500.jpg
            [image2] => 
            [image3] => 
            [room_status] => active
            [discount_percent] => 
            [discount_valid_until] => 
            [total_rooms] => 1
            [status] => Available
        )

    [1] => Array
        (
            [room_type_id] => 3
            [room_type] => Triple Occupancy
            [price] => 4200.00
            [capacity] => 3
            [description] => Room
            [beds] => 1 Single Bed & 1 Queen Bed or 3 Single Beds
            [rating] => 4.4
            [image] => room_3_1_1749748535.jpg
            [image2] => /uploads/rooms/room_type_67f9739f87ef4_2.jpg
            [image3] => /uploads/rooms/room_type_67f9739f8ba32_3.jpg
            [room_status] => active
            [discount_percent] => 
            [discount_valid_until] => 
            [total_rooms] => 1
            [status] => Available
        )

)

[28-Nov-2025 17:03:03 Europe/Berlin] Error fetching discount types: SQLSTATE[42S22]: Column not found: 1054 Unknown column 'status' in 'where clause'
[28-Nov-2025 17:03:03 Europe/Berlin] Error fetching discount types: SQLSTATE[42S22]: Column not found: 1054 Unknown column 'status' in 'where clause'
[28-Nov-2025 17:07:39 Europe/Berlin] Session data: Array
(
    [redirect_url] => http://localhost/Admin/Customer/aa/login.php
    [user_id] => 40
    [user_type] => customer
    [email] => chanomabalo@gmail.com
    [csrf_token] => 4717ed0b6c316ade8e9443b835b163d5ef5eba838a2c16508ab2b28e20bd98ce
    [booking_list] => Array
        (
            [0] => Array
                (
                    [room_type_id] => 3
                    [room_type] => Triple Occupancy
                    [price] => 4200.00
                    [capacity] => 3
                    [image] => room_3_1_1749748535.jpg
                    [available_rooms] => 1
                    [quantity] => 1
                    [available] => 1
                )

        )

    [booking_data] => Array
        (
            [first_name] => 
            [last_name] => 
            [email] => 
            [phone] => 
            [check_in] => 2025-12-05
            [check_out] => 2025-12-06
            [num_adults] => 1
            [num_children] => 0
            [num_nights] => 1
            [total_amount] => 4200
            [room_type] => Triple Occupancy
            [room_type_id] => 0
            [room_price] => 4200
            [payment_option] => Partial Payment
            [payment_method] => gcash
            [payment_amount] => 1500
            [remaining_balance] => 2700
            [room_items] => [object Object]
        )

)

[28-Nov-2025 17:07:39 Europe/Berlin] POST data: Array
(
)

[28-Nov-2025 17:07:39 Europe/Berlin] Starting getRoomTypesWithNumbers function
[28-Nov-2025 17:07:39 Europe/Berlin] Using check-in: 2025-11-28, check-out: 2025-11-29
[28-Nov-2025 17:07:39 Europe/Berlin] Active room types count: 2
[28-Nov-2025 17:07:39 Europe/Berlin] Executing SQL: SELECT 
                    rt.room_type_id, 
                    rt.room_type as room_type, 
                    rt.price, 
                    rt.capacity,
                    rt.description, 
                    rt.beds, 
                    rt.rating, 
                    rt.image,
                    rt.image2,
                    rt.image3,
                    rt.status as room_status,
                    CASE 
                        WHEN rt.discount_valid_until >= CURDATE() THEN rt.discount_percent 
                        ELSE NULL 
                    END as discount_percent,
                    rt.discount_valid_until,
                    COALESCE((
                        SELECT COUNT(*)
                        FROM room_numbers rn
                        WHERE rn.room_type_id = rt.room_type_id 
                        AND rn.status = 'active'
                    ), 0) as total_rooms,
                    CASE 
                        WHEN rt.status = 'active' THEN 'Available' 
                        ELSE 'Not Available' 
                    END as status
                FROM room_types rt
                WHERE rt.status = 'active'
                ORDER BY rt.room_type
[28-Nov-2025 17:07:39 Europe/Berlin] Found 2 active room types
[28-Nov-2025 17:07:39 Europe/Berlin] Rooms data: Array
(
    [0] => Array
        (
            [room_type_id] => 11
            [room_type] => Double Occupancy
            [price] => 3200.00
            [capacity] => 3
            [description] => Room
            [beds] => 2 Single Beds, 1 Queen bed
            [rating] => 3.7
            [image] => room_11_1_1749748500.jpg
            [image2] => 
            [image3] => 
            [room_status] => active
            [discount_percent] => 
            [discount_valid_until] => 
            [total_rooms] => 1
            [status] => Available
        )

    [1] => Array
        (
            [room_type_id] => 3
            [room_type] => Triple Occupancy
            [price] => 4200.00
            [capacity] => 3
            [description] => Room
            [beds] => 1 Single Bed & 1 Queen Bed or 3 Single Beds
            [rating] => 4.4
            [image] => room_3_1_1749748535.jpg
            [image2] => /uploads/rooms/room_type_67f9739f87ef4_2.jpg
            [image3] => /uploads/rooms/room_type_67f9739f8ba32_3.jpg
            [room_status] => active
            [discount_percent] => 
            [discount_valid_until] => 
            [total_rooms] => 1
            [status] => Available
        )

)

[28-Nov-2025 17:07:39 Europe/Berlin] Error fetching discount types: SQLSTATE[42S22]: Column not found: 1054 Unknown column 'status' in 'where clause'
[28-Nov-2025 17:07:39 Europe/Berlin] Error fetching discount types: SQLSTATE[42S22]: Column not found: 1054 Unknown column 'status' in 'where clause'
[28-Nov-2025 17:07:45 Europe/Berlin] Session data: Array
(
    [redirect_url] => http://localhost/Admin/Customer/aa/login.php
    [user_id] => 40
    [user_type] => customer
    [email] => chanomabalo@gmail.com
    [csrf_token] => 4717ed0b6c316ade8e9443b835b163d5ef5eba838a2c16508ab2b28e20bd98ce
    [booking_list] => Array
        (
            [0] => Array
                (
                    [room_type_id] => 3
                    [room_type] => Triple Occupancy
                    [price] => 4200.00
                    [capacity] => 3
                    [image] => room_3_1_1749748535.jpg
                    [available_rooms] => 1
                    [quantity] => 1
                    [available] => 1
                )

        )

    [booking_data] => Array
        (
            [first_name] => 
            [last_name] => 
            [email] => 
            [phone] => 
            [check_in] => 2025-12-05
            [check_out] => 2025-12-06
            [num_adults] => 1
            [num_children] => 0
            [num_nights] => 1
            [total_amount] => 4200
            [room_type] => Triple Occupancy
            [room_type_id] => 0
            [room_price] => 4200
            [payment_option] => Partial Payment
            [payment_method] => gcash
            [payment_amount] => 1500
            [remaining_balance] => 2700
            [room_items] => Array
                (
                    [0] => Array
                        (
                            [room_type] => Triple Occupancy
                            [price] => 4200.00
                            [quantity] => 1
                            [total] => 4200
                        )

                )

        )

)

[28-Nov-2025 17:07:45 Europe/Berlin] POST data: Array
(
)

[28-Nov-2025 17:07:45 Europe/Berlin] Starting getRoomTypesWithNumbers function
[28-Nov-2025 17:07:45 Europe/Berlin] Using check-in: 2025-11-28, check-out: 2025-11-29
[28-Nov-2025 17:07:45 Europe/Berlin] Active room types count: 2
[28-Nov-2025 17:07:45 Europe/Berlin] Executing SQL: SELECT 
                    rt.room_type_id, 
                    rt.room_type as room_type, 
                    rt.price, 
                    rt.capacity,
                    rt.description, 
                    rt.beds, 
                    rt.rating, 
                    rt.image,
                    rt.image2,
                    rt.image3,
                    rt.status as room_status,
                    CASE 
                        WHEN rt.discount_valid_until >= CURDATE() THEN rt.discount_percent 
                        ELSE NULL 
                    END as discount_percent,
                    rt.discount_valid_until,
                    COALESCE((
                        SELECT COUNT(*)
                        FROM room_numbers rn
                        WHERE rn.room_type_id = rt.room_type_id 
                        AND rn.status = 'active'
                    ), 0) as total_rooms,
                    CASE 
                        WHEN rt.status = 'active' THEN 'Available' 
                        ELSE 'Not Available' 
                    END as status
                FROM room_types rt
                WHERE rt.status = 'active'
                ORDER BY rt.room_type
[28-Nov-2025 17:07:45 Europe/Berlin] Found 2 active room types
[28-Nov-2025 17:07:45 Europe/Berlin] Rooms data: Array
(
    [0] => Array
        (
            [room_type_id] => 11
            [room_type] => Double Occupancy
            [price] => 3200.00
            [capacity] => 3
            [description] => Room
            [beds] => 2 Single Beds, 1 Queen bed
            [rating] => 3.7
            [image] => room_11_1_1749748500.jpg
            [image2] => 
            [image3] => 
            [room_status] => active
            [discount_percent] => 
            [discount_valid_until] => 
            [total_rooms] => 1
            [status] => Available
        )

    [1] => Array
        (
            [room_type_id] => 3
            [room_type] => Triple Occupancy
            [price] => 4200.00
            [capacity] => 3
            [description] => Room
            [beds] => 1 Single Bed & 1 Queen Bed or 3 Single Beds
            [rating] => 4.4
            [image] => room_3_1_1749748535.jpg
            [image2] => /uploads/rooms/room_type_67f9739f87ef4_2.jpg
            [image3] => /uploads/rooms/room_type_67f9739f8ba32_3.jpg
            [room_status] => active
            [discount_percent] => 
            [discount_valid_until] => 
            [total_rooms] => 1
            [status] => Available
        )

)

[28-Nov-2025 17:07:45 Europe/Berlin] Error fetching discount types: SQLSTATE[42S22]: Column not found: 1054 Unknown column 'status' in 'where clause'
[28-Nov-2025 17:07:45 Europe/Berlin] Error fetching discount types: SQLSTATE[42S22]: Column not found: 1054 Unknown column 'status' in 'where clause'
[28-Nov-2025 17:07:56 Europe/Berlin] Session data: Array
(
    [redirect_url] => http://localhost/Admin/Customer/aa/login.php
    [user_id] => 40
    [user_type] => customer
    [email] => chanomabalo@gmail.com
    [csrf_token] => 4717ed0b6c316ade8e9443b835b163d5ef5eba838a2c16508ab2b28e20bd98ce
    [booking_list] => Array
        (
            [0] => Array
                (
                    [room_type_id] => 3
                    [room_type] => Triple Occupancy
                    [price] => 4200.00
                    [capacity] => 3
                    [image] => room_3_1_1749748535.jpg
                    [available_rooms] => 1
                    [quantity] => 1
                    [available] => 1
                )

            [1] => Array
                (
                    [room_type_id] => 11
                    [room_type] => Double Occupancy
                    [price] => 3200.00
                    [capacity] => 3
                    [image] => room_11_1_1749748500.jpg
                    [available_rooms] => 1
                    [quantity] => 1
                )

        )

    [booking_data] => Array
        (
            [first_name] => 
            [last_name] => 
            [email] => 
            [phone] => 
            [check_in] => 2025-12-05
            [check_out] => 2025-12-06
            [num_adults] => 1
            [num_children] => 0
            [num_nights] => 1
            [total_amount] => 4200
            [room_type] => Triple Occupancy
            [room_type_id] => 0
            [room_price] => 4200
            [payment_option] => Partial Payment
            [payment_method] => gcash
            [payment_amount] => 1500
            [remaining_balance] => 2700
            [room_items] => Array
                (
                    [0] => Array
                        (
                            [room_type] => Triple Occupancy
                            [price] => 4200.00
                            [quantity] => 1
                            [total] => 4200
                        )

                )

        )

)

[28-Nov-2025 17:07:56 Europe/Berlin] POST data: Array
(
)

[28-Nov-2025 17:07:56 Europe/Berlin] Starting getRoomTypesWithNumbers function
[28-Nov-2025 17:07:56 Europe/Berlin] Using check-in: 2025-11-28, check-out: 2025-11-29
[28-Nov-2025 17:07:56 Europe/Berlin] Active room types count: 2
[28-Nov-2025 17:07:56 Europe/Berlin] Executing SQL: SELECT 
                    rt.room_type_id, 
                    rt.room_type as room_type, 
                    rt.price, 
                    rt.capacity,
                    rt.description, 
                    rt.beds, 
                    rt.rating, 
                    rt.image,
                    rt.image2,
                    rt.image3,
                    rt.status as room_status,
                    CASE 
                        WHEN rt.discount_valid_until >= CURDATE() THEN rt.discount_percent 
                        ELSE NULL 
                    END as discount_percent,
                    rt.discount_valid_until,
                    COALESCE((
                        SELECT COUNT(*)
                        FROM room_numbers rn
                        WHERE rn.room_type_id = rt.room_type_id 
                        AND rn.status = 'active'
                    ), 0) as total_rooms,
                    CASE 
                        WHEN rt.status = 'active' THEN 'Available' 
                        ELSE 'Not Available' 
                    END as status
                FROM room_types rt
                WHERE rt.status = 'active'
                ORDER BY rt.room_type
[28-Nov-2025 17:07:56 Europe/Berlin] Found 2 active room types
[28-Nov-2025 17:07:56 Europe/Berlin] Rooms data: Array
(
    [0] => Array
        (
            [room_type_id] => 11
            [room_type] => Double Occupancy
            [price] => 3200.00
            [capacity] => 3
            [description] => Room
            [beds] => 2 Single Beds, 1 Queen bed
            [rating] => 3.7
            [image] => room_11_1_1749748500.jpg
            [image2] => 
            [image3] => 
            [room_status] => active
            [discount_percent] => 
            [discount_valid_until] => 
            [total_rooms] => 1
            [status] => Available
        )

    [1] => Array
        (
            [room_type_id] => 3
            [room_type] => Triple Occupancy
            [price] => 4200.00
            [capacity] => 3
            [description] => Room
            [beds] => 1 Single Bed & 1 Queen Bed or 3 Single Beds
            [rating] => 4.4
            [image] => room_3_1_1749748535.jpg
            [image2] => /uploads/rooms/room_type_67f9739f87ef4_2.jpg
            [image3] => /uploads/rooms/room_type_67f9739f8ba32_3.jpg
            [room_status] => active
            [discount_percent] => 
            [discount_valid_until] => 
            [total_rooms] => 1
            [status] => Available
        )

)

[28-Nov-2025 17:07:56 Europe/Berlin] Error fetching discount types: SQLSTATE[42S22]: Column not found: 1054 Unknown column 'status' in 'where clause'
[28-Nov-2025 17:07:56 Europe/Berlin] Error fetching discount types: SQLSTATE[42S22]: Column not found: 1054 Unknown column 'status' in 'where clause'
[28-Nov-2025 17:16:07 Europe/Berlin] Session data: Array
(
    [redirect_url] => http://localhost/Admin/Customer/aa/login.php
    [user_id] => 40
    [user_type] => customer
    [email] => chanomabalo@gmail.com
    [csrf_token] => 4717ed0b6c316ade8e9443b835b163d5ef5eba838a2c16508ab2b28e20bd98ce
    [booking_list] => Array
        (
        )

    [booking_data] => Array
        (
            [first_name] => 
            [last_name] => 
            [email] => 
            [phone] => 
            [check_in] => 2025-12-05
            [check_out] => 2025-12-06
            [num_adults] => 1
            [num_children] => 0
            [num_nights] => 1
            [total_amount] => 7400
            [room_type] => Triple Occupancy
            [room_type_id] => 0
            [room_price] => 4200
            [payment_option] => Partial Payment
            [payment_method] => gcash
            [payment_amount] => 1500
            [remaining_balance] => 5900
            [room_items] => Array
                (
                    [0] => Array
                        (
                            [room_type] => Triple Occupancy
                            [price] => 4200.00
                            [quantity] => 1
                            [total] => 4200
                        )

                    [1] => Array
                        (
                            [room_type] => Double Occupancy
                            [price] => 3200.00
                            [quantity] => 1
                            [total] => 3200
                        )

                )

        )

)

[28-Nov-2025 17:16:07 Europe/Berlin] POST data: Array
(
)

[28-Nov-2025 17:16:07 Europe/Berlin] Starting getRoomTypesWithNumbers function
[28-Nov-2025 17:16:07 Europe/Berlin] Using check-in: 2025-11-28, check-out: 2025-11-29
[28-Nov-2025 17:16:07 Europe/Berlin] Active room types count: 2
[28-Nov-2025 17:16:07 Europe/Berlin] Executing SQL: SELECT 
                    rt.room_type_id, 
                    rt.room_type as room_type, 
                    rt.price, 
                    rt.capacity,
                    rt.description, 
                    rt.beds, 
                    rt.rating, 
                    rt.image,
                    rt.image2,
                    rt.image3,
                    rt.status as room_status,
                    CASE 
                        WHEN rt.discount_valid_until >= CURDATE() THEN rt.discount_percent 
                        ELSE NULL 
                    END as discount_percent,
                    rt.discount_valid_until,
                    COALESCE((
                        SELECT COUNT(*)
                        FROM room_numbers rn
                        WHERE rn.room_type_id = rt.room_type_id 
                        AND rn.status = 'active'
                    ), 0) as total_rooms,
                    CASE 
                        WHEN rt.status = 'active' THEN 'Available' 
                        ELSE 'Not Available' 
                    END as status
                FROM room_types rt
                WHERE rt.status = 'active'
                ORDER BY rt.room_type
[28-Nov-2025 17:16:07 Europe/Berlin] Found 2 active room types
[28-Nov-2025 17:16:07 Europe/Berlin] Rooms data: Array
(
    [0] => Array
        (
            [room_type_id] => 11
            [room_type] => Double Occupancy
            [price] => 3200.00
            [capacity] => 3
            [description] => Room
            [beds] => 2 Single Beds, 1 Queen bed
            [rating] => 3.7
            [image] => room_11_1_1749748500.jpg
            [image2] => 
            [image3] => 
            [room_status] => active
            [discount_percent] => 
            [discount_valid_until] => 
            [total_rooms] => 1
            [status] => Available
        )

    [1] => Array
        (
            [room_type_id] => 3
            [room_type] => Triple Occupancy
            [price] => 4200.00
            [capacity] => 3
            [description] => Room
            [beds] => 1 Single Bed & 1 Queen Bed or 3 Single Beds
            [rating] => 4.4
            [image] => room_3_1_1749748535.jpg
            [image2] => /uploads/rooms/room_type_67f9739f87ef4_2.jpg
            [image3] => /uploads/rooms/room_type_67f9739f8ba32_3.jpg
            [room_status] => active
            [discount_percent] => 
            [discount_valid_until] => 
            [total_rooms] => 1
            [status] => Available
        )

)

[28-Nov-2025 17:16:07 Europe/Berlin] Error fetching discount types: SQLSTATE[42S22]: Column not found: 1054 Unknown column 'status' in 'where clause'
[28-Nov-2025 17:16:07 Europe/Berlin] Error fetching discount types: SQLSTATE[42S22]: Column not found: 1054 Unknown column 'status' in 'where clause'
[28-Nov-2025 17:16:12 Europe/Berlin] Session data: Array
(
    [redirect_url] => http://localhost/Admin/Customer/aa/login.php
    [user_id] => 40
    [user_type] => customer
    [email] => chanomabalo@gmail.com
    [csrf_token] => 4717ed0b6c316ade8e9443b835b163d5ef5eba838a2c16508ab2b28e20bd98ce
    [booking_list] => Array
        (
            [0] => Array
                (
                    [room_type_id] => 11
                    [room_type] => Double Occupancy
                    [price] => 3200.00
                    [capacity] => 3
                    [image] => room_11_1_1749748500.jpg
                    [available_rooms] => 1
                    [quantity] => 1
                )

        )

    [booking_data] => Array
        (
            [first_name] => 
            [last_name] => 
            [email] => 
            [phone] => 
            [check_in] => 2025-12-05
            [check_out] => 2025-12-06
            [num_adults] => 1
            [num_children] => 0
            [num_nights] => 1
            [total_amount] => 7400
            [room_type] => Triple Occupancy
            [room_type_id] => 0
            [room_price] => 4200
            [payment_option] => Partial Payment
            [payment_method] => gcash
            [payment_amount] => 1500
            [remaining_balance] => 5900
            [room_items] => Array
                (
                    [0] => Array
                        (
                            [room_type] => Triple Occupancy
                            [price] => 4200.00
                            [quantity] => 1
                            [total] => 4200
                        )

                    [1] => Array
                        (
                            [room_type] => Double Occupancy
                            [price] => 3200.00
                            [quantity] => 1
                            [total] => 3200
                        )

                )

        )

)

[28-Nov-2025 17:16:12 Europe/Berlin] POST data: Array
(
)

[28-Nov-2025 17:16:12 Europe/Berlin] Starting getRoomTypesWithNumbers function
[28-Nov-2025 17:16:12 Europe/Berlin] Using check-in: 2025-11-28, check-out: 2025-11-29
[28-Nov-2025 17:16:12 Europe/Berlin] Active room types count: 2
[28-Nov-2025 17:16:12 Europe/Berlin] Executing SQL: SELECT 
                    rt.room_type_id, 
                    rt.room_type as room_type, 
                    rt.price, 
                    rt.capacity,
                    rt.description, 
                    rt.beds, 
                    rt.rating, 
                    rt.image,
                    rt.image2,
                    rt.image3,
                    rt.status as room_status,
                    CASE 
                        WHEN rt.discount_valid_until >= CURDATE() THEN rt.discount_percent 
                        ELSE NULL 
                    END as discount_percent,
                    rt.discount_valid_until,
                    COALESCE((
                        SELECT COUNT(*)
                        FROM room_numbers rn
                        WHERE rn.room_type_id = rt.room_type_id 
                        AND rn.status = 'active'
                    ), 0) as total_rooms,
                    CASE 
                        WHEN rt.status = 'active' THEN 'Available' 
                        ELSE 'Not Available' 
                    END as status
                FROM room_types rt
                WHERE rt.status = 'active'
                ORDER BY rt.room_type
[28-Nov-2025 17:16:12 Europe/Berlin] Found 2 active room types
[28-Nov-2025 17:16:12 Europe/Berlin] Rooms data: Array
(
    [0] => Array
        (
            [room_type_id] => 11
            [room_type] => Double Occupancy
            [price] => 3200.00
            [capacity] => 3
            [description] => Room
            [beds] => 2 Single Beds, 1 Queen bed
            [rating] => 3.7
            [image] => room_11_1_1749748500.jpg
            [image2] => 
            [image3] => 
            [room_status] => active
            [discount_percent] => 
            [discount_valid_until] => 
            [total_rooms] => 1
            [status] => Available
        )

    [1] => Array
        (
            [room_type_id] => 3
            [room_type] => Triple Occupancy
            [price] => 4200.00
            [capacity] => 3
            [description] => Room
            [beds] => 1 Single Bed & 1 Queen Bed or 3 Single Beds
            [rating] => 4.4
            [image] => room_3_1_1749748535.jpg
            [image2] => /uploads/rooms/room_type_67f9739f87ef4_2.jpg
            [image3] => /uploads/rooms/room_type_67f9739f8ba32_3.jpg
            [room_status] => active
            [discount_percent] => 
            [discount_valid_until] => 
            [total_rooms] => 1
            [status] => Available
        )

)

[28-Nov-2025 17:16:12 Europe/Berlin] Error fetching discount types: SQLSTATE[42S22]: Column not found: 1054 Unknown column 'status' in 'where clause'
[28-Nov-2025 17:16:12 Europe/Berlin] Error fetching discount types: SQLSTATE[42S22]: Column not found: 1054 Unknown column 'status' in 'where clause'
[28-Nov-2025 17:16:13 Europe/Berlin] Session data: Array
(
    [redirect_url] => http://localhost/Admin/Customer/aa/login.php
    [user_id] => 40
    [user_type] => customer
    [email] => chanomabalo@gmail.com
    [csrf_token] => 4717ed0b6c316ade8e9443b835b163d5ef5eba838a2c16508ab2b28e20bd98ce
    [booking_list] => Array
        (
            [0] => Array
                (
                    [room_type_id] => 11
                    [room_type] => Double Occupancy
                    [price] => 3200.00
                    [capacity] => 3
                    [image] => room_11_1_1749748500.jpg
                    [available_rooms] => 1
                    [quantity] => 1
                )

            [1] => Array
                (
                    [room_type_id] => 3
                    [room_type] => Triple Occupancy
                    [price] => 4200.00
                    [capacity] => 3
                    [image] => room_3_1_1749748535.jpg
                    [available_rooms] => 1
                    [quantity] => 1
                )

        )

    [booking_data] => Array
        (
            [first_name] => 
            [last_name] => 
            [email] => 
            [phone] => 
            [check_in] => 2025-12-05
            [check_out] => 2025-12-06
            [num_adults] => 1
            [num_children] => 0
            [num_nights] => 1
            [total_amount] => 7400
            [room_type] => Triple Occupancy
            [room_type_id] => 0
            [room_price] => 4200
            [payment_option] => Partial Payment
            [payment_method] => gcash
            [payment_amount] => 1500
            [remaining_balance] => 5900
            [room_items] => Array
                (
                    [0] => Array
                        (
                            [room_type] => Triple Occupancy
                            [price] => 4200.00
                            [quantity] => 1
                            [total] => 4200
                        )

                    [1] => Array
                        (
                            [room_type] => Double Occupancy
                            [price] => 3200.00
                            [quantity] => 1
                            [total] => 3200
                        )

                )

        )

)

[28-Nov-2025 17:16:13 Europe/Berlin] POST data: Array
(
)

[28-Nov-2025 17:16:13 Europe/Berlin] Starting getRoomTypesWithNumbers function
[28-Nov-2025 17:16:13 Europe/Berlin] Using check-in: 2025-11-28, check-out: 2025-11-29
[28-Nov-2025 17:16:13 Europe/Berlin] Active room types count: 2
[28-Nov-2025 17:16:13 Europe/Berlin] Executing SQL: SELECT 
                    rt.room_type_id, 
                    rt.room_type as room_type, 
                    rt.price, 
                    rt.capacity,
                    rt.description, 
                    rt.beds, 
                    rt.rating, 
                    rt.image,
                    rt.image2,
                    rt.image3,
                    rt.status as room_status,
                    CASE 
                        WHEN rt.discount_valid_until >= CURDATE() THEN rt.discount_percent 
                        ELSE NULL 
                    END as discount_percent,
                    rt.discount_valid_until,
                    COALESCE((
                        SELECT COUNT(*)
                        FROM room_numbers rn
                        WHERE rn.room_type_id = rt.room_type_id 
                        AND rn.status = 'active'
                    ), 0) as total_rooms,
                    CASE 
                        WHEN rt.status = 'active' THEN 'Available' 
                        ELSE 'Not Available' 
                    END as status
                FROM room_types rt
                WHERE rt.status = 'active'
                ORDER BY rt.room_type
[28-Nov-2025 17:16:13 Europe/Berlin] Found 2 active room types
[28-Nov-2025 17:16:13 Europe/Berlin] Rooms data: Array
(
    [0] => Array
        (
            [room_type_id] => 11
            [room_type] => Double Occupancy
            [price] => 3200.00
            [capacity] => 3
            [description] => Room
            [beds] => 2 Single Beds, 1 Queen bed
            [rating] => 3.7
            [image] => room_11_1_1749748500.jpg
            [image2] => 
            [image3] => 
            [room_status] => active
            [discount_percent] => 
            [discount_valid_until] => 
            [total_rooms] => 1
            [status] => Available
        )

    [1] => Array
        (
            [room_type_id] => 3
            [room_type] => Triple Occupancy
            [price] => 4200.00
            [capacity] => 3
            [description] => Room
            [beds] => 1 Single Bed & 1 Queen Bed or 3 Single Beds
            [rating] => 4.4
            [image] => room_3_1_1749748535.jpg
            [image2] => /uploads/rooms/room_type_67f9739f87ef4_2.jpg
            [image3] => /uploads/rooms/room_type_67f9739f8ba32_3.jpg
            [room_status] => active
            [discount_percent] => 
            [discount_valid_until] => 
            [total_rooms] => 1
            [status] => Available
        )

)

[28-Nov-2025 17:16:13 Europe/Berlin] Error fetching discount types: SQLSTATE[42S22]: Column not found: 1054 Unknown column 'status' in 'where clause'
[28-Nov-2025 17:16:13 Europe/Berlin] Error fetching discount types: SQLSTATE[42S22]: Column not found: 1054 Unknown column 'status' in 'where clause'
[28-Nov-2025 17:32:38 Europe/Berlin] Session data: Array
(
    [redirect_url] => http://localhost/Admin/Customer/aa/login.php
    [user_id] => 40
    [user_type] => customer
    [email] => chanomabalo@gmail.com
    [csrf_token] => 4717ed0b6c316ade8e9443b835b163d5ef5eba838a2c16508ab2b28e20bd98ce
    [booking_list] => Array
        (
            [0] => Array
                (
                    [room_type_id] => 11
                    [room_type] => Double Occupancy
                    [price] => 3200.00
                    [capacity] => 3
                    [image] => room_11_1_1749748500.jpg
                    [available_rooms] => 1
                    [quantity] => 1
                    [available] => 1
                )

            [1] => Array
                (
                    [room_type_id] => 3
                    [room_type] => Triple Occupancy
                    [price] => 4200.00
                    [capacity] => 3
                    [image] => room_3_1_1749748535.jpg
                    [available_rooms] => 1
                    [quantity] => 1
                    [available] => 1
                )

        )

    [booking_data] => Array
        (
            [first_name] => 
            [last_name] => 
            [email] => 
            [phone] => 
            [check_in] => 2025-12-06
            [check_out] => 2025-12-07
            [num_adults] => 1
            [num_children] => 0
            [num_nights] => 1
            [total_amount] => 7400
            [room_type] => Double Occupancy
            [room_type_id] => 0
            [room_price] => 3200
            [payment_option] => Partial Payment
            [payment_method] => gcash
            [payment_amount] => 1500
            [remaining_balance] => 5900
            [room_items] => Array
                (
                    [0] => Array
                        (
                            [room_type] => Double Occupancy
                            [price] => 3200.00
                            [quantity] => 1
                            [total] => 3200
                        )

                    [1] => Array
                        (
                            [room_type] => Triple Occupancy
                            [price] => 4200.00
                            [quantity] => 1
                            [total] => 4200
                        )

                )

        )

)

[28-Nov-2025 17:32:38 Europe/Berlin] POST data: Array
(
)

[28-Nov-2025 17:32:38 Europe/Berlin] Starting getRoomTypesWithNumbers function
[28-Nov-2025 17:32:38 Europe/Berlin] Using check-in: 2025-11-28, check-out: 2025-11-29
[28-Nov-2025 17:32:38 Europe/Berlin] Active room types count: 2
[28-Nov-2025 17:32:38 Europe/Berlin] Executing SQL: SELECT 
                    rt.room_type_id, 
                    rt.room_type as room_type, 
                    rt.price, 
                    rt.capacity,
                    rt.description, 
                    rt.beds, 
                    rt.rating, 
                    rt.image,
                    rt.image2,
                    rt.image3,
                    rt.status as room_status,
                    CASE 
                        WHEN rt.discount_valid_until >= CURDATE() THEN rt.discount_percent 
                        ELSE NULL 
                    END as discount_percent,
                    rt.discount_valid_until,
                    COALESCE((
                        SELECT COUNT(*)
                        FROM room_numbers rn
                        WHERE rn.room_type_id = rt.room_type_id 
                        AND rn.status = 'active'
                    ), 0) as total_rooms,
                    CASE 
                        WHEN rt.status = 'active' THEN 'Available' 
                        ELSE 'Not Available' 
                    END as status
                FROM room_types rt
                WHERE rt.status = 'active'
                ORDER BY rt.room_type
[28-Nov-2025 17:32:38 Europe/Berlin] Found 2 active room types
[28-Nov-2025 17:32:38 Europe/Berlin] Rooms data: Array
(
    [0] => Array
        (
            [room_type_id] => 11
            [room_type] => Double Occupancy
            [price] => 3200.00
            [capacity] => 3
            [description] => Room
            [beds] => 2 Single Beds, 1 Queen bed
            [rating] => 3.7
            [image] => room_11_1_1749748500.jpg
            [image2] => 
            [image3] => 
            [room_status] => active
            [discount_percent] => 
            [discount_valid_until] => 
            [total_rooms] => 1
            [status] => Available
        )

    [1] => Array
        (
            [room_type_id] => 3
            [room_type] => Triple Occupancy
            [price] => 4200.00
            [capacity] => 3
            [description] => Room
            [beds] => 1 Single Bed & 1 Queen Bed or 3 Single Beds
            [rating] => 4.4
            [image] => room_3_1_1749748535.jpg
            [image2] => /uploads/rooms/room_type_67f9739f87ef4_2.jpg
            [image3] => /uploads/rooms/room_type_67f9739f8ba32_3.jpg
            [room_status] => active
            [discount_percent] => 
            [discount_valid_until] => 
            [total_rooms] => 1
            [status] => Available
        )

)

[28-Nov-2025 17:32:38 Europe/Berlin] Error fetching discount types: SQLSTATE[42S22]: Column not found: 1054 Unknown column 'status' in 'where clause'
[28-Nov-2025 17:32:38 Europe/Berlin] Error fetching discount types: SQLSTATE[42S22]: Column not found: 1054 Unknown column 'status' in 'where clause'
[28-Nov-2025 18:11:33 Europe/Berlin] Session data: Array
(
    [redirect_url] => http://localhost/Admin/Customer/aa/login.php
    [user_id] => 40
    [user_type] => customer
    [email] => chanomabalo@gmail.com
    [csrf_token] => 4717ed0b6c316ade8e9443b835b163d5ef5eba838a2c16508ab2b28e20bd98ce
    [booking_list] => Array
        (
            [0] => Array
                (
                    [room_type_id] => 11
                    [room_type] => Double Occupancy
                    [price] => 3200.00
                    [capacity] => 3
                    [image] => room_11_1_1749748500.jpg
                    [available_rooms] => 1
                    [quantity] => 1
                    [available] => 1
                )

            [1] => Array
                (
                    [room_type_id] => 3
                    [room_type] => Triple Occupancy
                    [price] => 4200.00
                    [capacity] => 3
                    [image] => room_3_1_1749748535.jpg
                    [available_rooms] => 1
                    [quantity] => 1
                    [available] => 1
                )

        )

    [booking_data] => Array
        (
            [first_name] => 
            [last_name] => 
            [email] => 
            [phone] => 
            [check_in] => 2025-12-05
            [check_out] => 2025-12-06
            [num_adults] => 1
            [num_children] => 0
            [num_nights] => 1
            [total_amount] => 7400
            [room_type] => Double Occupancy
            [room_type_id] => 0
            [room_price] => 3200
            [payment_option] => Partial Payment
            [payment_method] => gcash
            [payment_amount] => 1500
            [remaining_balance] => 5900
            [room_items] => Array
                (
                    [0] => Array
                        (
                            [room_type] => Double Occupancy
                            [price] => 3200.00
                            [quantity] => 1
                            [total] => 3200
                        )

                    [1] => Array
                        (
                            [room_type] => Triple Occupancy
                            [price] => 4200.00
                            [quantity] => 1
                            [total] => 4200
                        )

                )

        )

)

[28-Nov-2025 18:11:33 Europe/Berlin] POST data: Array
(
)

[28-Nov-2025 18:11:33 Europe/Berlin] Starting getRoomTypesWithNumbers function
[28-Nov-2025 18:11:33 Europe/Berlin] Using check-in: 2025-11-28, check-out: 2025-11-29
[28-Nov-2025 18:11:33 Europe/Berlin] Active room types count: 2
[28-Nov-2025 18:11:33 Europe/Berlin] Executing SQL: SELECT 
                    rt.room_type_id, 
                    rt.room_type as room_type, 
                    rt.price, 
                    rt.capacity,
                    rt.description, 
                    rt.beds, 
                    rt.rating, 
                    rt.image,
                    rt.image2,
                    rt.image3,
                    rt.status as room_status,
                    CASE 
                        WHEN rt.discount_valid_until >= CURDATE() THEN rt.discount_percent 
                        ELSE NULL 
                    END as discount_percent,
                    rt.discount_valid_until,
                    COALESCE((
                        SELECT COUNT(*)
                        FROM room_numbers rn
                        WHERE rn.room_type_id = rt.room_type_id 
                        AND rn.status = 'active'
                    ), 0) as total_rooms,
                    CASE 
                        WHEN rt.status = 'active' THEN 'Available' 
                        ELSE 'Not Available' 
                    END as status
                FROM room_types rt
                WHERE rt.status = 'active'
                ORDER BY rt.room_type
[28-Nov-2025 18:11:33 Europe/Berlin] Found 2 active room types
[28-Nov-2025 18:11:33 Europe/Berlin] Rooms data: Array
(
    [0] => Array
        (
            [room_type_id] => 11
            [room_type] => Double Occupancy
            [price] => 3200.00
            [capacity] => 3
            [description] => Room
            [beds] => 2 Single Beds, 1 Queen bed
            [rating] => 3.7
            [image] => room_11_1_1749748500.jpg
            [image2] => 
            [image3] => 
            [room_status] => active
            [discount_percent] => 
            [discount_valid_until] => 
            [total_rooms] => 1
            [status] => Available
        )

    [1] => Array
        (
            [room_type_id] => 3
            [room_type] => Triple Occupancy
            [price] => 4200.00
            [capacity] => 3
            [description] => Room
            [beds] => 1 Single Bed & 1 Queen Bed or 3 Single Beds
            [rating] => 4.4
            [image] => room_3_1_1749748535.jpg
            [image2] => /uploads/rooms/room_type_67f9739f87ef4_2.jpg
            [image3] => /uploads/rooms/room_type_67f9739f8ba32_3.jpg
            [room_status] => active
            [discount_percent] => 
            [discount_valid_until] => 
            [total_rooms] => 1
            [status] => Available
        )

)

[28-Nov-2025 18:11:33 Europe/Berlin] Error fetching discount types: SQLSTATE[42S22]: Column not found: 1054 Unknown column 'status' in 'where clause'
[28-Nov-2025 18:11:33 Europe/Berlin] Error fetching discount types: SQLSTATE[42S22]: Column not found: 1054 Unknown column 'status' in 'where clause'
[28-Nov-2025 18:16:45 Europe/Berlin] Session data: Array
(
    [redirect_url] => http://localhost/Admin/Customer/aa/login.php
    [user_id] => 40
    [user_type] => customer
    [email] => chanomabalo@gmail.com
    [csrf_token] => 4717ed0b6c316ade8e9443b835b163d5ef5eba838a2c16508ab2b28e20bd98ce
    [booking_list] => Array
        (
            [0] => Array
                (
                    [room_type_id] => 11
                    [room_type] => Double Occupancy
                    [price] => 3200.00
                    [capacity] => 3
                    [image] => room_11_1_1749748500.jpg
                    [available_rooms] => 1
                    [quantity] => 1
                    [available] => 1
                )

            [1] => Array
                (
                    [room_type_id] => 3
                    [room_type] => Triple Occupancy
                    [price] => 4200.00
                    [capacity] => 3
                    [image] => room_3_1_1749748535.jpg
                    [available_rooms] => 1
                    [quantity] => 1
                    [available] => 1
                )

        )

    [booking_data] => Array
        (
            [first_name] => 
            [last_name] => 
            [email] => 
            [phone] => 
            [check_in] => 2025-12-05
            [check_out] => 2025-12-06
            [num_adults] => 1
            [num_children] => 0
            [num_nights] => 1
            [total_amount] => 7400
            [room_type] => Double Occupancy
            [room_type_id] => 0
            [room_price] => 3200
            [payment_option] => Partial Payment
            [payment_method] => gcash
            [payment_amount] => 1500
            [remaining_balance] => 5900
            [room_items] => Array
                (
                    [0] => Array
                        (
                            [room_type] => Double Occupancy
                            [price] => 3200.00
                            [quantity] => 1
                            [total] => 3200
                        )

                    [1] => Array
                        (
                            [room_type] => Triple Occupancy
                            [price] => 4200.00
                            [quantity] => 1
                            [total] => 4200
                        )

                )

        )

)

[28-Nov-2025 18:16:45 Europe/Berlin] POST data: Array
(
)

[28-Nov-2025 18:16:45 Europe/Berlin] Starting getRoomTypesWithNumbers function
[28-Nov-2025 18:16:45 Europe/Berlin] Using check-in: 2025-11-28, check-out: 2025-11-29
[28-Nov-2025 18:16:45 Europe/Berlin] Active room types count: 2
[28-Nov-2025 18:16:45 Europe/Berlin] Executing SQL: SELECT 
                    rt.room_type_id, 
                    rt.room_type as room_type, 
                    rt.price, 
                    rt.capacity,
                    rt.description, 
                    rt.beds, 
                    rt.rating, 
                    rt.image,
                    rt.image2,
                    rt.image3,
                    rt.status as room_status,
                    CASE 
                        WHEN rt.discount_valid_until >= CURDATE() THEN rt.discount_percent 
                        ELSE NULL 
                    END as discount_percent,
                    rt.discount_valid_until,
                    COALESCE((
                        SELECT COUNT(*)
                        FROM room_numbers rn
                        WHERE rn.room_type_id = rt.room_type_id 
                        AND rn.status = 'active'
                    ), 0) as total_rooms,
                    CASE 
                        WHEN rt.status = 'active' THEN 'Available' 
                        ELSE 'Not Available' 
                    END as status
                FROM room_types rt
                WHERE rt.status = 'active'
                ORDER BY rt.room_type
[28-Nov-2025 18:16:45 Europe/Berlin] Found 2 active room types
[28-Nov-2025 18:16:45 Europe/Berlin] Rooms data: Array
(
    [0] => Array
        (
            [room_type_id] => 11
            [room_type] => Double Occupancy
            [price] => 3200.00
            [capacity] => 3
            [description] => Room
            [beds] => 2 Single Beds, 1 Queen bed
            [rating] => 3.7
            [image] => room_11_1_1749748500.jpg
            [image2] => 
            [image3] => 
            [room_status] => active
            [discount_percent] => 
            [discount_valid_until] => 
            [total_rooms] => 1
            [status] => Available
        )

    [1] => Array
        (
            [room_type_id] => 3
            [room_type] => Triple Occupancy
            [price] => 4200.00
            [capacity] => 3
            [description] => Room
            [beds] => 1 Single Bed & 1 Queen Bed or 3 Single Beds
            [rating] => 4.4
            [image] => room_3_1_1749748535.jpg
            [image2] => /uploads/rooms/room_type_67f9739f87ef4_2.jpg
            [image3] => /uploads/rooms/room_type_67f9739f8ba32_3.jpg
            [room_status] => active
            [discount_percent] => 
            [discount_valid_until] => 
            [total_rooms] => 1
            [status] => Available
        )

)

[28-Nov-2025 18:16:45 Europe/Berlin] Error fetching discount types: SQLSTATE[42S22]: Column not found: 1054 Unknown column 'status' in 'where clause'
[28-Nov-2025 18:16:45 Europe/Berlin] Error fetching discount types: SQLSTATE[42S22]: Column not found: 1054 Unknown column 'status' in 'where clause'
[28-Nov-2025 18:16:51 Europe/Berlin] Session data: Array
(
    [redirect_url] => http://localhost/Admin/Customer/aa/login.php
    [user_id] => 40
    [user_type] => customer
    [email] => chanomabalo@gmail.com
    [csrf_token] => 4717ed0b6c316ade8e9443b835b163d5ef5eba838a2c16508ab2b28e20bd98ce
    [booking_list] => Array
        (
            [0] => Array
                (
                    [room_type_id] => 11
                    [room_type] => Double Occupancy
                    [price] => 3200.00
                    [capacity] => 3
                    [image] => room_11_1_1749748500.jpg
                    [available_rooms] => 1
                    [quantity] => 1
                    [available] => 1
                )

            [1] => Array
                (
                    [room_type_id] => 3
                    [room_type] => Triple Occupancy
                    [price] => 4200.00
                    [capacity] => 3
                    [image] => room_3_1_1749748535.jpg
                    [available_rooms] => 1
                    [quantity] => 1
                    [available] => 1
                )

        )

    [booking_data] => Array
        (
            [first_name] => 
            [last_name] => 
            [email] => 
            [phone] => 
            [check_in] => 2025-12-05
            [check_out] => 2025-12-06
            [num_adults] => 1
            [num_children] => 0
            [num_nights] => 1
            [total_amount] => 7400
            [room_type] => Double Occupancy
            [room_type_id] => 0
            [room_price] => 3200
            [payment_option] => Partial Payment
            [payment_method] => gcash
            [payment_amount] => 1500
            [remaining_balance] => 5900
            [room_items] => Array
                (
                    [0] => Array
                        (
                            [room_type] => Double Occupancy
                            [price] => 3200.00
                            [quantity] => 1
                            [total] => 3200
                        )

                    [1] => Array
                        (
                            [room_type] => Triple Occupancy
                            [price] => 4200.00
                            [quantity] => 1
                            [total] => 4200
                        )

                )

        )

)

[28-Nov-2025 18:16:51 Europe/Berlin] POST data: Array
(
)

[28-Nov-2025 18:16:51 Europe/Berlin] Starting getRoomTypesWithNumbers function
[28-Nov-2025 18:16:51 Europe/Berlin] Using check-in: 2025-11-28, check-out: 2025-11-29
[28-Nov-2025 18:16:51 Europe/Berlin] Active room types count: 2
[28-Nov-2025 18:16:51 Europe/Berlin] Executing SQL: SELECT 
                    rt.room_type_id, 
                    rt.room_type as room_type, 
                    rt.price, 
                    rt.capacity,
                    rt.description, 
                    rt.beds, 
                    rt.rating, 
                    rt.image,
                    rt.image2,
                    rt.image3,
                    rt.status as room_status,
                    CASE 
                        WHEN rt.discount_valid_until >= CURDATE() THEN rt.discount_percent 
                        ELSE NULL 
                    END as discount_percent,
                    rt.discount_valid_until,
                    COALESCE((
                        SELECT COUNT(*)
                        FROM room_numbers rn
                        WHERE rn.room_type_id = rt.room_type_id 
                        AND rn.status = 'active'
                    ), 0) as total_rooms,
                    CASE 
                        WHEN rt.status = 'active' THEN 'Available' 
                        ELSE 'Not Available' 
                    END as status
                FROM room_types rt
                WHERE rt.status = 'active'
                ORDER BY rt.room_type
[28-Nov-2025 18:16:51 Europe/Berlin] Found 2 active room types
[28-Nov-2025 18:16:51 Europe/Berlin] Rooms data: Array
(
    [0] => Array
        (
            [room_type_id] => 11
            [room_type] => Double Occupancy
            [price] => 3200.00
            [capacity] => 3
            [description] => Room
            [beds] => 2 Single Beds, 1 Queen bed
            [rating] => 3.7
            [image] => room_11_1_1749748500.jpg
            [image2] => 
            [image3] => 
            [room_status] => active
            [discount_percent] => 
            [discount_valid_until] => 
            [total_rooms] => 1
            [status] => Available
        )

    [1] => Array
        (
            [room_type_id] => 3
            [room_type] => Triple Occupancy
            [price] => 4200.00
            [capacity] => 3
            [description] => Room
            [beds] => 1 Single Bed & 1 Queen Bed or 3 Single Beds
            [rating] => 4.4
            [image] => room_3_1_1749748535.jpg
            [image2] => /uploads/rooms/room_type_67f9739f87ef4_2.jpg
            [image3] => /uploads/rooms/room_type_67f9739f8ba32_3.jpg
            [room_status] => active
            [discount_percent] => 
            [discount_valid_until] => 
            [total_rooms] => 1
            [status] => Available
        )

)

[28-Nov-2025 18:16:51 Europe/Berlin] Error fetching discount types: SQLSTATE[42S22]: Column not found: 1054 Unknown column 'status' in 'where clause'
[28-Nov-2025 18:16:51 Europe/Berlin] Error fetching discount types: SQLSTATE[42S22]: Column not found: 1054 Unknown column 'status' in 'where clause'
[28-Nov-2025 18:17:38 Europe/Berlin] Session data: Array
(
    [redirect_url] => http://localhost/Admin/Customer/aa/login.php
    [user_id] => 40
    [user_type] => customer
    [email] => chanomabalo@gmail.com
    [csrf_token] => 4717ed0b6c316ade8e9443b835b163d5ef5eba838a2c16508ab2b28e20bd98ce
    [booking_list] => Array
        (
            [0] => Array
                (
                    [room_type_id] => 11
                    [room_type] => Double Occupancy
                    [price] => 3200.00
                    [capacity] => 3
                    [image] => room_11_1_1749748500.jpg
                    [available_rooms] => 1
                    [quantity] => 1
                    [available] => 1
                )

            [1] => Array
                (
                    [room_type_id] => 3
                    [room_type] => Triple Occupancy
                    [price] => 4200.00
                    [capacity] => 3
                    [image] => room_3_1_1749748535.jpg
                    [available_rooms] => 1
                    [quantity] => 1
                    [available] => 1
                )

        )

    [booking_data] => Array
        (
            [first_name] => 
            [last_name] => 
            [email] => 
            [phone] => 
            [check_in] => 2025-12-05
            [check_out] => 2025-12-06
            [num_adults] => 1
            [num_children] => 0
            [num_nights] => 1
            [total_amount] => 7400
            [room_type] => Double Occupancy
            [room_type_id] => 0
            [room_price] => 3200
            [payment_option] => Partial Payment
            [payment_method] => gcash
            [payment_amount] => 1500
            [remaining_balance] => 5900
            [room_items] => Array
                (
                    [0] => Array
                        (
                            [room_type] => Double Occupancy
                            [price] => 3200.00
                            [quantity] => 1
                            [total] => 3200
                        )

                    [1] => Array
                        (
                            [room_type] => Triple Occupancy
                            [price] => 4200.00
                            [quantity] => 1
                            [total] => 4200
                        )

                )

        )

)

[28-Nov-2025 18:17:38 Europe/Berlin] POST data: Array
(
)

[28-Nov-2025 18:17:38 Europe/Berlin] Starting getRoomTypesWithNumbers function
[28-Nov-2025 18:17:38 Europe/Berlin] Using check-in: 2025-11-28, check-out: 2025-11-29
[28-Nov-2025 18:17:38 Europe/Berlin] Active room types count: 2
[28-Nov-2025 18:17:38 Europe/Berlin] Executing SQL: SELECT 
                    rt.room_type_id, 
                    rt.room_type as room_type, 
                    rt.price, 
                    rt.capacity,
                    rt.description, 
                    rt.beds, 
                    rt.rating, 
                    rt.image,
                    rt.image2,
                    rt.image3,
                    rt.status as room_status,
                    CASE 
                        WHEN rt.discount_valid_until >= CURDATE() THEN rt.discount_percent 
                        ELSE NULL 
                    END as discount_percent,
                    rt.discount_valid_until,
                    COALESCE((
                        SELECT COUNT(*)
                        FROM room_numbers rn
                        WHERE rn.room_type_id = rt.room_type_id 
                        AND rn.status = 'active'
                    ), 0) as total_rooms,
                    CASE 
                        WHEN rt.status = 'active' THEN 'Available' 
                        ELSE 'Not Available' 
                    END as status
                FROM room_types rt
                WHERE rt.status = 'active'
                ORDER BY rt.room_type
[28-Nov-2025 18:17:38 Europe/Berlin] Found 2 active room types
[28-Nov-2025 18:17:38 Europe/Berlin] Rooms data: Array
(
    [0] => Array
        (
            [room_type_id] => 11
            [room_type] => Double Occupancy
            [price] => 3200.00
            [capacity] => 3
            [description] => Room
            [beds] => 2 Single Beds, 1 Queen bed
            [rating] => 3.7
            [image] => room_11_1_1749748500.jpg
            [image2] => 
            [image3] => 
            [room_status] => active
            [discount_percent] => 
            [discount_valid_until] => 
            [total_rooms] => 1
            [status] => Available
        )

    [1] => Array
        (
            [room_type_id] => 3
            [room_type] => Triple Occupancy
            [price] => 4200.00
            [capacity] => 3
            [description] => Room
            [beds] => 1 Single Bed & 1 Queen Bed or 3 Single Beds
            [rating] => 4.4
            [image] => room_3_1_1749748535.jpg
            [image2] => /uploads/rooms/room_type_67f9739f87ef4_2.jpg
            [image3] => /uploads/rooms/room_type_67f9739f8ba32_3.jpg
            [room_status] => active
            [discount_percent] => 
            [discount_valid_until] => 
            [total_rooms] => 1
            [status] => Available
        )

)

[28-Nov-2025 18:17:38 Europe/Berlin] Error fetching discount types: SQLSTATE[42S22]: Column not found: 1054 Unknown column 'status' in 'where clause'
[28-Nov-2025 18:17:38 Europe/Berlin] Error fetching discount types: SQLSTATE[42S22]: Column not found: 1054 Unknown column 'status' in 'where clause'
[28-Nov-2025 18:17:55 Europe/Berlin] Session data: Array
(
    [redirect_url] => http://localhost/Admin/Customer/aa/login.php
    [user_id] => 40
    [user_type] => customer
    [email] => chanomabalo@gmail.com
    [csrf_token] => 4717ed0b6c316ade8e9443b835b163d5ef5eba838a2c16508ab2b28e20bd98ce
    [booking_list] => Array
        (
            [0] => Array
                (
                    [room_type_id] => 11
                    [room_type] => Double Occupancy
                    [price] => 3200.00
                    [capacity] => 3
                    [image] => room_11_1_1749748500.jpg
                    [available_rooms] => 1
                    [quantity] => 1
                    [available] => 1
                )

            [1] => Array
                (
                    [room_type_id] => 3
                    [room_type] => Triple Occupancy
                    [price] => 4200.00
                    [capacity] => 3
                    [image] => room_3_1_1749748535.jpg
                    [available_rooms] => 1
                    [quantity] => 1
                    [available] => 1
                )

        )

    [booking_data] => Array
        (
            [first_name] => 
            [last_name] => 
            [email] => 
            [phone] => 
            [check_in] => 2025-12-05
            [check_out] => 2025-12-06
            [num_adults] => 1
            [num_children] => 0
            [num_nights] => 1
            [total_amount] => 7400
            [room_type] => Double Occupancy
            [room_type_id] => 0
            [room_price] => 3200
            [payment_option] => Partial Payment
            [payment_method] => gcash
            [payment_amount] => 1500
            [remaining_balance] => 5900
            [room_items] => Array
                (
                    [0] => Array
                        (
                            [room_type] => Double Occupancy
                            [price] => 3200.00
                            [quantity] => 1
                            [total] => 3200
                        )

                    [1] => Array
                        (
                            [room_type] => Triple Occupancy
                            [price] => 4200.00
                            [quantity] => 1
                            [total] => 4200
                        )

                )

        )

)

[28-Nov-2025 18:17:55 Europe/Berlin] POST data: Array
(
)

[28-Nov-2025 18:17:55 Europe/Berlin] Starting getRoomTypesWithNumbers function
[28-Nov-2025 18:17:55 Europe/Berlin] Using check-in: 2025-11-28, check-out: 2025-11-29
[28-Nov-2025 18:17:55 Europe/Berlin] Active room types count: 2
[28-Nov-2025 18:17:55 Europe/Berlin] Executing SQL: SELECT 
                    rt.room_type_id, 
                    rt.room_type as room_type, 
                    rt.price, 
                    rt.capacity,
                    rt.description, 
                    rt.beds, 
                    rt.rating, 
                    rt.image,
                    rt.image2,
                    rt.image3,
                    rt.status as room_status,
                    CASE 
                        WHEN rt.discount_valid_until >= CURDATE() THEN rt.discount_percent 
                        ELSE NULL 
                    END as discount_percent,
                    rt.discount_valid_until,
                    COALESCE((
                        SELECT COUNT(*)
                        FROM room_numbers rn
                        WHERE rn.room_type_id = rt.room_type_id 
                        AND rn.status = 'active'
                    ), 0) as total_rooms,
                    CASE 
                        WHEN rt.status = 'active' THEN 'Available' 
                        ELSE 'Not Available' 
                    END as status
                FROM room_types rt
                WHERE rt.status = 'active'
                ORDER BY rt.room_type
[28-Nov-2025 18:17:55 Europe/Berlin] Found 2 active room types
[28-Nov-2025 18:17:55 Europe/Berlin] Rooms data: Array
(
    [0] => Array
        (
            [room_type_id] => 11
            [room_type] => Double Occupancy
            [price] => 3200.00
            [capacity] => 3
            [description] => Room
            [beds] => 2 Single Beds, 1 Queen bed
            [rating] => 3.7
            [image] => room_11_1_1749748500.jpg
            [image2] => 
            [image3] => 
            [room_status] => active
            [discount_percent] => 
            [discount_valid_until] => 
            [total_rooms] => 1
            [status] => Available
        )

    [1] => Array
        (
            [room_type_id] => 3
            [room_type] => Triple Occupancy
            [price] => 4200.00
            [capacity] => 3
            [description] => Room
            [beds] => 1 Single Bed & 1 Queen Bed or 3 Single Beds
            [rating] => 4.4
            [image] => room_3_1_1749748535.jpg
            [image2] => /uploads/rooms/room_type_67f9739f87ef4_2.jpg
            [image3] => /uploads/rooms/room_type_67f9739f8ba32_3.jpg
            [room_status] => active
            [discount_percent] => 
            [discount_valid_until] => 
            [total_rooms] => 1
            [status] => Available
        )

)

[28-Nov-2025 18:17:55 Europe/Berlin] Error fetching discount types: SQLSTATE[42S22]: Column not found: 1054 Unknown column 'status' in 'where clause'
[28-Nov-2025 18:17:55 Europe/Berlin] Error fetching discount types: SQLSTATE[42S22]: Column not found: 1054 Unknown column 'status' in 'where clause'
[28-Nov-2025 18:22:28 Europe/Berlin] Session data: Array
(
    [redirect_url] => http://localhost/Admin/Customer/aa/login.php
    [user_id] => 40
    [user_type] => customer
    [email] => chanomabalo@gmail.com
    [csrf_token] => 4717ed0b6c316ade8e9443b835b163d5ef5eba838a2c16508ab2b28e20bd98ce
    [booking_list] => Array
        (
            [0] => Array
                (
                    [room_type_id] => 11
                    [room_type] => Double Occupancy
                    [price] => 3200.00
                    [capacity] => 3
                    [image] => room_11_1_1749748500.jpg
                    [available_rooms] => 1
                    [quantity] => 1
                    [available] => 1
                )

            [1] => Array
                (
                    [room_type_id] => 3
                    [room_type] => Triple Occupancy
                    [price] => 4200.00
                    [capacity] => 3
                    [image] => room_3_1_1749748535.jpg
                    [available_rooms] => 1
                    [quantity] => 1
                    [available] => 1
                )

        )

    [booking_data] => Array
        (
            [first_name] => 
            [last_name] => 
            [email] => 
            [phone] => 
            [check_in] => 2025-12-05
            [check_out] => 2025-12-06
            [num_adults] => 1
            [num_children] => 0
            [num_nights] => 1
            [total_amount] => 7400
            [room_type] => Double Occupancy
            [room_type_id] => 0
            [room_price] => 3200
            [payment_option] => Partial Payment
            [payment_method] => gcash
            [payment_amount] => 1500
            [remaining_balance] => 5900
            [room_items] => Array
                (
                    [0] => Array
                        (
                            [room_type] => Double Occupancy
                            [price] => 3200.00
                            [quantity] => 1
                            [total] => 3200
                        )

                    [1] => Array
                        (
                            [room_type] => Triple Occupancy
                            [price] => 4200.00
                            [quantity] => 1
                            [total] => 4200
                        )

                )

        )

)

[28-Nov-2025 18:22:28 Europe/Berlin] POST data: Array
(
)

[28-Nov-2025 18:22:28 Europe/Berlin] Starting getRoomTypesWithNumbers function
[28-Nov-2025 18:22:28 Europe/Berlin] Using check-in: 2025-11-28, check-out: 2025-11-29
[28-Nov-2025 18:22:28 Europe/Berlin] Active room types count: 2
[28-Nov-2025 18:22:28 Europe/Berlin] Executing SQL: SELECT 
                    rt.room_type_id, 
                    rt.room_type as room_type, 
                    rt.price, 
                    rt.capacity,
                    rt.description, 
                    rt.beds, 
                    rt.rating, 
                    rt.image,
                    rt.image2,
                    rt.image3,
                    rt.status as room_status,
                    CASE 
                        WHEN rt.discount_valid_until >= CURDATE() THEN rt.discount_percent 
                        ELSE NULL 
                    END as discount_percent,
                    rt.discount_valid_until,
                    COALESCE((
                        SELECT COUNT(*)
                        FROM room_numbers rn
                        WHERE rn.room_type_id = rt.room_type_id 
                        AND rn.status = 'active'
                    ), 0) as total_rooms,
                    CASE 
                        WHEN rt.status = 'active' THEN 'Available' 
                        ELSE 'Not Available' 
                    END as status
                FROM room_types rt
                WHERE rt.status = 'active'
                ORDER BY rt.room_type
[28-Nov-2025 18:22:28 Europe/Berlin] Found 2 active room types
[28-Nov-2025 18:22:28 Europe/Berlin] Rooms data: Array
(
    [0] => Array
        (
            [room_type_id] => 11
            [room_type] => Double Occupancy
            [price] => 3200.00
            [capacity] => 3
            [description] => Room
            [beds] => 2 Single Beds, 1 Queen bed
            [rating] => 3.7
            [image] => room_11_1_1749748500.jpg
            [image2] => 
            [image3] => 
            [room_status] => active
            [discount_percent] => 
            [discount_valid_until] => 
            [total_rooms] => 1
            [status] => Available
        )

    [1] => Array
        (
            [room_type_id] => 3
            [room_type] => Triple Occupancy
            [price] => 4200.00
            [capacity] => 3
            [description] => Room
            [beds] => 1 Single Bed & 1 Queen Bed or 3 Single Beds
            [rating] => 4.4
            [image] => room_3_1_1749748535.jpg
            [image2] => /uploads/rooms/room_type_67f9739f87ef4_2.jpg
            [image3] => /uploads/rooms/room_type_67f9739f8ba32_3.jpg
            [room_status] => active
            [discount_percent] => 
            [discount_valid_until] => 
            [total_rooms] => 1
            [status] => Available
        )

)

[28-Nov-2025 18:22:28 Europe/Berlin] Error fetching discount types: SQLSTATE[42S22]: Column not found: 1054 Unknown column 'status' in 'where clause'
[28-Nov-2025 18:22:28 Europe/Berlin] Error fetching discount types: SQLSTATE[42S22]: Column not found: 1054 Unknown column 'status' in 'where clause'
[28-Nov-2025 18:22:49 Europe/Berlin] Session data: Array
(
    [redirect_url] => http://localhost/Admin/Customer/aa/login.php
    [user_id] => 40
    [user_type] => customer
    [email] => chanomabalo@gmail.com
    [csrf_token] => 4717ed0b6c316ade8e9443b835b163d5ef5eba838a2c16508ab2b28e20bd98ce
    [booking_list] => Array
        (
            [0] => Array
                (
                    [room_type_id] => 11
                    [room_type] => Double Occupancy
                    [price] => 3200.00
                    [capacity] => 3
                    [image] => room_11_1_1749748500.jpg
                    [available_rooms] => 1
                    [quantity] => 1
                    [available] => 1
                )

            [1] => Array
                (
                    [room_type_id] => 3
                    [room_type] => Triple Occupancy
                    [price] => 4200.00
                    [capacity] => 3
                    [image] => room_3_1_1749748535.jpg
                    [available_rooms] => 1
                    [quantity] => 1
                    [available] => 1
                )

        )

    [booking_data] => Array
        (
            [first_name] => 
            [last_name] => 
            [email] => 
            [phone] => 
            [check_in] => 2025-12-05
            [check_out] => 2025-12-06
            [num_adults] => 1
            [num_children] => 0
            [num_nights] => 1
            [total_amount] => 7400
            [room_type] => Double Occupancy
            [room_type_id] => 0
            [room_price] => 3200
            [payment_option] => Partial Payment
            [payment_method] => gcash
            [payment_amount] => 1500
            [remaining_balance] => 5900
            [room_items] => Array
                (
                    [0] => Array
                        (
                            [room_type] => Double Occupancy
                            [price] => 3200.00
                            [quantity] => 1
                            [total] => 3200
                        )

                    [1] => Array
                        (
                            [room_type] => Triple Occupancy
                            [price] => 4200.00
                            [quantity] => 1
                            [total] => 4200
                        )

                )

        )

)

[28-Nov-2025 18:22:49 Europe/Berlin] POST data: Array
(
)

[28-Nov-2025 18:22:49 Europe/Berlin] Starting getRoomTypesWithNumbers function
[28-Nov-2025 18:22:49 Europe/Berlin] Using check-in: 2025-11-28, check-out: 2025-11-29
[28-Nov-2025 18:22:49 Europe/Berlin] Active room types count: 2
[28-Nov-2025 18:22:49 Europe/Berlin] Executing SQL: SELECT 
                    rt.room_type_id, 
                    rt.room_type as room_type, 
                    rt.price, 
                    rt.capacity,
                    rt.description, 
                    rt.beds, 
                    rt.rating, 
                    rt.image,
                    rt.image2,
                    rt.image3,
                    rt.status as room_status,
                    CASE 
                        WHEN rt.discount_valid_until >= CURDATE() THEN rt.discount_percent 
                        ELSE NULL 
                    END as discount_percent,
                    rt.discount_valid_until,
                    COALESCE((
                        SELECT COUNT(*)
                        FROM room_numbers rn
                        WHERE rn.room_type_id = rt.room_type_id 
                        AND rn.status = 'active'
                    ), 0) as total_rooms,
                    CASE 
                        WHEN rt.status = 'active' THEN 'Available' 
                        ELSE 'Not Available' 
                    END as status
                FROM room_types rt
                WHERE rt.status = 'active'
                ORDER BY rt.room_type
[28-Nov-2025 18:22:49 Europe/Berlin] Found 2 active room types
[28-Nov-2025 18:22:49 Europe/Berlin] Rooms data: Array
(
    [0] => Array
        (
            [room_type_id] => 11
            [room_type] => Double Occupancy
            [price] => 3200.00
            [capacity] => 3
            [description] => Room
            [beds] => 2 Single Beds, 1 Queen bed
            [rating] => 3.7
            [image] => room_11_1_1749748500.jpg
            [image2] => 
            [image3] => 
            [room_status] => active
            [discount_percent] => 
            [discount_valid_until] => 
            [total_rooms] => 1
            [status] => Available
        )

    [1] => Array
        (
            [room_type_id] => 3
            [room_type] => Triple Occupancy
            [price] => 4200.00
            [capacity] => 3
            [description] => Room
            [beds] => 1 Single Bed & 1 Queen Bed or 3 Single Beds
            [rating] => 4.4
            [image] => room_3_1_1749748535.jpg
            [image2] => /uploads/rooms/room_type_67f9739f87ef4_2.jpg
            [image3] => /uploads/rooms/room_type_67f9739f8ba32_3.jpg
            [room_status] => active
            [discount_percent] => 
            [discount_valid_until] => 
            [total_rooms] => 1
            [status] => Available
        )

)

[28-Nov-2025 18:22:49 Europe/Berlin] Error fetching discount types: SQLSTATE[42S22]: Column not found: 1054 Unknown column 'status' in 'where clause'
[28-Nov-2025 18:22:49 Europe/Berlin] Error fetching discount types: SQLSTATE[42S22]: Column not found: 1054 Unknown column 'status' in 'where clause'
[28-Nov-2025 18:23:13 Europe/Berlin] Session data: Array
(
    [redirect_url] => http://localhost/Admin/Customer/aa/login.php
    [user_id] => 40
    [user_type] => customer
    [email] => chanomabalo@gmail.com
    [csrf_token] => 4717ed0b6c316ade8e9443b835b163d5ef5eba838a2c16508ab2b28e20bd98ce
    [booking_list] => Array
        (
            [0] => Array
                (
                    [room_type_id] => 11
                    [room_type] => Double Occupancy
                    [price] => 3200.00
                    [capacity] => 3
                    [image] => room_11_1_1749748500.jpg
                    [available_rooms] => 1
                    [quantity] => 1
                    [available] => 1
                )

            [1] => Array
                (
                    [room_type_id] => 3
                    [room_type] => Triple Occupancy
                    [price] => 4200.00
                    [capacity] => 3
                    [image] => room_3_1_1749748535.jpg
                    [available_rooms] => 1
                    [quantity] => 1
                    [available] => 1
                )

        )

    [booking_data] => Array
        (
            [first_name] => 
            [last_name] => 
            [email] => 
            [phone] => 
            [check_in] => 2025-12-05
            [check_out] => 2025-12-06
            [num_adults] => 1
            [num_children] => 0
            [num_nights] => 1
            [total_amount] => 7400
            [room_type] => Double Occupancy
            [room_type_id] => 0
            [room_price] => 3200
            [payment_option] => Partial Payment
            [payment_method] => gcash
            [payment_amount] => 1500
            [remaining_balance] => 5900
            [room_items] => Array
                (
                    [0] => Array
                        (
                            [room_type] => Double Occupancy
                            [price] => 3200.00
                            [quantity] => 1
                            [total] => 3200
                        )

                    [1] => Array
                        (
                            [room_type] => Triple Occupancy
                            [price] => 4200.00
                            [quantity] => 1
                            [total] => 4200
                        )

                )

        )

)

[28-Nov-2025 18:23:13 Europe/Berlin] POST data: Array
(
)

[28-Nov-2025 18:23:13 Europe/Berlin] Starting getRoomTypesWithNumbers function
[28-Nov-2025 18:23:13 Europe/Berlin] Using check-in: 2025-11-28, check-out: 2025-11-29
[28-Nov-2025 18:23:13 Europe/Berlin] Active room types count: 2
[28-Nov-2025 18:23:13 Europe/Berlin] Executing SQL: SELECT 
                    rt.room_type_id, 
                    rt.room_type as room_type, 
                    rt.price, 
                    rt.capacity,
                    rt.description, 
                    rt.beds, 
                    rt.rating, 
                    rt.image,
                    rt.image2,
                    rt.image3,
                    rt.status as room_status,
                    CASE 
                        WHEN rt.discount_valid_until >= CURDATE() THEN rt.discount_percent 
                        ELSE NULL 
                    END as discount_percent,
                    rt.discount_valid_until,
                    COALESCE((
                        SELECT COUNT(*)
                        FROM room_numbers rn
                        WHERE rn.room_type_id = rt.room_type_id 
                        AND rn.status = 'active'
                    ), 0) as total_rooms,
                    CASE 
                        WHEN rt.status = 'active' THEN 'Available' 
                        ELSE 'Not Available' 
                    END as status
                FROM room_types rt
                WHERE rt.status = 'active'
                ORDER BY rt.room_type
[28-Nov-2025 18:23:13 Europe/Berlin] Found 2 active room types
[28-Nov-2025 18:23:13 Europe/Berlin] Rooms data: Array
(
    [0] => Array
        (
            [room_type_id] => 11
            [room_type] => Double Occupancy
            [price] => 3200.00
            [capacity] => 3
            [description] => Room
            [beds] => 2 Single Beds, 1 Queen bed
            [rating] => 3.7
            [image] => room_11_1_1749748500.jpg
            [image2] => 
            [image3] => 
            [room_status] => active
            [discount_percent] => 
            [discount_valid_until] => 
            [total_rooms] => 1
            [status] => Available
        )

    [1] => Array
        (
            [room_type_id] => 3
            [room_type] => Triple Occupancy
            [price] => 4200.00
            [capacity] => 3
            [description] => Room
            [beds] => 1 Single Bed & 1 Queen Bed or 3 Single Beds
            [rating] => 4.4
            [image] => room_3_1_1749748535.jpg
            [image2] => /uploads/rooms/room_type_67f9739f87ef4_2.jpg
            [image3] => /uploads/rooms/room_type_67f9739f8ba32_3.jpg
            [room_status] => active
            [discount_percent] => 
            [discount_valid_until] => 
            [total_rooms] => 1
            [status] => Available
        )

)

[28-Nov-2025 18:23:13 Europe/Berlin] Error fetching discount types: SQLSTATE[42S22]: Column not found: 1054 Unknown column 'status' in 'where clause'
[28-Nov-2025 18:23:13 Europe/Berlin] Error fetching discount types: SQLSTATE[42S22]: Column not found: 1054 Unknown column 'status' in 'where clause'
[28-Nov-2025 18:27:59 Europe/Berlin] Session data: Array
(
    [redirect_url] => http://localhost/Admin/Customer/aa/login.php
    [user_id] => 40
    [user_type] => customer
    [email] => chanomabalo@gmail.com
    [csrf_token] => 4717ed0b6c316ade8e9443b835b163d5ef5eba838a2c16508ab2b28e20bd98ce
    [booking_list] => Array
        (
            [0] => Array
                (
                    [room_type_id] => 11
                    [room_type] => Double Occupancy
                    [price] => 3200.00
                    [capacity] => 3
                    [image] => room_11_1_1749748500.jpg
                    [available_rooms] => 1
                    [quantity] => 1
                    [available] => 1
                )

            [1] => Array
                (
                    [room_type_id] => 3
                    [room_type] => Triple Occupancy
                    [price] => 4200.00
                    [capacity] => 3
                    [image] => room_3_1_1749748535.jpg
                    [available_rooms] => 1
                    [quantity] => 1
                    [available] => 1
                )

        )

    [booking_data] => Array
        (
            [first_name] => 
            [last_name] => 
            [email] => 
            [phone] => 
            [check_in] => 2025-12-05
            [check_out] => 2025-12-06
            [num_adults] => 1
            [num_children] => 0
            [num_nights] => 1
            [total_amount] => 7400
            [room_type] => Double Occupancy
            [room_type_id] => 0
            [room_price] => 3200
            [payment_option] => Partial Payment
            [payment_method] => gcash
            [payment_amount] => 1500
            [remaining_balance] => 5900
            [room_items] => Array
                (
                    [0] => Array
                        (
                            [room_type] => Double Occupancy
                            [price] => 3200.00
                            [quantity] => 1
                            [total] => 3200
                        )

                    [1] => Array
                        (
                            [room_type] => Triple Occupancy
                            [price] => 4200.00
                            [quantity] => 1
                            [total] => 4200
                        )

                )

        )

)

[28-Nov-2025 18:27:59 Europe/Berlin] POST data: Array
(
)

[28-Nov-2025 18:27:59 Europe/Berlin] Starting getRoomTypesWithNumbers function
[28-Nov-2025 18:27:59 Europe/Berlin] Using check-in: 2025-11-28, check-out: 2025-11-29
[28-Nov-2025 18:27:59 Europe/Berlin] Active room types count: 2
[28-Nov-2025 18:27:59 Europe/Berlin] Executing SQL: SELECT 
                    rt.room_type_id, 
                    rt.room_type as room_type, 
                    rt.price, 
                    rt.capacity,
                    rt.description, 
                    rt.beds, 
                    rt.rating, 
                    rt.image,
                    rt.image2,
                    rt.image3,
                    rt.status as room_status,
                    CASE 
                        WHEN rt.discount_valid_until >= CURDATE() THEN rt.discount_percent 
                        ELSE NULL 
                    END as discount_percent,
                    rt.discount_valid_until,
                    COALESCE((
                        SELECT COUNT(*)
                        FROM room_numbers rn
                        WHERE rn.room_type_id = rt.room_type_id 
                        AND rn.status = 'active'
                    ), 0) as total_rooms,
                    CASE 
                        WHEN rt.status = 'active' THEN 'Available' 
                        ELSE 'Not Available' 
                    END as status
                FROM room_types rt
                WHERE rt.status = 'active'
                ORDER BY rt.room_type
[28-Nov-2025 18:27:59 Europe/Berlin] Found 2 active room types
[28-Nov-2025 18:27:59 Europe/Berlin] Rooms data: Array
(
    [0] => Array
        (
            [room_type_id] => 11
            [room_type] => Double Occupancy
            [price] => 3200.00
            [capacity] => 3
            [description] => Room
            [beds] => 2 Single Beds, 1 Queen bed
            [rating] => 3.7
            [image] => room_11_1_1749748500.jpg
            [image2] => 
            [image3] => 
            [room_status] => active
            [discount_percent] => 
            [discount_valid_until] => 
            [total_rooms] => 1
            [status] => Available
        )

    [1] => Array
        (
            [room_type_id] => 3
            [room_type] => Triple Occupancy
            [price] => 4200.00
            [capacity] => 3
            [description] => Room
            [beds] => 1 Single Bed & 1 Queen Bed or 3 Single Beds
            [rating] => 4.4
            [image] => room_3_1_1749748535.jpg
            [image2] => /uploads/rooms/room_type_67f9739f87ef4_2.jpg
            [image3] => /uploads/rooms/room_type_67f9739f8ba32_3.jpg
            [room_status] => active
            [discount_percent] => 
            [discount_valid_until] => 
            [total_rooms] => 1
            [status] => Available
        )

)

[28-Nov-2025 18:27:59 Europe/Berlin] Error fetching discount types: SQLSTATE[42S22]: Column not found: 1054 Unknown column 'status' in 'where clause'
[28-Nov-2025 18:27:59 Europe/Berlin] Error fetching discount types: SQLSTATE[42S22]: Column not found: 1054 Unknown column 'status' in 'where clause'
[28-Nov-2025 18:29:18 Europe/Berlin] Session data: Array
(
    [redirect_url] => http://localhost/Admin/Customer/aa/login.php
    [user_id] => 40
    [user_type] => customer
    [email] => chanomabalo@gmail.com
    [csrf_token] => 4717ed0b6c316ade8e9443b835b163d5ef5eba838a2c16508ab2b28e20bd98ce
    [booking_list] => Array
        (
            [0] => Array
                (
                    [room_type_id] => 11
                    [room_type] => Double Occupancy
                    [price] => 3200.00
                    [capacity] => 3
                    [image] => room_11_1_1749748500.jpg
                    [available_rooms] => 1
                    [quantity] => 1
                    [available] => 1
                )

            [1] => Array
                (
                    [room_type_id] => 3
                    [room_type] => Triple Occupancy
                    [price] => 4200.00
                    [capacity] => 3
                    [image] => room_3_1_1749748535.jpg
                    [available_rooms] => 1
                    [quantity] => 1
                    [available] => 1
                )

        )

    [booking_data] => Array
        (
            [first_name] => 
            [last_name] => 
            [email] => 
            [phone] => 
            [check_in] => 2025-12-05
            [check_out] => 2025-12-06
            [num_adults] => 1
            [num_children] => 0
            [num_nights] => 1
            [total_amount] => 7400
            [room_type] => Double Occupancy
            [room_type_id] => 0
            [room_price] => 3200
            [payment_option] => Partial Payment
            [payment_method] => gcash
            [payment_amount] => 1500
            [remaining_balance] => 5900
            [room_items] => Array
                (
                    [0] => Array
                        (
                            [room_type] => Double Occupancy
                            [price] => 3200.00
                            [quantity] => 1
                            [total] => 3200
                        )

                    [1] => Array
                        (
                            [room_type] => Triple Occupancy
                            [price] => 4200.00
                            [quantity] => 1
                            [total] => 4200
                        )

                )

        )

)

[28-Nov-2025 18:29:18 Europe/Berlin] POST data: Array
(
)

[28-Nov-2025 18:29:18 Europe/Berlin] Starting getRoomTypesWithNumbers function
[28-Nov-2025 18:29:18 Europe/Berlin] Using check-in: 2025-11-28, check-out: 2025-11-29
[28-Nov-2025 18:29:18 Europe/Berlin] Active room types count: 2
[28-Nov-2025 18:29:18 Europe/Berlin] Executing SQL: SELECT 
                    rt.room_type_id, 
                    rt.room_type as room_type, 
                    rt.price, 
                    rt.capacity,
                    rt.description, 
                    rt.beds, 
                    rt.rating, 
                    rt.image,
                    rt.image2,
                    rt.image3,
                    rt.status as room_status,
                    CASE 
                        WHEN rt.discount_valid_until >= CURDATE() THEN rt.discount_percent 
                        ELSE NULL 
                    END as discount_percent,
                    rt.discount_valid_until,
                    COALESCE((
                        SELECT COUNT(*)
                        FROM room_numbers rn
                        WHERE rn.room_type_id = rt.room_type_id 
                        AND rn.status = 'active'
                    ), 0) as total_rooms,
                    CASE 
                        WHEN rt.status = 'active' THEN 'Available' 
                        ELSE 'Not Available' 
                    END as status
                FROM room_types rt
                WHERE rt.status = 'active'
                ORDER BY rt.room_type
[28-Nov-2025 18:29:18 Europe/Berlin] Found 2 active room types
[28-Nov-2025 18:29:18 Europe/Berlin] Rooms data: Array
(
    [0] => Array
        (
            [room_type_id] => 11
            [room_type] => Double Occupancy
            [price] => 3200.00
            [capacity] => 3
            [description] => Room
            [beds] => 2 Single Beds, 1 Queen bed
            [rating] => 3.7
            [image] => room_11_1_1749748500.jpg
            [image2] => 
            [image3] => 
            [room_status] => active
            [discount_percent] => 
            [discount_valid_until] => 
            [total_rooms] => 1
            [status] => Available
        )

    [1] => Array
        (
            [room_type_id] => 3
            [room_type] => Triple Occupancy
            [price] => 4200.00
            [capacity] => 3
            [description] => Room
            [beds] => 1 Single Bed & 1 Queen Bed or 3 Single Beds
            [rating] => 4.4
            [image] => room_3_1_1749748535.jpg
            [image2] => /uploads/rooms/room_type_67f9739f87ef4_2.jpg
            [image3] => /uploads/rooms/room_type_67f9739f8ba32_3.jpg
            [room_status] => active
            [discount_percent] => 
            [discount_valid_until] => 
            [total_rooms] => 1
            [status] => Available
        )

)

[28-Nov-2025 18:29:18 Europe/Berlin] Error fetching discount types: SQLSTATE[42S22]: Column not found: 1054 Unknown column 'status' in 'where clause'
[28-Nov-2025 18:29:18 Europe/Berlin] Error fetching discount types: SQLSTATE[42S22]: Column not found: 1054 Unknown column 'status' in 'where clause'
[28-Nov-2025 18:41:08 Europe/Berlin] Session data: Array
(
    [redirect_url] => http://localhost/Admin/Customer/aa/login.php
    [user_id] => 40
    [user_type] => customer
    [email] => chanomabalo@gmail.com
    [csrf_token] => 4717ed0b6c316ade8e9443b835b163d5ef5eba838a2c16508ab2b28e20bd98ce
    [booking_list] => Array
        (
            [0] => Array
                (
                    [room_type_id] => 11
                    [room_type] => Double Occupancy
                    [price] => 3200.00
                    [capacity] => 3
                    [image] => room_11_1_1749748500.jpg
                    [available_rooms] => 1
                    [quantity] => 1
                    [available] => 1
                )

            [1] => Array
                (
                    [room_type_id] => 3
                    [room_type] => Triple Occupancy
                    [price] => 4200.00
                    [capacity] => 3
                    [image] => room_3_1_1749748535.jpg
                    [available_rooms] => 1
                    [quantity] => 1
                    [available] => 1
                )

        )

    [booking_data] => Array
        (
            [room_type] => Double Occupancy
            [room_type_id] => 
            [check_in] => 2025-12-05
            [check_out] => 2025-12-06
            [num_adults] => 1
            [num_children] => 0
            [total_guests] => 0
            [num_nights] => 1
            [room_price] => 3200.00
            [extra_bed_cost] => 0.00
            [subtotal] => 0
            [tax_amount] => 0.00
            [total_amount] => 7400.00
            [discount_type] => 
            [discount_percent] => 0
            [discount_amount] => 0
            [payment_method] => gcash
            [payment_status] => pending
            [booking_status] => confirmed
            [reference_number] => BOOK-6929dea757fdd
            [created_at] => 2025-11-28 18:40:55
        )

    [error] => An error occurred while processing your booking. Please try again.
)

[28-Nov-2025 18:41:08 Europe/Berlin] POST data: Array
(
)

[28-Nov-2025 18:41:08 Europe/Berlin] Starting getRoomTypesWithNumbers function
[28-Nov-2025 18:41:08 Europe/Berlin] Using check-in: 2025-11-28, check-out: 2025-11-29
[28-Nov-2025 18:41:08 Europe/Berlin] Active room types count: 2
[28-Nov-2025 18:41:08 Europe/Berlin] Executing SQL: SELECT 
                    rt.room_type_id, 
                    rt.room_type as room_type, 
                    rt.price, 
                    rt.capacity,
                    rt.description, 
                    rt.beds, 
                    rt.rating, 
                    rt.image,
                    rt.image2,
                    rt.image3,
                    rt.status as room_status,
                    CASE 
                        WHEN rt.discount_valid_until >= CURDATE() THEN rt.discount_percent 
                        ELSE NULL 
                    END as discount_percent,
                    rt.discount_valid_until,
                    COALESCE((
                        SELECT COUNT(*)
                        FROM room_numbers rn
                        WHERE rn.room_type_id = rt.room_type_id 
                        AND rn.status = 'active'
                    ), 0) as total_rooms,
                    CASE 
                        WHEN rt.status = 'active' THEN 'Available' 
                        ELSE 'Not Available' 
                    END as status
                FROM room_types rt
                WHERE rt.status = 'active'
                ORDER BY rt.room_type
[28-Nov-2025 18:41:08 Europe/Berlin] Found 2 active room types
[28-Nov-2025 18:41:08 Europe/Berlin] Rooms data: Array
(
    [0] => Array
        (
            [room_type_id] => 11
            [room_type] => Double Occupancy
            [price] => 3200.00
            [capacity] => 3
            [description] => Room
            [beds] => 2 Single Beds, 1 Queen bed
            [rating] => 3.7
            [image] => room_11_1_1749748500.jpg
            [image2] => 
            [image3] => 
            [room_status] => active
            [discount_percent] => 
            [discount_valid_until] => 
            [total_rooms] => 1
            [status] => Available
        )

    [1] => Array
        (
            [room_type_id] => 3
            [room_type] => Triple Occupancy
            [price] => 4200.00
            [capacity] => 3
            [description] => Room
            [beds] => 1 Single Bed & 1 Queen Bed or 3 Single Beds
            [rating] => 4.4
            [image] => room_3_1_1749748535.jpg
            [image2] => /uploads/rooms/room_type_67f9739f87ef4_2.jpg
            [image3] => /uploads/rooms/room_type_67f9739f8ba32_3.jpg
            [room_status] => active
            [discount_percent] => 
            [discount_valid_until] => 
            [total_rooms] => 1
            [status] => Available
        )

)

[28-Nov-2025 18:41:08 Europe/Berlin] Error fetching discount types: SQLSTATE[42S22]: Column not found: 1054 Unknown column 'status' in 'where clause'
[28-Nov-2025 18:41:08 Europe/Berlin] Error fetching discount types: SQLSTATE[42S22]: Column not found: 1054 Unknown column 'status' in 'where clause'
[28-Nov-2025 18:43:12 Europe/Berlin] Session data: Array
(
    [redirect_url] => http://localhost/Admin/Customer/aa/login.php
    [user_id] => 40
    [user_type] => customer
    [email] => chanomabalo@gmail.com
    [csrf_token] => 4717ed0b6c316ade8e9443b835b163d5ef5eba838a2c16508ab2b28e20bd98ce
    [booking_list] => Array
        (
            [0] => Array
                (
                    [room_type_id] => 11
                    [room_type] => Double Occupancy
                    [price] => 3200.00
                    [capacity] => 3
                    [image] => room_11_1_1749748500.jpg
                    [available_rooms] => 1
                    [quantity] => 1
                    [available] => 1
                )

            [1] => Array
                (
                    [room_type_id] => 3
                    [room_type] => Triple Occupancy
                    [price] => 4200.00
                    [capacity] => 3
                    [image] => room_3_1_1749748535.jpg
                    [available_rooms] => 1
                    [quantity] => 1
                    [available] => 1
                )

        )

    [booking_data] => Array
        (
            [room_type] => Double Occupancy
            [room_type_id] => 
            [check_in] => 2025-12-05
            [check_out] => 2025-12-06
            [num_adults] => 1
            [num_children] => 0
            [total_guests] => 0
            [num_nights] => 1
            [room_price] => 3200.00
            [extra_bed_cost] => 0.00
            [subtotal] => 0
            [tax_amount] => 0.00
            [total_amount] => 7400.00
            [discount_type] => 
            [discount_percent] => 0
            [discount_amount] => 0
            [payment_method] => gcash
            [payment_status] => pending
            [booking_status] => confirmed
            [reference_number] => BOOK-6929dea757fdd
            [created_at] => 2025-11-28 18:40:55
        )

    [error] => An error occurred while processing your booking. Please try again.
)

[28-Nov-2025 18:43:12 Europe/Berlin] POST data: Array
(
)

[28-Nov-2025 18:43:12 Europe/Berlin] Starting getRoomTypesWithNumbers function
[28-Nov-2025 18:43:12 Europe/Berlin] Using check-in: 2025-11-28, check-out: 2025-11-29
[28-Nov-2025 18:43:12 Europe/Berlin] Active room types count: 2
[28-Nov-2025 18:43:12 Europe/Berlin] Executing SQL: SELECT 
                    rt.room_type_id, 
                    rt.room_type as room_type, 
                    rt.price, 
                    rt.capacity,
                    rt.description, 
                    rt.beds, 
                    rt.rating, 
                    rt.image,
                    rt.image2,
                    rt.image3,
                    rt.status as room_status,
                    CASE 
                        WHEN rt.discount_valid_until >= CURDATE() THEN rt.discount_percent 
                        ELSE NULL 
                    END as discount_percent,
                    rt.discount_valid_until,
                    COALESCE((
                        SELECT COUNT(*)
                        FROM room_numbers rn
                        WHERE rn.room_type_id = rt.room_type_id 
                        AND rn.status = 'active'
                    ), 0) as total_rooms,
                    CASE 
                        WHEN rt.status = 'active' THEN 'Available' 
                        ELSE 'Not Available' 
                    END as status
                FROM room_types rt
                WHERE rt.status = 'active'
                ORDER BY rt.room_type
[28-Nov-2025 18:43:12 Europe/Berlin] Found 2 active room types
[28-Nov-2025 18:43:12 Europe/Berlin] Rooms data: Array
(
    [0] => Array
        (
            [room_type_id] => 11
            [room_type] => Double Occupancy
            [price] => 3200.00
            [capacity] => 3
            [description] => Room
            [beds] => 2 Single Beds, 1 Queen bed
            [rating] => 3.7
            [image] => room_11_1_1749748500.jpg
            [image2] => 
            [image3] => 
            [room_status] => active
            [discount_percent] => 
            [discount_valid_until] => 
            [total_rooms] => 1
            [status] => Available
        )

    [1] => Array
        (
            [room_type_id] => 3
            [room_type] => Triple Occupancy
            [price] => 4200.00
            [capacity] => 3
            [description] => Room
            [beds] => 1 Single Bed & 1 Queen Bed or 3 Single Beds
            [rating] => 4.4
            [image] => room_3_1_1749748535.jpg
            [image2] => /uploads/rooms/room_type_67f9739f87ef4_2.jpg
            [image3] => /uploads/rooms/room_type_67f9739f8ba32_3.jpg
            [room_status] => active
            [discount_percent] => 
            [discount_valid_until] => 
            [total_rooms] => 1
            [status] => Available
        )

)

[28-Nov-2025 18:43:12 Europe/Berlin] Error fetching discount types: SQLSTATE[42S22]: Column not found: 1054 Unknown column 'status' in 'where clause'
[28-Nov-2025 18:43:12 Europe/Berlin] Error fetching discount types: SQLSTATE[42S22]: Column not found: 1054 Unknown column 'status' in 'where clause'
[28-Nov-2025 18:47:38 Europe/Berlin] Session data: Array
(
    [redirect_url] => http://localhost/Admin/Customer/aa/login.php
    [user_id] => 40
    [user_type] => customer
    [email] => chanomabalo@gmail.com
    [csrf_token] => 4717ed0b6c316ade8e9443b835b163d5ef5eba838a2c16508ab2b28e20bd98ce
    [booking_list] => Array
        (
            [0] => Array
                (
                    [room_type_id] => 11
                    [room_type] => Double Occupancy
                    [price] => 3200.00
                    [capacity] => 3
                    [image] => room_11_1_1749748500.jpg
                    [available_rooms] => 1
                    [quantity] => 1
                    [available] => 1
                )

            [1] => Array
                (
                    [room_type_id] => 3
                    [room_type] => Triple Occupancy
                    [price] => 4200.00
                    [capacity] => 3
                    [image] => room_3_1_1749748535.jpg
                    [available_rooms] => 1
                    [quantity] => 1
                    [available] => 1
                )

        )

    [booking_data] => Array
        (
            [room_type] => Double Occupancy
            [room_type_id] => 
            [check_in] => 2025-12-05
            [check_out] => 2025-12-06
            [num_adults] => 1
            [num_children] => 0
            [total_guests] => 0
            [num_nights] => 1
            [room_price] => 3200.00
            [extra_bed_cost] => 0.00
            [subtotal] => 0
            [tax_amount] => 0.00
            [total_amount] => 7400.00
            [discount_type] => 
            [discount_percent] => 0
            [discount_amount] => 0
            [payment_method] => gcash
            [payment_status] => pending
            [booking_status] => confirmed
            [reference_number] => BOOK-6929dea757fdd
            [created_at] => 2025-11-28 18:40:55
        )

    [error] => An error occurred while processing your booking. Please try again.
)

[28-Nov-2025 18:47:38 Europe/Berlin] POST data: Array
(
)

[28-Nov-2025 18:47:38 Europe/Berlin] Starting getRoomTypesWithNumbers function
[28-Nov-2025 18:47:38 Europe/Berlin] Using check-in: 2025-11-28, check-out: 2025-11-29
[28-Nov-2025 18:47:38 Europe/Berlin] Active room types count: 2
[28-Nov-2025 18:47:38 Europe/Berlin] Executing SQL: SELECT 
                    rt.room_type_id, 
                    rt.room_type as room_type, 
                    rt.price, 
                    rt.capacity,
                    rt.description, 
                    rt.beds, 
                    rt.rating, 
                    rt.image,
                    rt.image2,
                    rt.image3,
                    rt.status as room_status,
                    CASE 
                        WHEN rt.discount_valid_until >= CURDATE() THEN rt.discount_percent 
                        ELSE NULL 
                    END as discount_percent,
                    rt.discount_valid_until,
                    COALESCE((
                        SELECT COUNT(*)
                        FROM room_numbers rn
                        WHERE rn.room_type_id = rt.room_type_id 
                        AND rn.status = 'active'
                    ), 0) as total_rooms,
                    CASE 
                        WHEN rt.status = 'active' THEN 'Available' 
                        ELSE 'Not Available' 
                    END as status
                FROM room_types rt
                WHERE rt.status = 'active'
                ORDER BY rt.room_type
[28-Nov-2025 18:47:38 Europe/Berlin] Found 2 active room types
[28-Nov-2025 18:47:38 Europe/Berlin] Rooms data: Array
(
    [0] => Array
        (
            [room_type_id] => 11
            [room_type] => Double Occupancy
            [price] => 3200.00
            [capacity] => 3
            [description] => Room
            [beds] => 2 Single Beds, 1 Queen bed
            [rating] => 3.7
            [image] => room_11_1_1749748500.jpg
            [image2] => 
            [image3] => 
            [room_status] => active
            [discount_percent] => 
            [discount_valid_until] => 
            [total_rooms] => 1
            [status] => Available
        )

    [1] => Array
        (
            [room_type_id] => 3
            [room_type] => Triple Occupancy
            [price] => 4200.00
            [capacity] => 3
            [description] => Room
            [beds] => 1 Single Bed & 1 Queen Bed or 3 Single Beds
            [rating] => 4.4
            [image] => room_3_1_1749748535.jpg
            [image2] => /uploads/rooms/room_type_67f9739f87ef4_2.jpg
            [image3] => /uploads/rooms/room_type_67f9739f8ba32_3.jpg
            [room_status] => active
            [discount_percent] => 
            [discount_valid_until] => 
            [total_rooms] => 1
            [status] => Available
        )

)

[28-Nov-2025 18:47:38 Europe/Berlin] Error fetching discount types: SQLSTATE[42S22]: Column not found: 1054 Unknown column 'status' in 'where clause'
[28-Nov-2025 18:47:38 Europe/Berlin] Error fetching discount types: SQLSTATE[42S22]: Column not found: 1054 Unknown column 'status' in 'where clause'
[29-Nov-2025 03:31:26 Europe/Berlin] Session data: Array
(
    [redirect_url] => http://localhost/Admin/Customer/aa/login.php
    [user_id] => 40
    [user_type] => customer
    [email] => chanomabalo@gmail.com
    [csrf_token] => 4717ed0b6c316ade8e9443b835b163d5ef5eba838a2c16508ab2b28e20bd98ce
    [booking_list] => Array
        (
            [0] => Array
                (
                    [room_type_id] => 11
                    [room_type] => Double Occupancy
                    [price] => 3200.00
                    [capacity] => 3
                    [image] => room_11_1_1749748500.jpg
                    [available_rooms] => 1
                    [quantity] => 1
                    [available] => 1
                )

            [1] => Array
                (
                    [room_type_id] => 3
                    [room_type] => Triple Occupancy
                    [price] => 4200.00
                    [capacity] => 3
                    [image] => room_3_1_1749748535.jpg
                    [available_rooms] => 1
                    [quantity] => 1
                    [available] => 1
                )

        )

    [booking_data] => Array
        (
            [room_type] => Double Occupancy
            [room_type_id] => 
            [check_in] => 2025-12-05
            [check_out] => 2025-12-06
            [num_adults] => 1
            [num_children] => 0
            [total_guests] => 0
            [num_nights] => 1
            [room_price] => 3200.00
            [extra_bed_cost] => 0.00
            [subtotal] => 0
            [tax_amount] => 0.00
            [total_amount] => 7400.00
            [discount_type] => 
            [discount_percent] => 0
            [discount_amount] => 0
            [payment_method] => gcash
            [payment_status] => pending
            [booking_status] => confirmed
            [reference_number] => BOOK-6929dea757fdd
            [created_at] => 2025-11-28 18:40:55
        )

    [error] => An error occurred while processing your booking. Please try again.
)

[29-Nov-2025 03:31:26 Europe/Berlin] POST data: Array
(
)

[29-Nov-2025 03:31:26 Europe/Berlin] Starting getRoomTypesWithNumbers function
[29-Nov-2025 03:31:27 Europe/Berlin] Using check-in: 2025-11-29, check-out: 2025-11-30
[29-Nov-2025 03:31:27 Europe/Berlin] Active room types count: 2
[29-Nov-2025 03:31:27 Europe/Berlin] Executing SQL: SELECT 
                    rt.room_type_id, 
                    rt.room_type as room_type, 
                    rt.price, 
                    rt.capacity,
                    rt.description, 
                    rt.beds, 
                    rt.rating, 
                    rt.image,
                    rt.image2,
                    rt.image3,
                    rt.status as room_status,
                    CASE 
                        WHEN rt.discount_valid_until >= CURDATE() THEN rt.discount_percent 
                        ELSE NULL 
                    END as discount_percent,
                    rt.discount_valid_until,
                    COALESCE((
                        SELECT COUNT(*)
                        FROM room_numbers rn
                        WHERE rn.room_type_id = rt.room_type_id 
                        AND rn.status = 'active'
                    ), 0) as total_rooms,
                    CASE 
                        WHEN rt.status = 'active' THEN 'Available' 
                        ELSE 'Not Available' 
                    END as status
                FROM room_types rt
                WHERE rt.status = 'active'
                ORDER BY rt.room_type
[29-Nov-2025 03:31:27 Europe/Berlin] Found 2 active room types
[29-Nov-2025 03:31:27 Europe/Berlin] Rooms data: Array
(
    [0] => Array
        (
            [room_type_id] => 11
            [room_type] => Double Occupancy
            [price] => 3200.00
            [capacity] => 3
            [description] => Room
            [beds] => 2 Single Beds, 1 Queen bed
            [rating] => 3.7
            [image] => room_11_1_1749748500.jpg
            [image2] => 
            [image3] => 
            [room_status] => active
            [discount_percent] => 
            [discount_valid_until] => 
            [total_rooms] => 1
            [status] => Available
        )

    [1] => Array
        (
            [room_type_id] => 3
            [room_type] => Triple Occupancy
            [price] => 4200.00
            [capacity] => 3
            [description] => Room
            [beds] => 1 Single Bed & 1 Queen Bed or 3 Single Beds
            [rating] => 4.4
            [image] => room_3_1_1749748535.jpg
            [image2] => /uploads/rooms/room_type_67f9739f87ef4_2.jpg
            [image3] => /uploads/rooms/room_type_67f9739f8ba32_3.jpg
            [room_status] => active
            [discount_percent] => 
            [discount_valid_until] => 
            [total_rooms] => 0
            [status] => Available
        )

)

[29-Nov-2025 03:31:27 Europe/Berlin] Error fetching discount types: SQLSTATE[42S22]: Column not found: 1054 Unknown column 'status' in 'where clause'
[29-Nov-2025 03:31:28 Europe/Berlin] Error fetching discount types: SQLSTATE[42S22]: Column not found: 1054 Unknown column 'status' in 'where clause'
[29-Nov-2025 03:32:08 Europe/Berlin] Session data: Array
(
    [redirect_url] => http://localhost/Admin/Customer/aa/login.php
    [user_id] => 40
    [user_type] => customer
    [email] => chanomabalo@gmail.com
    [csrf_token] => 4717ed0b6c316ade8e9443b835b163d5ef5eba838a2c16508ab2b28e20bd98ce
    [booking_list] => Array
        (
            [0] => Array
                (
                    [room_type_id] => 11
                    [room_type] => Double Occupancy
                    [price] => 3200.00
                    [capacity] => 3
                    [image] => room_11_1_1749748500.jpg
                    [available_rooms] => 1
                    [quantity] => 1
                    [available] => 1
                )

            [1] => Array
                (
                    [room_type_id] => 3
                    [room_type] => Triple Occupancy
                    [price] => 4200.00
                    [capacity] => 3
                    [image] => room_3_1_1749748535.jpg
                    [available_rooms] => 1
                    [quantity] => 1
                    [available] => 1
                )

        )

    [booking_data] => Array
        (
            [room_type] => Double Occupancy
            [room_type_id] => 
            [check_in] => 2025-12-05
            [check_out] => 2025-12-06
            [num_adults] => 1
            [num_children] => 0
            [total_guests] => 0
            [num_nights] => 1
            [room_price] => 3200.00
            [extra_bed_cost] => 0.00
            [subtotal] => 0
            [tax_amount] => 0.00
            [total_amount] => 7400.00
            [discount_type] => 
            [discount_percent] => 0
            [discount_amount] => 0
            [payment_method] => gcash
            [payment_status] => pending
            [booking_status] => confirmed
            [reference_number] => BOOK-6929dea757fdd
            [created_at] => 2025-11-28 18:40:55
        )

    [error] => An error occurred while processing your booking. Please try again.
)

[29-Nov-2025 03:32:08 Europe/Berlin] POST data: Array
(
)

[29-Nov-2025 03:32:08 Europe/Berlin] Starting getRoomTypesWithNumbers function
[29-Nov-2025 03:32:08 Europe/Berlin] Using check-in: 2025-11-29, check-out: 2025-11-30
[29-Nov-2025 03:32:08 Europe/Berlin] Active room types count: 2
[29-Nov-2025 03:32:08 Europe/Berlin] Executing SQL: SELECT 
                    rt.room_type_id, 
                    rt.room_type as room_type, 
                    rt.price, 
                    rt.capacity,
                    rt.description, 
                    rt.beds, 
                    rt.rating, 
                    rt.image,
                    rt.image2,
                    rt.image3,
                    rt.status as room_status,
                    CASE 
                        WHEN rt.discount_valid_until >= CURDATE() THEN rt.discount_percent 
                        ELSE NULL 
                    END as discount_percent,
                    rt.discount_valid_until,
                    COALESCE((
                        SELECT COUNT(*)
                        FROM room_numbers rn
                        WHERE rn.room_type_id = rt.room_type_id 
                        AND rn.status = 'active'
                    ), 0) as total_rooms,
                    CASE 
                        WHEN rt.status = 'active' THEN 'Available' 
                        ELSE 'Not Available' 
                    END as status
                FROM room_types rt
                WHERE rt.status = 'active'
                ORDER BY rt.room_type
[29-Nov-2025 03:32:08 Europe/Berlin] Found 2 active room types
[29-Nov-2025 03:32:08 Europe/Berlin] Rooms data: Array
(
    [0] => Array
        (
            [room_type_id] => 11
            [room_type] => Double Occupancy
            [price] => 3200.00
            [capacity] => 3
            [description] => Room
            [beds] => 2 Single Beds, 1 Queen bed
            [rating] => 3.7
            [image] => room_11_1_1749748500.jpg
            [image2] => 
            [image3] => 
            [room_status] => active
            [discount_percent] => 
            [discount_valid_until] => 
            [total_rooms] => 1
            [status] => Available
        )

    [1] => Array
        (
            [room_type_id] => 3
            [room_type] => Triple Occupancy
            [price] => 4200.00
            [capacity] => 3
            [description] => Room
            [beds] => 1 Single Bed & 1 Queen Bed or 3 Single Beds
            [rating] => 4.4
            [image] => room_3_1_1749748535.jpg
            [image2] => /uploads/rooms/room_type_67f9739f87ef4_2.jpg
            [image3] => /uploads/rooms/room_type_67f9739f8ba32_3.jpg
            [room_status] => active
            [discount_percent] => 
            [discount_valid_until] => 
            [total_rooms] => 0
            [status] => Available
        )

)

[29-Nov-2025 03:32:08 Europe/Berlin] Error fetching discount types: SQLSTATE[42S22]: Column not found: 1054 Unknown column 'status' in 'where clause'
[29-Nov-2025 03:32:08 Europe/Berlin] Error fetching discount types: SQLSTATE[42S22]: Column not found: 1054 Unknown column 'status' in 'where clause'
[29-Nov-2025 03:32:42 Europe/Berlin] Session data: Array
(
    [redirect_url] => http://localhost/Admin/Customer/aa/login.php
    [user_id] => 40
    [user_type] => customer
    [email] => chanomabalo@gmail.com
    [csrf_token] => 4717ed0b6c316ade8e9443b835b163d5ef5eba838a2c16508ab2b28e20bd98ce
    [booking_list] => Array
        (
            [0] => Array
                (
                    [room_type_id] => 11
                    [room_type] => Double Occupancy
                    [price] => 3200.00
                    [capacity] => 3
                    [image] => room_11_1_1749748500.jpg
                    [available_rooms] => 1
                    [quantity] => 1
                    [available] => 1
                )

            [1] => Array
                (
                    [room_type_id] => 3
                    [room_type] => Triple Occupancy
                    [price] => 4200.00
                    [capacity] => 3
                    [image] => room_3_1_1749748535.jpg
                    [available_rooms] => 1
                    [quantity] => 1
                    [available] => 1
                )

        )

    [booking_data] => Array
        (
            [room_type] => Double Occupancy
            [room_type_id] => 
            [check_in] => 2025-12-05
            [check_out] => 2025-12-06
            [num_adults] => 1
            [num_children] => 0
            [total_guests] => 0
            [num_nights] => 1
            [room_price] => 3200.00
            [extra_bed_cost] => 0.00
            [subtotal] => 0
            [tax_amount] => 0.00
            [total_amount] => 7400.00
            [discount_type] => 
            [discount_percent] => 0
            [discount_amount] => 0
            [payment_method] => gcash
            [payment_status] => pending
            [booking_status] => confirmed
            [reference_number] => BOOK-6929dea757fdd
            [created_at] => 2025-11-28 18:40:55
        )

    [error] => An error occurred while processing your booking. Please try again.
)

[29-Nov-2025 03:32:42 Europe/Berlin] POST data: Array
(
)

[29-Nov-2025 03:32:42 Europe/Berlin] Starting getRoomTypesWithNumbers function
[29-Nov-2025 03:32:42 Europe/Berlin] Using check-in: 2025-11-29, check-out: 2025-11-30
[29-Nov-2025 03:32:42 Europe/Berlin] Active room types count: 2
[29-Nov-2025 03:32:42 Europe/Berlin] Executing SQL: SELECT 
                    rt.room_type_id, 
                    rt.room_type as room_type, 
                    rt.price, 
                    rt.capacity,
                    rt.description, 
                    rt.beds, 
                    rt.rating, 
                    rt.image,
                    rt.image2,
                    rt.image3,
                    rt.status as room_status,
                    CASE 
                        WHEN rt.discount_valid_until >= CURDATE() THEN rt.discount_percent 
                        ELSE NULL 
                    END as discount_percent,
                    rt.discount_valid_until,
                    COALESCE((
                        SELECT COUNT(*)
                        FROM room_numbers rn
                        WHERE rn.room_type_id = rt.room_type_id 
                        AND rn.status = 'active'
                    ), 0) as total_rooms,
                    CASE 
                        WHEN rt.status = 'active' THEN 'Available' 
                        ELSE 'Not Available' 
                    END as status
                FROM room_types rt
                WHERE rt.status = 'active'
                ORDER BY rt.room_type
[29-Nov-2025 03:32:42 Europe/Berlin] Found 2 active room types
[29-Nov-2025 03:32:42 Europe/Berlin] Rooms data: Array
(
    [0] => Array
        (
            [room_type_id] => 11
            [room_type] => Double Occupancy
            [price] => 3200.00
            [capacity] => 3
            [description] => Room
            [beds] => 2 Single Beds, 1 Queen bed
            [rating] => 3.7
            [image] => room_11_1_1749748500.jpg
            [image2] => 
            [image3] => 
            [room_status] => active
            [discount_percent] => 
            [discount_valid_until] => 
            [total_rooms] => 1
            [status] => Available
        )

    [1] => Array
        (
            [room_type_id] => 3
            [room_type] => Triple Occupancy
            [price] => 4200.00
            [capacity] => 3
            [description] => Room
            [beds] => 1 Single Bed & 1 Queen Bed or 3 Single Beds
            [rating] => 4.4
            [image] => room_3_1_1749748535.jpg
            [image2] => /uploads/rooms/room_type_67f9739f87ef4_2.jpg
            [image3] => /uploads/rooms/room_type_67f9739f8ba32_3.jpg
            [room_status] => active
            [discount_percent] => 
            [discount_valid_until] => 
            [total_rooms] => 0
            [status] => Available
        )

)

[29-Nov-2025 03:32:42 Europe/Berlin] Error fetching discount types: SQLSTATE[42S22]: Column not found: 1054 Unknown column 'status' in 'where clause'
[29-Nov-2025 03:32:42 Europe/Berlin] Error fetching discount types: SQLSTATE[42S22]: Column not found: 1054 Unknown column 'status' in 'where clause'
[29-Nov-2025 03:32:47 Europe/Berlin] Session data: Array
(
    [redirect_url] => http://localhost/Admin/Customer/aa/login.php
    [user_id] => 40
    [user_type] => customer
    [email] => chanomabalo@gmail.com
    [csrf_token] => 4717ed0b6c316ade8e9443b835b163d5ef5eba838a2c16508ab2b28e20bd98ce
    [booking_list] => Array
        (
            [0] => Array
                (
                    [room_type_id] => 11
                    [room_type] => Double Occupancy
                    [price] => 3200.00
                    [capacity] => 3
                    [image] => room_11_1_1749748500.jpg
                    [available_rooms] => 1
                    [quantity] => 1
                    [available] => 1
                )

            [1] => Array
                (
                    [room_type_id] => 3
                    [room_type] => Triple Occupancy
                    [price] => 4200.00
                    [capacity] => 3
                    [image] => room_3_1_1749748535.jpg
                    [available_rooms] => 1
                    [quantity] => 1
                    [available] => 1
                )

        )

    [booking_data] => Array
        (
            [room_type] => Double Occupancy
            [room_type_id] => 
            [check_in] => 2025-12-05
            [check_out] => 2025-12-06
            [num_adults] => 1
            [num_children] => 0
            [total_guests] => 0
            [num_nights] => 1
            [room_price] => 3200.00
            [extra_bed_cost] => 0.00
            [subtotal] => 0
            [tax_amount] => 0.00
            [total_amount] => 7400.00
            [discount_type] => 
            [discount_percent] => 0
            [discount_amount] => 0
            [payment_method] => gcash
            [payment_status] => pending
            [booking_status] => confirmed
            [reference_number] => BOOK-6929dea757fdd
            [created_at] => 2025-11-28 18:40:55
        )

    [error] => An error occurred while processing your booking. Please try again.
)

[29-Nov-2025 03:32:47 Europe/Berlin] POST data: Array
(
)

[29-Nov-2025 03:32:47 Europe/Berlin] Starting getRoomTypesWithNumbers function
[29-Nov-2025 03:32:47 Europe/Berlin] Using check-in: 2025-11-29, check-out: 2025-11-30
[29-Nov-2025 03:32:47 Europe/Berlin] Active room types count: 2
[29-Nov-2025 03:32:47 Europe/Berlin] Executing SQL: SELECT 
                    rt.room_type_id, 
                    rt.room_type as room_type, 
                    rt.price, 
                    rt.capacity,
                    rt.description, 
                    rt.beds, 
                    rt.rating, 
                    rt.image,
                    rt.image2,
                    rt.image3,
                    rt.status as room_status,
                    CASE 
                        WHEN rt.discount_valid_until >= CURDATE() THEN rt.discount_percent 
                        ELSE NULL 
                    END as discount_percent,
                    rt.discount_valid_until,
                    COALESCE((
                        SELECT COUNT(*)
                        FROM room_numbers rn
                        WHERE rn.room_type_id = rt.room_type_id 
                        AND rn.status = 'active'
                    ), 0) as total_rooms,
                    CASE 
                        WHEN rt.status = 'active' THEN 'Available' 
                        ELSE 'Not Available' 
                    END as status
                FROM room_types rt
                WHERE rt.status = 'active'
                ORDER BY rt.room_type
[29-Nov-2025 03:32:47 Europe/Berlin] Found 2 active room types
[29-Nov-2025 03:32:47 Europe/Berlin] Rooms data: Array
(
    [0] => Array
        (
            [room_type_id] => 11
            [room_type] => Double Occupancy
            [price] => 3200.00
            [capacity] => 3
            [description] => Room
            [beds] => 2 Single Beds, 1 Queen bed
            [rating] => 3.7
            [image] => room_11_1_1749748500.jpg
            [image2] => 
            [image3] => 
            [room_status] => active
            [discount_percent] => 
            [discount_valid_until] => 
            [total_rooms] => 1
            [status] => Available
        )

    [1] => Array
        (
            [room_type_id] => 3
            [room_type] => Triple Occupancy
            [price] => 4200.00
            [capacity] => 3
            [description] => Room
            [beds] => 1 Single Bed & 1 Queen Bed or 3 Single Beds
            [rating] => 4.4
            [image] => room_3_1_1749748535.jpg
            [image2] => /uploads/rooms/room_type_67f9739f87ef4_2.jpg
            [image3] => /uploads/rooms/room_type_67f9739f8ba32_3.jpg
            [room_status] => active
            [discount_percent] => 
            [discount_valid_until] => 
            [total_rooms] => 0
            [status] => Available
        )

)

[29-Nov-2025 03:32:47 Europe/Berlin] Error fetching discount types: SQLSTATE[42S22]: Column not found: 1054 Unknown column 'status' in 'where clause'
[29-Nov-2025 03:32:47 Europe/Berlin] Error fetching discount types: SQLSTATE[42S22]: Column not found: 1054 Unknown column 'status' in 'where clause'
[29-Nov-2025 03:33:40 Europe/Berlin] Session data: Array
(
    [redirect_url] => http://localhost/Admin/Customer/aa/login.php
    [user_id] => 40
    [user_type] => customer
    [email] => chanomabalo@gmail.com
    [csrf_token] => 4717ed0b6c316ade8e9443b835b163d5ef5eba838a2c16508ab2b28e20bd98ce
    [booking_list] => Array
        (
            [0] => Array
                (
                    [room_type_id] => 11
                    [room_type] => Double Occupancy
                    [price] => 3200.00
                    [capacity] => 3
                    [image] => room_11_1_1749748500.jpg
                    [available_rooms] => 1
                    [quantity] => 1
                    [available] => 1
                )

            [1] => Array
                (
                    [room_type_id] => 3
                    [room_type] => Triple Occupancy
                    [price] => 4200.00
                    [capacity] => 3
                    [image] => room_3_1_1749748535.jpg
                    [available_rooms] => 1
                    [quantity] => 1
                    [available] => 1
                )

        )

    [booking_data] => Array
        (
            [room_type] => Double Occupancy
            [room_type_id] => 
            [check_in] => 2025-12-05
            [check_out] => 2025-12-06
            [num_adults] => 1
            [num_children] => 0
            [total_guests] => 0
            [num_nights] => 1
            [room_price] => 3200.00
            [extra_bed_cost] => 0.00
            [subtotal] => 0
            [tax_amount] => 0.00
            [total_amount] => 7400.00
            [discount_type] => 
            [discount_percent] => 0
            [discount_amount] => 0
            [payment_method] => gcash
            [payment_status] => pending
            [booking_status] => confirmed
            [reference_number] => BOOK-6929dea757fdd
            [created_at] => 2025-11-28 18:40:55
        )

    [error] => An error occurred while processing your booking. Please try again.
)

[29-Nov-2025 03:33:40 Europe/Berlin] POST data: Array
(
)

[29-Nov-2025 03:33:40 Europe/Berlin] Starting getRoomTypesWithNumbers function
[29-Nov-2025 03:33:40 Europe/Berlin] Using check-in: 2025-11-29, check-out: 2025-11-30
[29-Nov-2025 03:33:40 Europe/Berlin] Active room types count: 3
[29-Nov-2025 03:33:40 Europe/Berlin] Executing SQL: SELECT 
                    rt.room_type_id, 
                    rt.room_type as room_type, 
                    rt.price, 
                    rt.capacity,
                    rt.description, 
                    rt.beds, 
                    rt.rating, 
                    rt.image,
                    rt.image2,
                    rt.image3,
                    rt.status as room_status,
                    CASE 
                        WHEN rt.discount_valid_until >= CURDATE() THEN rt.discount_percent 
                        ELSE NULL 
                    END as discount_percent,
                    rt.discount_valid_until,
                    COALESCE((
                        SELECT COUNT(*)
                        FROM room_numbers rn
                        WHERE rn.room_type_id = rt.room_type_id 
                        AND rn.status = 'active'
                    ), 0) as total_rooms,
                    CASE 
                        WHEN rt.status = 'active' THEN 'Available' 
                        ELSE 'Not Available' 
                    END as status
                FROM room_types rt
                WHERE rt.status = 'active'
                ORDER BY rt.room_type
[29-Nov-2025 03:33:40 Europe/Berlin] Found 3 active room types
[29-Nov-2025 03:33:40 Europe/Berlin] Rooms data: Array
(
    [0] => Array
        (
            [room_type_id] => 11
            [room_type] => Double Occupancy
            [price] => 3200.00
            [capacity] => 3
            [description] => Room
            [beds] => 2 Single Beds, 1 Queen bed
            [rating] => 3.7
            [image] => room_11_1_1749748500.jpg
            [image2] => 
            [image3] => 
            [room_status] => active
            [discount_percent] => 
            [discount_valid_until] => 
            [total_rooms] => 1
            [status] => Available
        )

    [1] => Array
        (
            [room_type_id] => 8
            [room_type] => Family
            [price] => 5100.00
            [capacity] => 4
            [description] => Room
            [beds] => 2 Queen Beds
            [rating] => 4.5
            [image] => room_8_1_1749748512.jpg
            [image2] => /uploads/rooms/room_type_67f96e51c39c7_2.jpg
            [image3] => /uploads/rooms/room_type_67f96e51c3ccd_3.jpg
            [room_status] => active
            [discount_percent] => 
            [discount_valid_until] => 
            [total_rooms] => 3
            [status] => Available
        )

    [2] => Array
        (
            [room_type_id] => 3
            [room_type] => Triple Occupancy
            [price] => 4200.00
            [capacity] => 3
            [description] => Room
            [beds] => 1 Single Bed & 1 Queen Bed or 3 Single Beds
            [rating] => 4.4
            [image] => room_3_1_1749748535.jpg
            [image2] => /uploads/rooms/room_type_67f9739f87ef4_2.jpg
            [image3] => /uploads/rooms/room_type_67f9739f8ba32_3.jpg
            [room_status] => active
            [discount_percent] => 
            [discount_valid_until] => 
            [total_rooms] => 0
            [status] => Available
        )

)

[29-Nov-2025 03:33:40 Europe/Berlin] Error fetching discount types: SQLSTATE[42S22]: Column not found: 1054 Unknown column 'status' in 'where clause'
[29-Nov-2025 03:33:40 Europe/Berlin] Error fetching discount types: SQLSTATE[42S22]: Column not found: 1054 Unknown column 'status' in 'where clause'
[29-Nov-2025 03:33:50 Europe/Berlin] Session data: Array
(
    [redirect_url] => http://localhost/Admin/Customer/aa/login.php
    [user_id] => 40
    [user_type] => customer
    [email] => chanomabalo@gmail.com
    [csrf_token] => 4717ed0b6c316ade8e9443b835b163d5ef5eba838a2c16508ab2b28e20bd98ce
    [booking_list] => Array
        (
            [0] => Array
                (
                    [room_type_id] => 11
                    [room_type] => Double Occupancy
                    [price] => 3200.00
                    [capacity] => 3
                    [image] => room_11_1_1749748500.jpg
                    [available_rooms] => 1
                    [quantity] => 1
                    [available] => 1
                )

            [1] => Array
                (
                    [room_type_id] => 3
                    [room_type] => Triple Occupancy
                    [price] => 4200.00
                    [capacity] => 3
                    [image] => room_3_1_1749748535.jpg
                    [available_rooms] => 1
                    [quantity] => 1
                    [available] => 1
                )

            [2] => Array
                (
                    [room_type_id] => 8
                    [room_type] => Family
                    [price] => 5100.00
                    [capacity] => 4
                    [image] => room_8_1_1749748512.jpg
                    [available_rooms] => 3
                    [quantity] => 1
                )

        )

    [booking_data] => Array
        (
            [room_type] => Double Occupancy
            [room_type_id] => 
            [check_in] => 2025-12-05
            [check_out] => 2025-12-06
            [num_adults] => 1
            [num_children] => 0
            [total_guests] => 0
            [num_nights] => 1
            [room_price] => 3200.00
            [extra_bed_cost] => 0.00
            [subtotal] => 0
            [tax_amount] => 0.00
            [total_amount] => 7400.00
            [discount_type] => 
            [discount_percent] => 0
            [discount_amount] => 0
            [payment_method] => gcash
            [payment_status] => pending
            [booking_status] => confirmed
            [reference_number] => BOOK-6929dea757fdd
            [created_at] => 2025-11-28 18:40:55
        )

    [error] => An error occurred while processing your booking. Please try again.
)

[29-Nov-2025 03:33:50 Europe/Berlin] POST data: Array
(
)

[29-Nov-2025 03:33:50 Europe/Berlin] Starting getRoomTypesWithNumbers function
[29-Nov-2025 03:33:50 Europe/Berlin] Using check-in: 2025-11-29, check-out: 2025-11-30
[29-Nov-2025 03:33:50 Europe/Berlin] Active room types count: 3
[29-Nov-2025 03:33:50 Europe/Berlin] Executing SQL: SELECT 
                    rt.room_type_id, 
                    rt.room_type as room_type, 
                    rt.price, 
                    rt.capacity,
                    rt.description, 
                    rt.beds, 
                    rt.rating, 
                    rt.image,
                    rt.image2,
                    rt.image3,
                    rt.status as room_status,
                    CASE 
                        WHEN rt.discount_valid_until >= CURDATE() THEN rt.discount_percent 
                        ELSE NULL 
                    END as discount_percent,
                    rt.discount_valid_until,
                    COALESCE((
                        SELECT COUNT(*)
                        FROM room_numbers rn
                        WHERE rn.room_type_id = rt.room_type_id 
                        AND rn.status = 'active'
                    ), 0) as total_rooms,
                    CASE 
                        WHEN rt.status = 'active' THEN 'Available' 
                        ELSE 'Not Available' 
                    END as status
                FROM room_types rt
                WHERE rt.status = 'active'
                ORDER BY rt.room_type
[29-Nov-2025 03:33:50 Europe/Berlin] Found 3 active room types
[29-Nov-2025 03:33:50 Europe/Berlin] Rooms data: Array
(
    [0] => Array
        (
            [room_type_id] => 11
            [room_type] => Double Occupancy
            [price] => 3200.00
            [capacity] => 3
            [description] => Room
            [beds] => 2 Single Beds, 1 Queen bed
            [rating] => 3.7
            [image] => room_11_1_1749748500.jpg
            [image2] => 
            [image3] => 
            [room_status] => active
            [discount_percent] => 
            [discount_valid_until] => 
            [total_rooms] => 1
            [status] => Available
        )

    [1] => Array
        (
            [room_type_id] => 8
            [room_type] => Family
            [price] => 5100.00
            [capacity] => 4
            [description] => Room
            [beds] => 2 Queen Beds
            [rating] => 4.5
            [image] => room_8_1_1749748512.jpg
            [image2] => /uploads/rooms/room_type_67f96e51c39c7_2.jpg
            [image3] => /uploads/rooms/room_type_67f96e51c3ccd_3.jpg
            [room_status] => active
            [discount_percent] => 
            [discount_valid_until] => 
            [total_rooms] => 3
            [status] => Available
        )

    [2] => Array
        (
            [room_type_id] => 3
            [room_type] => Triple Occupancy
            [price] => 4200.00
            [capacity] => 3
            [description] => Room
            [beds] => 1 Single Bed & 1 Queen Bed or 3 Single Beds
            [rating] => 4.4
            [image] => room_3_1_1749748535.jpg
            [image2] => /uploads/rooms/room_type_67f9739f87ef4_2.jpg
            [image3] => /uploads/rooms/room_type_67f9739f8ba32_3.jpg
            [room_status] => active
            [discount_percent] => 
            [discount_valid_until] => 
            [total_rooms] => 0
            [status] => Available
        )

)

[29-Nov-2025 03:33:50 Europe/Berlin] Error fetching discount types: SQLSTATE[42S22]: Column not found: 1054 Unknown column 'status' in 'where clause'
[29-Nov-2025 03:33:50 Europe/Berlin] Error fetching discount types: SQLSTATE[42S22]: Column not found: 1054 Unknown column 'status' in 'where clause'
[29-Nov-2025 03:37:25 Europe/Berlin] Session data: Array
(
    [redirect_url] => http://localhost/Admin/Customer/aa/login.php
    [user_id] => 40
    [user_type] => customer
    [email] => chanomabalo@gmail.com
    [csrf_token] => 4717ed0b6c316ade8e9443b835b163d5ef5eba838a2c16508ab2b28e20bd98ce
    [booking_list] => Array
        (
            [0] => Array
                (
                    [room_type_id] => 11
                    [room_type] => Double Occupancy
                    [price] => 3200.00
                    [capacity] => 3
                    [image] => room_11_1_1749748500.jpg
                    [available_rooms] => 1
                    [quantity] => 1
                    [available] => 1
                )

            [1] => Array
                (
                    [room_type_id] => 3
                    [room_type] => Triple Occupancy
                    [price] => 4200.00
                    [capacity] => 3
                    [image] => room_3_1_1749748535.jpg
                    [available_rooms] => 1
                    [quantity] => 1
                    [available] => 0
                )

            [2] => Array
                (
                    [room_type_id] => 8
                    [room_type] => Family
                    [price] => 5100.00
                    [capacity] => 4
                    [image] => room_8_1_1749748512.jpg
                    [available_rooms] => 3
                    [quantity] => 1
                    [available] => 3
                )

        )

    [booking_data] => Array
        (
            [room_type] => Double Occupancy
            [room_type_id] => 
            [check_in] => 2025-12-05
            [check_out] => 2025-12-06
            [num_adults] => 1
            [num_children] => 0
            [total_guests] => 0
            [num_nights] => 1
            [room_price] => 3200.00
            [extra_bed_cost] => 0.00
            [subtotal] => 0
            [tax_amount] => 0.00
            [total_amount] => 7400.00
            [discount_type] => 
            [discount_percent] => 0
            [discount_amount] => 0
            [payment_method] => gcash
            [payment_status] => pending
            [booking_status] => confirmed
            [reference_number] => BOOK-6929dea757fdd
            [created_at] => 2025-11-28 18:40:55
        )

    [error] => An error occurred while processing your booking. Please try again.
)

[29-Nov-2025 03:37:25 Europe/Berlin] POST data: Array
(
)

[29-Nov-2025 03:37:25 Europe/Berlin] Starting getRoomTypesWithNumbers function
[29-Nov-2025 03:37:25 Europe/Berlin] Using check-in: 2025-11-29, check-out: 2025-11-30
[29-Nov-2025 03:37:25 Europe/Berlin] Active room types count: 3
[29-Nov-2025 03:37:25 Europe/Berlin] Executing SQL: SELECT 
                    rt.room_type_id, 
                    rt.room_type as room_type, 
                    rt.price, 
                    rt.capacity,
                    rt.description, 
                    rt.beds, 
                    rt.rating, 
                    rt.image,
                    rt.image2,
                    rt.image3,
                    rt.status as room_status,
                    CASE 
                        WHEN rt.discount_valid_until >= CURDATE() THEN rt.discount_percent 
                        ELSE NULL 
                    END as discount_percent,
                    rt.discount_valid_until,
                    COALESCE((
                        SELECT COUNT(*)
                        FROM room_numbers rn
                        WHERE rn.room_type_id = rt.room_type_id 
                        AND rn.status = 'active'
                    ), 0) as total_rooms,
                    CASE 
                        WHEN rt.status = 'active' THEN 'Available' 
                        ELSE 'Not Available' 
                    END as status
                FROM room_types rt
                WHERE rt.status = 'active'
                ORDER BY rt.room_type
[29-Nov-2025 03:37:25 Europe/Berlin] Found 3 active room types
[29-Nov-2025 03:37:25 Europe/Berlin] Rooms data: Array
(
    [0] => Array
        (
            [room_type_id] => 11
            [room_type] => Double Occupancy
            [price] => 3200.00
            [capacity] => 3
            [description] => Room
            [beds] => 2 Single Beds, 1 Queen bed
            [rating] => 3.7
            [image] => room_11_1_1749748500.jpg
            [image2] => 
            [image3] => 
            [room_status] => active
            [discount_percent] => 
            [discount_valid_until] => 
            [total_rooms] => 1
            [status] => Available
        )

    [1] => Array
        (
            [room_type_id] => 8
            [room_type] => Family
            [price] => 5100.00
            [capacity] => 4
            [description] => Room
            [beds] => 2 Queen Beds
            [rating] => 4.5
            [image] => room_8_1_1749748512.jpg
            [image2] => /uploads/rooms/room_type_67f96e51c39c7_2.jpg
            [image3] => /uploads/rooms/room_type_67f96e51c3ccd_3.jpg
            [room_status] => active
            [discount_percent] => 
            [discount_valid_until] => 
            [total_rooms] => 3
            [status] => Available
        )

    [2] => Array
        (
            [room_type_id] => 3
            [room_type] => Triple Occupancy
            [price] => 4200.00
            [capacity] => 3
            [description] => Room
            [beds] => 1 Single Bed & 1 Queen Bed or 3 Single Beds
            [rating] => 4.4
            [image] => room_3_1_1749748535.jpg
            [image2] => /uploads/rooms/room_type_67f9739f87ef4_2.jpg
            [image3] => /uploads/rooms/room_type_67f9739f8ba32_3.jpg
            [room_status] => active
            [discount_percent] => 
            [discount_valid_until] => 
            [total_rooms] => 0
            [status] => Available
        )

)

[29-Nov-2025 03:37:25 Europe/Berlin] Error fetching discount types: SQLSTATE[42S22]: Column not found: 1054 Unknown column 'status' in 'where clause'
[29-Nov-2025 03:37:25 Europe/Berlin] Error fetching discount types: SQLSTATE[42S22]: Column not found: 1054 Unknown column 'status' in 'where clause'
[29-Nov-2025 03:39:13 Europe/Berlin] Session data: Array
(
    [redirect_url] => http://localhost/Admin/Customer/aa/login.php
    [user_id] => 40
    [user_type] => customer
    [email] => chanomabalo@gmail.com
    [csrf_token] => 4717ed0b6c316ade8e9443b835b163d5ef5eba838a2c16508ab2b28e20bd98ce
    [booking_list] => Array
        (
            [0] => Array
                (
                    [room_type_id] => 11
                    [room_type] => Double Occupancy
                    [price] => 3200.00
                    [capacity] => 3
                    [image] => room_11_1_1749748500.jpg
                    [available_rooms] => 1
                    [quantity] => 1
                    [available] => 1
                )

            [1] => Array
                (
                    [room_type_id] => 3
                    [room_type] => Triple Occupancy
                    [price] => 4200.00
                    [capacity] => 3
                    [image] => room_3_1_1749748535.jpg
                    [available_rooms] => 1
                    [quantity] => 1
                    [available] => 0
                )

            [2] => Array
                (
                    [room_type_id] => 8
                    [room_type] => Family
                    [price] => 5100.00
                    [capacity] => 4
                    [image] => room_8_1_1749748512.jpg
                    [available_rooms] => 3
                    [quantity] => 1
                    [available] => 3
                )

        )

    [booking_data] => Array
        (
            [room_type] => Double Occupancy
            [room_type_id] => 
            [check_in] => 2025-12-05
            [check_out] => 2025-12-06
            [num_adults] => 1
            [num_children] => 0
            [total_guests] => 0
            [num_nights] => 1
            [room_price] => 3200.00
            [extra_bed_cost] => 0.00
            [subtotal] => 0
            [tax_amount] => 0.00
            [total_amount] => 7400.00
            [discount_type] => 
            [discount_percent] => 0
            [discount_amount] => 0
            [payment_method] => gcash
            [payment_status] => pending
            [booking_status] => confirmed
            [reference_number] => BOOK-6929dea757fdd
            [created_at] => 2025-11-28 18:40:55
        )

    [error] => An error occurred while processing your booking. Please try again.
)

[29-Nov-2025 03:39:13 Europe/Berlin] POST data: Array
(
)

[29-Nov-2025 03:39:13 Europe/Berlin] Starting getRoomTypesWithNumbers function
[29-Nov-2025 03:39:13 Europe/Berlin] Using check-in: 2025-11-29, check-out: 2025-11-30
[29-Nov-2025 03:39:13 Europe/Berlin] Active room types count: 3
[29-Nov-2025 03:39:13 Europe/Berlin] Executing SQL: SELECT 
                    rt.room_type_id, 
                    rt.room_type as room_type, 
                    rt.price, 
                    rt.capacity,
                    rt.description, 
                    rt.beds, 
                    rt.rating, 
                    rt.image,
                    rt.image2,
                    rt.image3,
                    rt.status as room_status,
                    CASE 
                        WHEN rt.discount_valid_until >= CURDATE() THEN rt.discount_percent 
                        ELSE NULL 
                    END as discount_percent,
                    rt.discount_valid_until,
                    COALESCE((
                        SELECT COUNT(*)
                        FROM room_numbers rn
                        WHERE rn.room_type_id = rt.room_type_id 
                        AND rn.status = 'active'
                    ), 0) as total_rooms,
                    CASE 
                        WHEN rt.status = 'active' THEN 'Available' 
                        ELSE 'Not Available' 
                    END as status
                FROM room_types rt
                WHERE rt.status = 'active'
                ORDER BY rt.room_type
[29-Nov-2025 03:39:13 Europe/Berlin] Found 3 active room types
[29-Nov-2025 03:39:13 Europe/Berlin] Rooms data: Array
(
    [0] => Array
        (
            [room_type_id] => 11
            [room_type] => Double Occupancy
            [price] => 3200.00
            [capacity] => 3
            [description] => Room
            [beds] => 2 Single Beds, 1 Queen bed
            [rating] => 3.7
            [image] => room_11_1_1749748500.jpg
            [image2] => 
            [image3] => 
            [room_status] => active
            [discount_percent] => 
            [discount_valid_until] => 
            [total_rooms] => 1
            [status] => Available
        )

    [1] => Array
        (
            [room_type_id] => 8
            [room_type] => Family
            [price] => 5100.00
            [capacity] => 4
            [description] => Room
            [beds] => 2 Queen Beds
            [rating] => 4.5
            [image] => room_8_1_1749748512.jpg
            [image2] => /uploads/rooms/room_type_67f96e51c39c7_2.jpg
            [image3] => /uploads/rooms/room_type_67f96e51c3ccd_3.jpg
            [room_status] => active
            [discount_percent] => 
            [discount_valid_until] => 
            [total_rooms] => 3
            [status] => Available
        )

    [2] => Array
        (
            [room_type_id] => 3
            [room_type] => Triple Occupancy
            [price] => 4200.00
            [capacity] => 3
            [description] => Room
            [beds] => 1 Single Bed & 1 Queen Bed or 3 Single Beds
            [rating] => 4.4
            [image] => room_3_1_1749748535.jpg
            [image2] => /uploads/rooms/room_type_67f9739f87ef4_2.jpg
            [image3] => /uploads/rooms/room_type_67f9739f8ba32_3.jpg
            [room_status] => active
            [discount_percent] => 
            [discount_valid_until] => 
            [total_rooms] => 0
            [status] => Available
        )

)

[29-Nov-2025 03:39:13 Europe/Berlin] Error fetching discount types: SQLSTATE[42S22]: Column not found: 1054 Unknown column 'status' in 'where clause'
[29-Nov-2025 03:39:13 Europe/Berlin] Error fetching discount types: SQLSTATE[42S22]: Column not found: 1054 Unknown column 'status' in 'where clause'
[29-Nov-2025 03:42:02 Europe/Berlin] Session data: Array
(
    [redirect_url] => http://localhost/Admin/Customer/aa/login.php
    [user_id] => 40
    [user_type] => customer
    [email] => chanomabalo@gmail.com
    [csrf_token] => 4717ed0b6c316ade8e9443b835b163d5ef5eba838a2c16508ab2b28e20bd98ce
    [booking_list] => Array
        (
            [0] => Array
                (
                    [room_type_id] => 11
                    [room_type] => Double Occupancy
                    [price] => 3200.00
                    [capacity] => 3
                    [image] => room_11_1_1749748500.jpg
                    [available_rooms] => 1
                    [quantity] => 1
                    [available] => 1
                )

            [1] => Array
                (
                    [room_type_id] => 3
                    [room_type] => Triple Occupancy
                    [price] => 4200.00
                    [capacity] => 3
                    [image] => room_3_1_1749748535.jpg
                    [available_rooms] => 1
                    [quantity] => 1
                    [available] => 0
                )

            [2] => Array
                (
                    [room_type_id] => 8
                    [room_type] => Family
                    [price] => 5100.00
                    [capacity] => 4
                    [image] => room_8_1_1749748512.jpg
                    [available_rooms] => 3
                    [quantity] => 1
                    [available] => 3
                )

        )

    [booking_data] => Array
        (
            [room_type] => Double Occupancy
            [room_type_id] => 
            [check_in] => 2025-12-05
            [check_out] => 2025-12-06
            [num_adults] => 1
            [num_children] => 0
            [total_guests] => 0
            [num_nights] => 1
            [room_price] => 3200.00
            [extra_bed_cost] => 0.00
            [subtotal] => 0
            [tax_amount] => 0.00
            [total_amount] => 7400.00
            [discount_type] => 
            [discount_percent] => 0
            [discount_amount] => 0
            [payment_method] => gcash
            [payment_status] => pending
            [booking_status] => confirmed
            [reference_number] => BOOK-6929dea757fdd
            [created_at] => 2025-11-28 18:40:55
        )

    [error] => An error occurred while processing your booking. Please try again.
)

[29-Nov-2025 03:42:02 Europe/Berlin] POST data: Array
(
)

[29-Nov-2025 03:42:02 Europe/Berlin] Starting getRoomTypesWithNumbers function
[29-Nov-2025 03:42:02 Europe/Berlin] Using check-in: 2025-11-29, check-out: 2025-11-30
[29-Nov-2025 03:42:02 Europe/Berlin] Active room types count: 3
[29-Nov-2025 03:42:02 Europe/Berlin] Executing SQL: SELECT 
                    rt.room_type_id, 
                    rt.room_type as room_type, 
                    rt.price, 
                    rt.capacity,
                    rt.description, 
                    rt.beds, 
                    rt.rating, 
                    rt.image,
                    rt.image2,
                    rt.image3,
                    rt.status as room_status,
                    CASE 
                        WHEN rt.discount_valid_until >= CURDATE() THEN rt.discount_percent 
                        ELSE NULL 
                    END as discount_percent,
                    rt.discount_valid_until,
                    COALESCE((
                        SELECT COUNT(*)
                        FROM room_numbers rn
                        WHERE rn.room_type_id = rt.room_type_id 
                        AND rn.status = 'active'
                    ), 0) as total_rooms,
                    CASE 
                        WHEN rt.status = 'active' THEN 'Available' 
                        ELSE 'Not Available' 
                    END as status
                FROM room_types rt
                WHERE rt.status = 'active'
                ORDER BY rt.room_type
[29-Nov-2025 03:42:02 Europe/Berlin] Found 3 active room types
[29-Nov-2025 03:42:02 Europe/Berlin] Rooms data: Array
(
    [0] => Array
        (
            [room_type_id] => 11
            [room_type] => Double Occupancy
            [price] => 3200.00
            [capacity] => 3
            [description] => Room
            [beds] => 2 Single Beds, 1 Queen bed
            [rating] => 3.7
            [image] => room_11_1_1749748500.jpg
            [image2] => 
            [image3] => 
            [room_status] => active
            [discount_percent] => 
            [discount_valid_until] => 
            [total_rooms] => 1
            [status] => Available
        )

    [1] => Array
        (
            [room_type_id] => 8
            [room_type] => Family
            [price] => 5100.00
            [capacity] => 4
            [description] => Room
            [beds] => 2 Queen Beds
            [rating] => 4.5
            [image] => room_8_1_1749748512.jpg
            [image2] => /uploads/rooms/room_type_67f96e51c39c7_2.jpg
            [image3] => /uploads/rooms/room_type_67f96e51c3ccd_3.jpg
            [room_status] => active
            [discount_percent] => 
            [discount_valid_until] => 
            [total_rooms] => 3
            [status] => Available
        )

    [2] => Array
        (
            [room_type_id] => 3
            [room_type] => Triple Occupancy
            [price] => 4200.00
            [capacity] => 3
            [description] => Room
            [beds] => 1 Single Bed & 1 Queen Bed or 3 Single Beds
            [rating] => 4.4
            [image] => room_3_1_1749748535.jpg
            [image2] => /uploads/rooms/room_type_67f9739f87ef4_2.jpg
            [image3] => /uploads/rooms/room_type_67f9739f8ba32_3.jpg
            [room_status] => active
            [discount_percent] => 
            [discount_valid_until] => 
            [total_rooms] => 0
            [status] => Available
        )

)

[29-Nov-2025 03:42:02 Europe/Berlin] Error fetching discount types: SQLSTATE[42S22]: Column not found: 1054 Unknown column 'status' in 'where clause'
[29-Nov-2025 03:42:02 Europe/Berlin] Error fetching discount types: SQLSTATE[42S22]: Column not found: 1054 Unknown column 'status' in 'where clause'
[29-Nov-2025 04:15:10 Europe/Berlin] Session data: Array
(
    [redirect_url] => http://localhost/Admin/Customer/aa/login.php
    [user_id] => 40
    [user_type] => customer
    [email] => chanomabalo@gmail.com
    [csrf_token] => 4717ed0b6c316ade8e9443b835b163d5ef5eba838a2c16508ab2b28e20bd98ce
    [booking_list] => Array
        (
            [0] => Array
                (
                    [room_type_id] => 11
                    [room_type] => Double Occupancy
                    [price] => 3200.00
                    [capacity] => 3
                    [image] => room_11_1_1749748500.jpg
                    [available_rooms] => 1
                    [quantity] => 1
                    [available] => 1
                )

            [1] => Array
                (
                    [room_type_id] => 3
                    [room_type] => Triple Occupancy
                    [price] => 4200.00
                    [capacity] => 3
                    [image] => room_3_1_1749748535.jpg
                    [available_rooms] => 1
                    [quantity] => 1
                    [available] => 0
                )

            [2] => Array
                (
                    [room_type_id] => 8
                    [room_type] => Family
                    [price] => 5100.00
                    [capacity] => 4
                    [image] => room_8_1_1749748512.jpg
                    [available_rooms] => 3
                    [quantity] => 1
                    [available] => 3
                )

        )

    [booking_data] => Array
        (
            [room_type] => Double Occupancy
            [room_type_id] => 
            [check_in] => 2025-12-05
            [check_out] => 2025-12-06
            [num_adults] => 1
            [num_children] => 0
            [total_guests] => 0
            [num_nights] => 1
            [room_price] => 3200.00
            [extra_bed_cost] => 0.00
            [subtotal] => 0
            [tax_amount] => 0.00
            [total_amount] => 7400.00
            [discount_type] => 
            [discount_percent] => 0
            [discount_amount] => 0
            [payment_method] => gcash
            [payment_status] => pending
            [booking_status] => confirmed
            [reference_number] => BOOK-6929dea757fdd
            [created_at] => 2025-11-28 18:40:55
        )

    [error] => An error occurred while processing your booking. Please try again.
)

[29-Nov-2025 04:15:10 Europe/Berlin] POST data: Array
(
)

[29-Nov-2025 04:15:10 Europe/Berlin] Starting getRoomTypesWithNumbers function
[29-Nov-2025 04:15:10 Europe/Berlin] Using check-in: 2025-11-29, check-out: 2025-11-30
[29-Nov-2025 04:15:10 Europe/Berlin] Active room types count: 3
[29-Nov-2025 04:15:10 Europe/Berlin] Executing SQL: SELECT 
                    rt.room_type_id, 
                    rt.room_type as room_type, 
                    rt.price, 
                    rt.capacity,
                    rt.description, 
                    rt.beds, 
                    rt.rating, 
                    rt.image,
                    rt.image2,
                    rt.image3,
                    rt.status as room_status,
                    CASE 
                        WHEN rt.discount_valid_until >= CURDATE() THEN rt.discount_percent 
                        ELSE NULL 
                    END as discount_percent,
                    rt.discount_valid_until,
                    COALESCE((
                        SELECT COUNT(*)
                        FROM room_numbers rn
                        WHERE rn.room_type_id = rt.room_type_id 
                        AND rn.status = 'active'
                    ), 0) as total_rooms,
                    CASE 
                        WHEN rt.status = 'active' THEN 'Available' 
                        ELSE 'Not Available' 
                    END as status
                FROM room_types rt
                WHERE rt.status = 'active'
                ORDER BY rt.room_type
[29-Nov-2025 04:15:10 Europe/Berlin] Found 3 active room types
[29-Nov-2025 04:15:10 Europe/Berlin] Rooms data: Array
(
    [0] => Array
        (
            [room_type_id] => 11
            [room_type] => Double Occupancy
            [price] => 3200.00
            [capacity] => 3
            [description] => Room
            [beds] => 2 Single Beds, 1 Queen bed
            [rating] => 3.7
            [image] => room_11_1_1749748500.jpg
            [image2] => 
            [image3] => 
            [room_status] => active
            [discount_percent] => 
            [discount_valid_until] => 
            [total_rooms] => 1
            [status] => Available
        )

    [1] => Array
        (
            [room_type_id] => 8
            [room_type] => Family
            [price] => 5100.00
            [capacity] => 4
            [description] => Room
            [beds] => 2 Queen Beds
            [rating] => 4.5
            [image] => room_8_1_1749748512.jpg
            [image2] => /uploads/rooms/room_type_67f96e51c39c7_2.jpg
            [image3] => /uploads/rooms/room_type_67f96e51c3ccd_3.jpg
            [room_status] => active
            [discount_percent] => 
            [discount_valid_until] => 
            [total_rooms] => 3
            [status] => Available
        )

    [2] => Array
        (
            [room_type_id] => 3
            [room_type] => Triple Occupancy
            [price] => 4200.00
            [capacity] => 3
            [description] => Room
            [beds] => 1 Single Bed & 1 Queen Bed or 3 Single Beds
            [rating] => 4.4
            [image] => room_3_1_1749748535.jpg
            [image2] => /uploads/rooms/room_type_67f9739f87ef4_2.jpg
            [image3] => /uploads/rooms/room_type_67f9739f8ba32_3.jpg
            [room_status] => active
            [discount_percent] => 
            [discount_valid_until] => 
            [total_rooms] => 0
            [status] => Available
        )

)

[29-Nov-2025 04:15:10 Europe/Berlin] Error fetching discount types: SQLSTATE[42S22]: Column not found: 1054 Unknown column 'status' in 'where clause'
[29-Nov-2025 04:15:12 Europe/Berlin] Error fetching discount types: SQLSTATE[42S22]: Column not found: 1054 Unknown column 'status' in 'where clause'
[29-Nov-2025 04:15:17 Europe/Berlin] Session data: Array
(
    [redirect_url] => http://localhost/Admin/Customer/aa/login.php
    [user_id] => 40
    [user_type] => customer
    [email] => chanomabalo@gmail.com
    [csrf_token] => 4717ed0b6c316ade8e9443b835b163d5ef5eba838a2c16508ab2b28e20bd98ce
    [booking_list] => Array
        (
            [0] => Array
                (
                    [room_type_id] => 11
                    [room_type] => Double Occupancy
                    [price] => 3200.00
                    [capacity] => 3
                    [image] => room_11_1_1749748500.jpg
                    [available_rooms] => 1
                    [quantity] => 1
                    [available] => 1
                )

            [1] => Array
                (
                    [room_type_id] => 3
                    [room_type] => Triple Occupancy
                    [price] => 4200.00
                    [capacity] => 3
                    [image] => room_3_1_1749748535.jpg
                    [available_rooms] => 1
                    [quantity] => 1
                    [available] => 0
                )

            [2] => Array
                (
                    [room_type_id] => 8
                    [room_type] => Family
                    [price] => 5100.00
                    [capacity] => 4
                    [image] => room_8_1_1749748512.jpg
                    [available_rooms] => 3
                    [quantity] => 1
                    [available] => 3
                )

        )

    [booking_data] => Array
        (
            [room_type] => Double Occupancy
            [room_type_id] => 
            [check_in] => 2025-12-05
            [check_out] => 2025-12-06
            [num_adults] => 1
            [num_children] => 0
            [total_guests] => 0
            [num_nights] => 1
            [room_price] => 3200.00
            [extra_bed_cost] => 0.00
            [subtotal] => 0
            [tax_amount] => 0.00
            [total_amount] => 7400.00
            [discount_type] => 
            [discount_percent] => 0
            [discount_amount] => 0
            [payment_method] => gcash
            [payment_status] => pending
            [booking_status] => confirmed
            [reference_number] => BOOK-6929dea757fdd
            [created_at] => 2025-11-28 18:40:55
        )

    [error] => An error occurred while processing your booking. Please try again.
)

[29-Nov-2025 04:15:17 Europe/Berlin] POST data: Array
(
)

[29-Nov-2025 04:15:17 Europe/Berlin] Starting getRoomTypesWithNumbers function
[29-Nov-2025 04:15:17 Europe/Berlin] Using check-in: 2025-11-29, check-out: 2025-11-30
[29-Nov-2025 04:15:17 Europe/Berlin] Active room types count: 3
[29-Nov-2025 04:15:17 Europe/Berlin] Executing SQL: SELECT 
                    rt.room_type_id, 
                    rt.room_type as room_type, 
                    rt.price, 
                    rt.capacity,
                    rt.description, 
                    rt.beds, 
                    rt.rating, 
                    rt.image,
                    rt.image2,
                    rt.image3,
                    rt.status as room_status,
                    CASE 
                        WHEN rt.discount_valid_until >= CURDATE() THEN rt.discount_percent 
                        ELSE NULL 
                    END as discount_percent,
                    rt.discount_valid_until,
                    COALESCE((
                        SELECT COUNT(*)
                        FROM room_numbers rn
                        WHERE rn.room_type_id = rt.room_type_id 
                        AND rn.status = 'active'
                    ), 0) as total_rooms,
                    CASE 
                        WHEN rt.status = 'active' THEN 'Available' 
                        ELSE 'Not Available' 
                    END as status
                FROM room_types rt
                WHERE rt.status = 'active'
                ORDER BY rt.room_type
[29-Nov-2025 04:15:17 Europe/Berlin] Found 3 active room types
[29-Nov-2025 04:15:17 Europe/Berlin] Rooms data: Array
(
    [0] => Array
        (
            [room_type_id] => 11
            [room_type] => Double Occupancy
            [price] => 3200.00
            [capacity] => 3
            [description] => Room
            [beds] => 2 Single Beds, 1 Queen bed
            [rating] => 3.7
            [image] => room_11_1_1749748500.jpg
            [image2] => 
            [image3] => 
            [room_status] => active
            [discount_percent] => 
            [discount_valid_until] => 
            [total_rooms] => 1
            [status] => Available
        )

    [1] => Array
        (
            [room_type_id] => 8
            [room_type] => Family
            [price] => 5100.00
            [capacity] => 4
            [description] => Room
            [beds] => 2 Queen Beds
            [rating] => 4.5
            [image] => room_8_1_1749748512.jpg
            [image2] => /uploads/rooms/room_type_67f96e51c39c7_2.jpg
            [image3] => /uploads/rooms/room_type_67f96e51c3ccd_3.jpg
            [room_status] => active
            [discount_percent] => 
            [discount_valid_until] => 
            [total_rooms] => 3
            [status] => Available
        )

    [2] => Array
        (
            [room_type_id] => 3
            [room_type] => Triple Occupancy
            [price] => 4200.00
            [capacity] => 3
            [description] => Room
            [beds] => 1 Single Bed & 1 Queen Bed or 3 Single Beds
            [rating] => 4.4
            [image] => room_3_1_1749748535.jpg
            [image2] => /uploads/rooms/room_type_67f9739f87ef4_2.jpg
            [image3] => /uploads/rooms/room_type_67f9739f8ba32_3.jpg
            [room_status] => active
            [discount_percent] => 
            [discount_valid_until] => 
            [total_rooms] => 0
            [status] => Available
        )

)

[29-Nov-2025 04:15:17 Europe/Berlin] Error fetching discount types: SQLSTATE[42S22]: Column not found: 1054 Unknown column 'status' in 'where clause'
[29-Nov-2025 04:15:17 Europe/Berlin] Error fetching discount types: SQLSTATE[42S22]: Column not found: 1054 Unknown column 'status' in 'where clause'
[29-Nov-2025 04:15:44 Europe/Berlin] Session data: Array
(
    [redirect_url] => http://localhost/Admin/Customer/aa/login.php
    [user_id] => 40
    [user_type] => customer
    [email] => chanomabalo@gmail.com
    [csrf_token] => 4717ed0b6c316ade8e9443b835b163d5ef5eba838a2c16508ab2b28e20bd98ce
    [booking_list] => Array
        (
            [0] => Array
                (
                    [room_type_id] => 11
                    [room_type] => Double Occupancy
                    [price] => 3200.00
                    [capacity] => 3
                    [image] => room_11_1_1749748500.jpg
                    [available_rooms] => 1
                    [quantity] => 1
                    [available] => 1
                )

            [1] => Array
                (
                    [room_type_id] => 3
                    [room_type] => Triple Occupancy
                    [price] => 4200.00
                    [capacity] => 3
                    [image] => room_3_1_1749748535.jpg
                    [available_rooms] => 1
                    [quantity] => 1
                    [available] => 0
                )

            [2] => Array
                (
                    [room_type_id] => 3
                    [room_type] => Triple Occupancy
                    [price] => 4200.00
                    [capacity] => 3
                    [image] => room_3_1_1749748535.jpg
                    [available_rooms] => 1
                    [quantity] => 1
                    [available] => 0
                )

        )

    [booking_data] => Array
        (
            [room_type] => Double Occupancy
            [room_type_id] => 
            [check_in] => 2025-12-05
            [check_out] => 2025-12-06
            [num_adults] => 1
            [num_children] => 0
            [total_guests] => 0
            [num_nights] => 1
            [room_price] => 3200.00
            [extra_bed_cost] => 0.00
            [subtotal] => 0
            [tax_amount] => 0.00
            [total_amount] => 7400.00
            [discount_type] => 
            [discount_percent] => 0
            [discount_amount] => 0
            [payment_method] => gcash
            [payment_status] => pending
            [booking_status] => confirmed
            [reference_number] => BOOK-6929dea757fdd
            [created_at] => 2025-11-28 18:40:55
        )

    [error] => An error occurred while processing your booking. Please try again.
)

[29-Nov-2025 04:15:44 Europe/Berlin] POST data: Array
(
)

[29-Nov-2025 04:15:44 Europe/Berlin] Starting getRoomTypesWithNumbers function
[29-Nov-2025 04:15:44 Europe/Berlin] Using check-in: 2025-11-29, check-out: 2025-11-30
[29-Nov-2025 04:15:44 Europe/Berlin] Active room types count: 3
[29-Nov-2025 04:15:44 Europe/Berlin] Executing SQL: SELECT 
                    rt.room_type_id, 
                    rt.room_type as room_type, 
                    rt.price, 
                    rt.capacity,
                    rt.description, 
                    rt.beds, 
                    rt.rating, 
                    rt.image,
                    rt.image2,
                    rt.image3,
                    rt.status as room_status,
                    CASE 
                        WHEN rt.discount_valid_until >= CURDATE() THEN rt.discount_percent 
                        ELSE NULL 
                    END as discount_percent,
                    rt.discount_valid_until,
                    COALESCE((
                        SELECT COUNT(*)
                        FROM room_numbers rn
                        WHERE rn.room_type_id = rt.room_type_id 
                        AND rn.status = 'active'
                    ), 0) as total_rooms,
                    CASE 
                        WHEN rt.status = 'active' THEN 'Available' 
                        ELSE 'Not Available' 
                    END as status
                FROM room_types rt
                WHERE rt.status = 'active'
                ORDER BY rt.room_type
[29-Nov-2025 04:15:44 Europe/Berlin] Found 3 active room types
[29-Nov-2025 04:15:44 Europe/Berlin] Rooms data: Array
(
    [0] => Array
        (
            [room_type_id] => 11
            [room_type] => Double Occupancy
            [price] => 3200.00
            [capacity] => 3
            [description] => Room
            [beds] => 2 Single Beds, 1 Queen bed
            [rating] => 3.7
            [image] => room_11_1_1749748500.jpg
            [image2] => 
            [image3] => 
            [room_status] => active
            [discount_percent] => 
            [discount_valid_until] => 
            [total_rooms] => 1
            [status] => Available
        )

    [1] => Array
        (
            [room_type_id] => 8
            [room_type] => Family
            [price] => 5100.00
            [capacity] => 4
            [description] => Room
            [beds] => 2 Queen Beds
            [rating] => 4.5
            [image] => room_8_1_1749748512.jpg
            [image2] => /uploads/rooms/room_type_67f96e51c39c7_2.jpg
            [image3] => /uploads/rooms/room_type_67f96e51c3ccd_3.jpg
            [room_status] => active
            [discount_percent] => 
            [discount_valid_until] => 
            [total_rooms] => 3
            [status] => Available
        )

    [2] => Array
        (
            [room_type_id] => 3
            [room_type] => Triple Occupancy
            [price] => 4200.00
            [capacity] => 3
            [description] => Room
            [beds] => 1 Single Bed & 1 Queen Bed or 3 Single Beds
            [rating] => 4.4
            [image] => room_3_1_1749748535.jpg
            [image2] => /uploads/rooms/room_type_67f9739f87ef4_2.jpg
            [image3] => /uploads/rooms/room_type_67f9739f8ba32_3.jpg
            [room_status] => active
            [discount_percent] => 
            [discount_valid_until] => 
            [total_rooms] => 0
            [status] => Available
        )

)

[29-Nov-2025 04:15:44 Europe/Berlin] Error fetching discount types: SQLSTATE[42S22]: Column not found: 1054 Unknown column 'status' in 'where clause'
[29-Nov-2025 04:15:44 Europe/Berlin] Error fetching discount types: SQLSTATE[42S22]: Column not found: 1054 Unknown column 'status' in 'where clause'
[29-Nov-2025 04:15:53 Europe/Berlin] Session data: Array
(
    [redirect_url] => http://localhost/Admin/Customer/aa/login.php
    [user_id] => 40
    [user_type] => customer
    [email] => chanomabalo@gmail.com
    [csrf_token] => 4717ed0b6c316ade8e9443b835b163d5ef5eba838a2c16508ab2b28e20bd98ce
    [booking_list] => Array
        (
            [0] => Array
                (
                    [room_type_id] => 11
                    [room_type] => Double Occupancy
                    [price] => 3200.00
                    [capacity] => 3
                    [image] => room_11_1_1749748500.jpg
                    [available_rooms] => 1
                    [quantity] => 1
                    [available] => 1
                )

            [1] => Array
                (
                    [room_type_id] => 8
                    [room_type] => Family
                    [price] => 5100.00
                    [capacity] => 4
                    [image] => room_8_1_1749748512.jpg
                    [available_rooms] => 3
                    [quantity] => 1
                )

        )

    [booking_data] => Array
        (
            [room_type] => Double Occupancy
            [room_type_id] => 
            [check_in] => 2025-12-05
            [check_out] => 2025-12-06
            [num_adults] => 1
            [num_children] => 0
            [total_guests] => 0
            [num_nights] => 1
            [room_price] => 3200.00
            [extra_bed_cost] => 0.00
            [subtotal] => 0
            [tax_amount] => 0.00
            [total_amount] => 7400.00
            [discount_type] => 
            [discount_percent] => 0
            [discount_amount] => 0
            [payment_method] => gcash
            [payment_status] => pending
            [booking_status] => confirmed
            [reference_number] => BOOK-6929dea757fdd
            [created_at] => 2025-11-28 18:40:55
        )

    [error] => An error occurred while processing your booking. Please try again.
)

[29-Nov-2025 04:15:53 Europe/Berlin] POST data: Array
(
)

[29-Nov-2025 04:15:53 Europe/Berlin] Starting getRoomTypesWithNumbers function
[29-Nov-2025 04:15:53 Europe/Berlin] Using check-in: 2025-11-29, check-out: 2025-11-30
[29-Nov-2025 04:15:53 Europe/Berlin] Active room types count: 3
[29-Nov-2025 04:15:53 Europe/Berlin] Executing SQL: SELECT 
                    rt.room_type_id, 
                    rt.room_type as room_type, 
                    rt.price, 
                    rt.capacity,
                    rt.description, 
                    rt.beds, 
                    rt.rating, 
                    rt.image,
                    rt.image2,
                    rt.image3,
                    rt.status as room_status,
                    CASE 
                        WHEN rt.discount_valid_until >= CURDATE() THEN rt.discount_percent 
                        ELSE NULL 
                    END as discount_percent,
                    rt.discount_valid_until,
                    COALESCE((
                        SELECT COUNT(*)
                        FROM room_numbers rn
                        WHERE rn.room_type_id = rt.room_type_id 
                        AND rn.status = 'active'
                    ), 0) as total_rooms,
                    CASE 
                        WHEN rt.status = 'active' THEN 'Available' 
                        ELSE 'Not Available' 
                    END as status
                FROM room_types rt
                WHERE rt.status = 'active'
                ORDER BY rt.room_type
[29-Nov-2025 04:15:53 Europe/Berlin] Found 3 active room types
[29-Nov-2025 04:15:53 Europe/Berlin] Rooms data: Array
(
    [0] => Array
        (
            [room_type_id] => 11
            [room_type] => Double Occupancy
            [price] => 3200.00
            [capacity] => 3
            [description] => Room
            [beds] => 2 Single Beds, 1 Queen bed
            [rating] => 3.7
            [image] => room_11_1_1749748500.jpg
            [image2] => 
            [image3] => 
            [room_status] => active
            [discount_percent] => 
            [discount_valid_until] => 
            [total_rooms] => 1
            [status] => Available
        )

    [1] => Array
        (
            [room_type_id] => 8
            [room_type] => Family
            [price] => 5100.00
            [capacity] => 4
            [description] => Room
            [beds] => 2 Queen Beds
            [rating] => 4.5
            [image] => room_8_1_1749748512.jpg
            [image2] => /uploads/rooms/room_type_67f96e51c39c7_2.jpg
            [image3] => /uploads/rooms/room_type_67f96e51c3ccd_3.jpg
            [room_status] => active
            [discount_percent] => 
            [discount_valid_until] => 
            [total_rooms] => 3
            [status] => Available
        )

    [2] => Array
        (
            [room_type_id] => 3
            [room_type] => Triple Occupancy
            [price] => 4200.00
            [capacity] => 3
            [description] => Room
            [beds] => 1 Single Bed & 1 Queen Bed or 3 Single Beds
            [rating] => 4.4
            [image] => room_3_1_1749748535.jpg
            [image2] => /uploads/rooms/room_type_67f9739f87ef4_2.jpg
            [image3] => /uploads/rooms/room_type_67f9739f8ba32_3.jpg
            [room_status] => active
            [discount_percent] => 
            [discount_valid_until] => 
            [total_rooms] => 0
            [status] => Available
        )

)

[29-Nov-2025 04:15:53 Europe/Berlin] Error fetching discount types: SQLSTATE[42S22]: Column not found: 1054 Unknown column 'status' in 'where clause'
[29-Nov-2025 04:15:53 Europe/Berlin] Error fetching discount types: SQLSTATE[42S22]: Column not found: 1054 Unknown column 'status' in 'where clause'
[29-Nov-2025 04:16:06 Europe/Berlin] Session data: Array
(
    [redirect_url] => http://localhost/Admin/Customer/aa/login.php
    [user_id] => 40
    [user_type] => customer
    [email] => chanomabalo@gmail.com
    [csrf_token] => 4717ed0b6c316ade8e9443b835b163d5ef5eba838a2c16508ab2b28e20bd98ce
    [booking_list] => Array
        (
            [0] => Array
                (
                    [room_type_id] => 11
                    [room_type] => Double Occupancy
                    [price] => 3200.00
                    [capacity] => 3
                    [image] => room_11_1_1749748500.jpg
                    [available_rooms] => 1
                    [quantity] => 1
                    [available] => 1
                )

            [1] => Array
                (
                    [room_type_id] => 11
                    [room_type] => Double Occupancy
                    [price] => 3200.00
                    [capacity] => 3
                    [image] => room_11_1_1749748500.jpg
                    [available_rooms] => 1
                    [quantity] => 1
                    [available] => 1
                )

        )

    [booking_data] => Array
        (
            [room_type] => Double Occupancy
            [room_type_id] => 
            [check_in] => 2025-12-05
            [check_out] => 2025-12-06
            [num_adults] => 1
            [num_children] => 0
            [total_guests] => 0
            [num_nights] => 1
            [room_price] => 3200.00
            [extra_bed_cost] => 0.00
            [subtotal] => 0
            [tax_amount] => 0.00
            [total_amount] => 7400.00
            [discount_type] => 
            [discount_percent] => 0
            [discount_amount] => 0
            [payment_method] => gcash
            [payment_status] => pending
            [booking_status] => confirmed
            [reference_number] => BOOK-6929dea757fdd
            [created_at] => 2025-11-28 18:40:55
        )

    [error] => An error occurred while processing your booking. Please try again.
)

[29-Nov-2025 04:16:06 Europe/Berlin] POST data: Array
(
)

[29-Nov-2025 04:16:06 Europe/Berlin] Starting getRoomTypesWithNumbers function
[29-Nov-2025 04:16:06 Europe/Berlin] Using check-in: 2025-11-29, check-out: 2025-11-30
[29-Nov-2025 04:16:06 Europe/Berlin] Active room types count: 3
[29-Nov-2025 04:16:06 Europe/Berlin] Executing SQL: SELECT 
                    rt.room_type_id, 
                    rt.room_type as room_type, 
                    rt.price, 
                    rt.capacity,
                    rt.description, 
                    rt.beds, 
                    rt.rating, 
                    rt.image,
                    rt.image2,
                    rt.image3,
                    rt.status as room_status,
                    CASE 
                        WHEN rt.discount_valid_until >= CURDATE() THEN rt.discount_percent 
                        ELSE NULL 
                    END as discount_percent,
                    rt.discount_valid_until,
                    COALESCE((
                        SELECT COUNT(*)
                        FROM room_numbers rn
                        WHERE rn.room_type_id = rt.room_type_id 
                        AND rn.status = 'active'
                    ), 0) as total_rooms,
                    CASE 
                        WHEN rt.status = 'active' THEN 'Available' 
                        ELSE 'Not Available' 
                    END as status
                FROM room_types rt
                WHERE rt.status = 'active'
                ORDER BY rt.room_type
[29-Nov-2025 04:16:06 Europe/Berlin] Found 3 active room types
[29-Nov-2025 04:16:06 Europe/Berlin] Rooms data: Array
(
    [0] => Array
        (
            [room_type_id] => 11
            [room_type] => Double Occupancy
            [price] => 3200.00
            [capacity] => 3
            [description] => Room
            [beds] => 2 Single Beds, 1 Queen bed
            [rating] => 3.7
            [image] => room_11_1_1749748500.jpg
            [image2] => 
            [image3] => 
            [room_status] => active
            [discount_percent] => 
            [discount_valid_until] => 
            [total_rooms] => 1
            [status] => Available
        )

    [1] => Array
        (
            [room_type_id] => 8
            [room_type] => Family
            [price] => 5100.00
            [capacity] => 4
            [description] => Room
            [beds] => 2 Queen Beds
            [rating] => 4.5
            [image] => room_8_1_1749748512.jpg
            [image2] => /uploads/rooms/room_type_67f96e51c39c7_2.jpg
            [image3] => /uploads/rooms/room_type_67f96e51c3ccd_3.jpg
            [room_status] => active
            [discount_percent] => 
            [discount_valid_until] => 
            [total_rooms] => 3
            [status] => Available
        )

    [2] => Array
        (
            [room_type_id] => 3
            [room_type] => Triple Occupancy
            [price] => 4200.00
            [capacity] => 3
            [description] => Room
            [beds] => 1 Single Bed & 1 Queen Bed or 3 Single Beds
            [rating] => 4.4
            [image] => room_3_1_1749748535.jpg
            [image2] => /uploads/rooms/room_type_67f9739f87ef4_2.jpg
            [image3] => /uploads/rooms/room_type_67f9739f8ba32_3.jpg
            [room_status] => active
            [discount_percent] => 
            [discount_valid_until] => 
            [total_rooms] => 0
            [status] => Available
        )

)

[29-Nov-2025 04:16:06 Europe/Berlin] Error fetching discount types: SQLSTATE[42S22]: Column not found: 1054 Unknown column 'status' in 'where clause'
[29-Nov-2025 04:16:06 Europe/Berlin] Error fetching discount types: SQLSTATE[42S22]: Column not found: 1054 Unknown column 'status' in 'where clause'
[29-Nov-2025 04:16:15 Europe/Berlin] Session data: Array
(
    [redirect_url] => http://localhost/Admin/Customer/aa/login.php
    [user_id] => 40
    [user_type] => customer
    [email] => chanomabalo@gmail.com
    [csrf_token] => 4717ed0b6c316ade8e9443b835b163d5ef5eba838a2c16508ab2b28e20bd98ce
    [booking_list] => Array
        (
            [0] => Array
                (
                    [room_type_id] => 11
                    [room_type] => Double Occupancy
                    [price] => 3200.00
                    [capacity] => 3
                    [image] => room_11_1_1749748500.jpg
                    [available_rooms] => 1
                    [quantity] => 1
                )

        )

    [booking_data] => Array
        (
            [room_type] => Double Occupancy
            [room_type_id] => 
            [check_in] => 2025-12-05
            [check_out] => 2025-12-06
            [num_adults] => 1
            [num_children] => 0
            [total_guests] => 0
            [num_nights] => 1
            [room_price] => 3200.00
            [extra_bed_cost] => 0.00
            [subtotal] => 0
            [tax_amount] => 0.00
            [total_amount] => 7400.00
            [discount_type] => 
            [discount_percent] => 0
            [discount_amount] => 0
            [payment_method] => gcash
            [payment_status] => pending
            [booking_status] => confirmed
            [reference_number] => BOOK-6929dea757fdd
            [created_at] => 2025-11-28 18:40:55
        )

    [error] => An error occurred while processing your booking. Please try again.
)

[29-Nov-2025 04:16:15 Europe/Berlin] POST data: Array
(
)

[29-Nov-2025 04:16:15 Europe/Berlin] Starting getRoomTypesWithNumbers function
[29-Nov-2025 04:16:15 Europe/Berlin] Using check-in: 2025-11-29, check-out: 2025-11-30
[29-Nov-2025 04:16:15 Europe/Berlin] Active room types count: 3
[29-Nov-2025 04:16:15 Europe/Berlin] Executing SQL: SELECT 
                    rt.room_type_id, 
                    rt.room_type as room_type, 
                    rt.price, 
                    rt.capacity,
                    rt.description, 
                    rt.beds, 
                    rt.rating, 
                    rt.image,
                    rt.image2,
                    rt.image3,
                    rt.status as room_status,
                    CASE 
                        WHEN rt.discount_valid_until >= CURDATE() THEN rt.discount_percent 
                        ELSE NULL 
                    END as discount_percent,
                    rt.discount_valid_until,
                    COALESCE((
                        SELECT COUNT(*)
                        FROM room_numbers rn
                        WHERE rn.room_type_id = rt.room_type_id 
                        AND rn.status = 'active'
                    ), 0) as total_rooms,
                    CASE 
                        WHEN rt.status = 'active' THEN 'Available' 
                        ELSE 'Not Available' 
                    END as status
                FROM room_types rt
                WHERE rt.status = 'active'
                ORDER BY rt.room_type
[29-Nov-2025 04:16:15 Europe/Berlin] Found 3 active room types
[29-Nov-2025 04:16:15 Europe/Berlin] Rooms data: Array
(
    [0] => Array
        (
            [room_type_id] => 11
            [room_type] => Double Occupancy
            [price] => 3200.00
            [capacity] => 3
            [description] => Room
            [beds] => 2 Single Beds, 1 Queen bed
            [rating] => 3.7
            [image] => room_11_1_1749748500.jpg
            [image2] => 
            [image3] => 
            [room_status] => active
            [discount_percent] => 
            [discount_valid_until] => 
            [total_rooms] => 1
            [status] => Available
        )

    [1] => Array
        (
            [room_type_id] => 8
            [room_type] => Family
            [price] => 5100.00
            [capacity] => 4
            [description] => Room
            [beds] => 2 Queen Beds
            [rating] => 4.5
            [image] => room_8_1_1749748512.jpg
            [image2] => /uploads/rooms/room_type_67f96e51c39c7_2.jpg
            [image3] => /uploads/rooms/room_type_67f96e51c3ccd_3.jpg
            [room_status] => active
            [discount_percent] => 
            [discount_valid_until] => 
            [total_rooms] => 3
            [status] => Available
        )

    [2] => Array
        (
            [room_type_id] => 3
            [room_type] => Triple Occupancy
            [price] => 4200.00
            [capacity] => 3
            [description] => Room
            [beds] => 1 Single Bed & 1 Queen Bed or 3 Single Beds
            [rating] => 4.4
            [image] => room_3_1_1749748535.jpg
            [image2] => /uploads/rooms/room_type_67f9739f87ef4_2.jpg
            [image3] => /uploads/rooms/room_type_67f9739f8ba32_3.jpg
            [room_status] => active
            [discount_percent] => 
            [discount_valid_until] => 
            [total_rooms] => 0
            [status] => Available
        )

)

[29-Nov-2025 04:16:15 Europe/Berlin] Error fetching discount types: SQLSTATE[42S22]: Column not found: 1054 Unknown column 'status' in 'where clause'
[29-Nov-2025 04:16:15 Europe/Berlin] Error fetching discount types: SQLSTATE[42S22]: Column not found: 1054 Unknown column 'status' in 'where clause'
[29-Nov-2025 04:16:17 Europe/Berlin] Session data: Array
(
    [redirect_url] => http://localhost/Admin/Customer/aa/login.php
    [user_id] => 40
    [user_type] => customer
    [email] => chanomabalo@gmail.com
    [csrf_token] => 4717ed0b6c316ade8e9443b835b163d5ef5eba838a2c16508ab2b28e20bd98ce
    [booking_list] => Array
        (
            [0] => Array
                (
                    [room_type_id] => 11
                    [room_type] => Double Occupancy
                    [price] => 3200.00
                    [capacity] => 3
                    [image] => room_11_1_1749748500.jpg
                    [available_rooms] => 1
                    [quantity] => 1
                )

            [1] => Array
                (
                    [room_type_id] => 8
                    [room_type] => Family
                    [price] => 5100.00
                    [capacity] => 4
                    [image] => room_8_1_1749748512.jpg
                    [available_rooms] => 3
                    [quantity] => 1
                )

        )

    [booking_data] => Array
        (
            [room_type] => Double Occupancy
            [room_type_id] => 
            [check_in] => 2025-12-05
            [check_out] => 2025-12-06
            [num_adults] => 1
            [num_children] => 0
            [total_guests] => 0
            [num_nights] => 1
            [room_price] => 3200.00
            [extra_bed_cost] => 0.00
            [subtotal] => 0
            [tax_amount] => 0.00
            [total_amount] => 7400.00
            [discount_type] => 
            [discount_percent] => 0
            [discount_amount] => 0
            [payment_method] => gcash
            [payment_status] => pending
            [booking_status] => confirmed
            [reference_number] => BOOK-6929dea757fdd
            [created_at] => 2025-11-28 18:40:55
        )

    [error] => An error occurred while processing your booking. Please try again.
)

[29-Nov-2025 04:16:17 Europe/Berlin] POST data: Array
(
)

[29-Nov-2025 04:16:17 Europe/Berlin] Starting getRoomTypesWithNumbers function
[29-Nov-2025 04:16:17 Europe/Berlin] Using check-in: 2025-11-29, check-out: 2025-11-30
[29-Nov-2025 04:16:17 Europe/Berlin] Active room types count: 3
[29-Nov-2025 04:16:17 Europe/Berlin] Executing SQL: SELECT 
                    rt.room_type_id, 
                    rt.room_type as room_type, 
                    rt.price, 
                    rt.capacity,
                    rt.description, 
                    rt.beds, 
                    rt.rating, 
                    rt.image,
                    rt.image2,
                    rt.image3,
                    rt.status as room_status,
                    CASE 
                        WHEN rt.discount_valid_until >= CURDATE() THEN rt.discount_percent 
                        ELSE NULL 
                    END as discount_percent,
                    rt.discount_valid_until,
                    COALESCE((
                        SELECT COUNT(*)
                        FROM room_numbers rn
                        WHERE rn.room_type_id = rt.room_type_id 
                        AND rn.status = 'active'
                    ), 0) as total_rooms,
                    CASE 
                        WHEN rt.status = 'active' THEN 'Available' 
                        ELSE 'Not Available' 
                    END as status
                FROM room_types rt
                WHERE rt.status = 'active'
                ORDER BY rt.room_type
[29-Nov-2025 04:16:17 Europe/Berlin] Found 3 active room types
[29-Nov-2025 04:16:17 Europe/Berlin] Rooms data: Array
(
    [0] => Array
        (
            [room_type_id] => 11
            [room_type] => Double Occupancy
            [price] => 3200.00
            [capacity] => 3
            [description] => Room
            [beds] => 2 Single Beds, 1 Queen bed
            [rating] => 3.7
            [image] => room_11_1_1749748500.jpg
            [image2] => 
            [image3] => 
            [room_status] => active
            [discount_percent] => 
            [discount_valid_until] => 
            [total_rooms] => 1
            [status] => Available
        )

    [1] => Array
        (
            [room_type_id] => 8
            [room_type] => Family
            [price] => 5100.00
            [capacity] => 4
            [description] => Room
            [beds] => 2 Queen Beds
            [rating] => 4.5
            [image] => room_8_1_1749748512.jpg
            [image2] => /uploads/rooms/room_type_67f96e51c39c7_2.jpg
            [image3] => /uploads/rooms/room_type_67f96e51c3ccd_3.jpg
            [room_status] => active
            [discount_percent] => 
            [discount_valid_until] => 
            [total_rooms] => 3
            [status] => Available
        )

    [2] => Array
        (
            [room_type_id] => 3
            [room_type] => Triple Occupancy
            [price] => 4200.00
            [capacity] => 3
            [description] => Room
            [beds] => 1 Single Bed & 1 Queen Bed or 3 Single Beds
            [rating] => 4.4
            [image] => room_3_1_1749748535.jpg
            [image2] => /uploads/rooms/room_type_67f9739f87ef4_2.jpg
            [image3] => /uploads/rooms/room_type_67f9739f8ba32_3.jpg
            [room_status] => active
            [discount_percent] => 
            [discount_valid_until] => 
            [total_rooms] => 0
            [status] => Available
        )

)

[29-Nov-2025 04:16:17 Europe/Berlin] Error fetching discount types: SQLSTATE[42S22]: Column not found: 1054 Unknown column 'status' in 'where clause'
[29-Nov-2025 04:16:17 Europe/Berlin] Error fetching discount types: SQLSTATE[42S22]: Column not found: 1054 Unknown column 'status' in 'where clause'
[29-Nov-2025 04:18:07 Europe/Berlin] Session data: Array
(
    [redirect_url] => http://localhost/Admin/Customer/aa/login.php
    [user_id] => 40
    [user_type] => customer
    [email] => chanomabalo@gmail.com
    [csrf_token] => 4717ed0b6c316ade8e9443b835b163d5ef5eba838a2c16508ab2b28e20bd98ce
    [booking_list] => Array
        (
            [0] => Array
                (
                    [room_type_id] => 11
                    [room_type] => Double Occupancy
                    [price] => 3200.00
                    [capacity] => 3
                    [image] => room_11_1_1749748500.jpg
                    [available_rooms] => 1
                    [quantity] => 1
                    [available] => 1
                )

            [1] => Array
                (
                    [room_type_id] => 8
                    [room_type] => Family
                    [price] => 5100.00
                    [capacity] => 4
                    [image] => room_8_1_1749748512.jpg
                    [available_rooms] => 3
                    [quantity] => 1
                    [available] => 3
                )

        )

    [booking_data] => Array
        (
            [room_type] => Double Occupancy
            [room_type_id] => 
            [check_in] => 2025-12-05
            [check_out] => 2025-12-06
            [num_adults] => 1
            [num_children] => 0
            [total_guests] => 0
            [num_nights] => 1
            [room_price] => 3200.00
            [extra_bed_cost] => 0.00
            [subtotal] => 0
            [tax_amount] => 0.00
            [total_amount] => 7400.00
            [discount_type] => 
            [discount_percent] => 0
            [discount_amount] => 0
            [payment_method] => gcash
            [payment_status] => pending
            [booking_status] => confirmed
            [reference_number] => BOOK-6929dea757fdd
            [created_at] => 2025-11-28 18:40:55
        )

    [error] => An error occurred while processing your booking. Please try again.
)

[29-Nov-2025 04:18:07 Europe/Berlin] POST data: Array
(
)

[29-Nov-2025 04:18:07 Europe/Berlin] Starting getRoomTypesWithNumbers function
[29-Nov-2025 04:18:07 Europe/Berlin] Using check-in: 2025-11-29, check-out: 2025-11-30
[29-Nov-2025 04:18:07 Europe/Berlin] Active room types count: 3
[29-Nov-2025 04:18:07 Europe/Berlin] Executing SQL: SELECT 
                    rt.room_type_id, 
                    rt.room_type as room_type, 
                    rt.price, 
                    rt.capacity,
                    rt.description, 
                    rt.beds, 
                    rt.rating, 
                    rt.image,
                    rt.image2,
                    rt.image3,
                    rt.status as room_status,
                    CASE 
                        WHEN rt.discount_valid_until >= CURDATE() THEN rt.discount_percent 
                        ELSE NULL 
                    END as discount_percent,
                    rt.discount_valid_until,
                    COALESCE((
                        SELECT COUNT(*)
                        FROM room_numbers rn
                        WHERE rn.room_type_id = rt.room_type_id 
                        AND rn.status = 'active'
                    ), 0) as total_rooms,
                    CASE 
                        WHEN rt.status = 'active' THEN 'Available' 
                        ELSE 'Not Available' 
                    END as status
                FROM room_types rt
                WHERE rt.status = 'active'
                ORDER BY rt.room_type
[29-Nov-2025 04:18:07 Europe/Berlin] Found 3 active room types
[29-Nov-2025 04:18:07 Europe/Berlin] Rooms data: Array
(
    [0] => Array
        (
            [room_type_id] => 11
            [room_type] => Double Occupancy
            [price] => 3200.00
            [capacity] => 3
            [description] => Room
            [beds] => 2 Single Beds, 1 Queen bed
            [rating] => 3.7
            [image] => room_11_1_1749748500.jpg
            [image2] => 
            [image3] => 
            [room_status] => active
            [discount_percent] => 
            [discount_valid_until] => 
            [total_rooms] => 1
            [status] => Available
        )

    [1] => Array
        (
            [room_type_id] => 8
            [room_type] => Family
            [price] => 5100.00
            [capacity] => 4
            [description] => Room
            [beds] => 2 Queen Beds
            [rating] => 4.5
            [image] => room_8_1_1749748512.jpg
            [image2] => /uploads/rooms/room_type_67f96e51c39c7_2.jpg
            [image3] => /uploads/rooms/room_type_67f96e51c3ccd_3.jpg
            [room_status] => active
            [discount_percent] => 
            [discount_valid_until] => 
            [total_rooms] => 3
            [status] => Available
        )

    [2] => Array
        (
            [room_type_id] => 3
            [room_type] => Triple Occupancy
            [price] => 4200.00
            [capacity] => 3
            [description] => Room
            [beds] => 1 Single Bed & 1 Queen Bed or 3 Single Beds
            [rating] => 4.4
            [image] => room_3_1_1749748535.jpg
            [image2] => /uploads/rooms/room_type_67f9739f87ef4_2.jpg
            [image3] => /uploads/rooms/room_type_67f9739f8ba32_3.jpg
            [room_status] => active
            [discount_percent] => 
            [discount_valid_until] => 
            [total_rooms] => 0
            [status] => Available
        )

)

[29-Nov-2025 04:18:07 Europe/Berlin] Error fetching discount types: SQLSTATE[42S22]: Column not found: 1054 Unknown column 'status' in 'where clause'
[29-Nov-2025 04:18:07 Europe/Berlin] Error fetching discount types: SQLSTATE[42S22]: Column not found: 1054 Unknown column 'status' in 'where clause'
[29-Nov-2025 04:34:57 Europe/Berlin] Session data: Array
(
    [redirect_url] => http://localhost/Admin/Customer/aa/login.php
    [user_id] => 40
    [user_type] => customer
    [email] => chanomabalo@gmail.com
    [csrf_token] => 4717ed0b6c316ade8e9443b835b163d5ef5eba838a2c16508ab2b28e20bd98ce
    [booking_list] => Array
        (
            [0] => Array
                (
                    [room_type_id] => 11
                    [room_type] => Double Occupancy
                    [price] => 3200.00
                    [capacity] => 3
                    [image] => room_11_1_1749748500.jpg
                    [available_rooms] => 1
                    [quantity] => 1
                    [available] => 1
                )

            [1] => Array
                (
                    [room_type_id] => 8
                    [room_type] => Family
                    [price] => 5100.00
                    [capacity] => 4
                    [image] => room_8_1_1749748512.jpg
                    [available_rooms] => 3
                    [quantity] => 1
                    [available] => 3
                )

        )

    [booking_data] => Array
        (
            [room_type] => Double Occupancy
            [room_type_id] => 
            [check_in] => 2025-12-05
            [check_out] => 2025-12-06
            [num_adults] => 1
            [num_children] => 0
            [total_guests] => 0
            [num_nights] => 1
            [room_price] => 3200.00
            [extra_bed_cost] => 0.00
            [subtotal] => 0
            [tax_amount] => 0.00
            [total_amount] => 7400.00
            [discount_type] => 
            [discount_percent] => 0
            [discount_amount] => 0
            [payment_method] => gcash
            [payment_status] => pending
            [booking_status] => confirmed
            [reference_number] => BOOK-6929dea757fdd
            [created_at] => 2025-11-28 18:40:55
        )

    [error] => An error occurred while processing your booking. Please try again.
)

[29-Nov-2025 04:34:57 Europe/Berlin] POST data: Array
(
)

[29-Nov-2025 04:34:57 Europe/Berlin] Starting getRoomTypesWithNumbers function
[29-Nov-2025 04:34:57 Europe/Berlin] Using check-in: 2025-11-29, check-out: 2025-11-30
[29-Nov-2025 04:34:57 Europe/Berlin] Active room types count: 3
[29-Nov-2025 04:34:57 Europe/Berlin] Executing SQL: SELECT 
                    rt.room_type_id, 
                    rt.room_type as room_type, 
                    rt.price, 
                    rt.capacity,
                    rt.description, 
                    rt.beds, 
                    rt.rating, 
                    rt.image,
                    rt.image2,
                    rt.image3,
                    rt.status as room_status,
                    CASE 
                        WHEN rt.discount_valid_until >= CURDATE() THEN rt.discount_percent 
                        ELSE NULL 
                    END as discount_percent,
                    rt.discount_valid_until,
                    COALESCE((
                        SELECT COUNT(*)
                        FROM room_numbers rn
                        WHERE rn.room_type_id = rt.room_type_id 
                        AND rn.status = 'active'
                    ), 0) as total_rooms,
                    CASE 
                        WHEN rt.status = 'active' THEN 'Available' 
                        ELSE 'Not Available' 
                    END as status
                FROM room_types rt
                WHERE rt.status = 'active'
                ORDER BY rt.room_type
[29-Nov-2025 04:34:57 Europe/Berlin] Found 3 active room types
[29-Nov-2025 04:34:57 Europe/Berlin] Rooms data: Array
(
    [0] => Array
        (
            [room_type_id] => 11
            [room_type] => Double Occupancy
            [price] => 3200.00
            [capacity] => 3
            [description] => Room
            [beds] => 2 Single Beds, 1 Queen bed
            [rating] => 3.7
            [image] => room_11_1_1749748500.jpg
            [image2] => 
            [image3] => 
            [room_status] => active
            [discount_percent] => 
            [discount_valid_until] => 
            [total_rooms] => 1
            [status] => Available
        )

    [1] => Array
        (
            [room_type_id] => 8
            [room_type] => Family
            [price] => 5100.00
            [capacity] => 4
            [description] => Room
            [beds] => 2 Queen Beds
            [rating] => 4.5
            [image] => room_8_1_1749748512.jpg
            [image2] => /uploads/rooms/room_type_67f96e51c39c7_2.jpg
            [image3] => /uploads/rooms/room_type_67f96e51c3ccd_3.jpg
            [room_status] => active
            [discount_percent] => 
            [discount_valid_until] => 
            [total_rooms] => 3
            [status] => Available
        )

    [2] => Array
        (
            [room_type_id] => 3
            [room_type] => Triple Occupancy
            [price] => 4200.00
            [capacity] => 3
            [description] => Room
            [beds] => 1 Single Bed & 1 Queen Bed or 3 Single Beds
            [rating] => 4.4
            [image] => room_3_1_1749748535.jpg
            [image2] => /uploads/rooms/room_type_67f9739f87ef4_2.jpg
            [image3] => /uploads/rooms/room_type_67f9739f8ba32_3.jpg
            [room_status] => active
            [discount_percent] => 
            [discount_valid_until] => 
            [total_rooms] => 0
            [status] => Available
        )

)

[29-Nov-2025 04:34:57 Europe/Berlin] Error fetching discount types: SQLSTATE[42S22]: Column not found: 1054 Unknown column 'status' in 'where clause'
[29-Nov-2025 04:34:57 Europe/Berlin] Error fetching discount types: SQLSTATE[42S22]: Column not found: 1054 Unknown column 'status' in 'where clause'
[29-Nov-2025 04:35:51 Europe/Berlin] Session data: Array
(
    [redirect_url] => http://localhost/Admin/Customer/aa/login.php
    [user_id] => 40
    [user_type] => customer
    [email] => chanomabalo@gmail.com
    [csrf_token] => 4717ed0b6c316ade8e9443b835b163d5ef5eba838a2c16508ab2b28e20bd98ce
    [booking_list] => Array
        (
            [0] => Array
                (
                    [room_type_id] => 11
                    [room_type] => Double Occupancy
                    [price] => 3200.00
                    [capacity] => 3
                    [image] => room_11_1_1749748500.jpg
                    [available_rooms] => 1
                    [quantity] => 1
                    [available] => 1
                )

            [1] => Array
                (
                    [room_type_id] => 8
                    [room_type] => Family
                    [price] => 5100.00
                    [capacity] => 4
                    [image] => room_8_1_1749748512.jpg
                    [available_rooms] => 3
                    [quantity] => 1
                    [available] => 3
                )

        )

    [booking_data] => Array
        (
            [room_type] => Double Occupancy
            [room_type_id] => 
            [check_in] => 2025-12-05
            [check_out] => 2025-12-06
            [num_adults] => 1
            [num_children] => 0
            [total_guests] => 0
            [num_nights] => 1
            [room_price] => 3200.00
            [extra_bed_cost] => 0.00
            [subtotal] => 0
            [tax_amount] => 0.00
            [total_amount] => 7400.00
            [discount_type] => 
            [discount_percent] => 0
            [discount_amount] => 0
            [payment_method] => gcash
            [payment_status] => pending
            [booking_status] => confirmed
            [reference_number] => BOOK-6929dea757fdd
            [created_at] => 2025-11-28 18:40:55
        )

    [error] => An error occurred while processing your booking. Please try again.
)

[29-Nov-2025 04:35:51 Europe/Berlin] POST data: Array
(
)

[29-Nov-2025 04:35:51 Europe/Berlin] Starting getRoomTypesWithNumbers function
[29-Nov-2025 04:35:51 Europe/Berlin] Using check-in: 2025-11-29, check-out: 2025-11-30
[29-Nov-2025 04:35:51 Europe/Berlin] Active room types count: 3
[29-Nov-2025 04:35:51 Europe/Berlin] Executing SQL: SELECT 
                    rt.room_type_id, 
                    rt.room_type as room_type, 
                    rt.price, 
                    rt.capacity,
                    rt.description, 
                    rt.beds, 
                    rt.rating, 
                    rt.image,
                    rt.image2,
                    rt.image3,
                    rt.status as room_status,
                    CASE 
                        WHEN rt.discount_valid_until >= CURDATE() THEN rt.discount_percent 
                        ELSE NULL 
                    END as discount_percent,
                    rt.discount_valid_until,
                    COALESCE((
                        SELECT COUNT(*)
                        FROM room_numbers rn
                        WHERE rn.room_type_id = rt.room_type_id 
                        AND rn.status = 'active'
                    ), 0) as total_rooms,
                    CASE 
                        WHEN rt.status = 'active' THEN 'Available' 
                        ELSE 'Not Available' 
                    END as status
                FROM room_types rt
                WHERE rt.status = 'active'
                ORDER BY rt.room_type
[29-Nov-2025 04:35:51 Europe/Berlin] Found 3 active room types
[29-Nov-2025 04:35:51 Europe/Berlin] Rooms data: Array
(
    [0] => Array
        (
            [room_type_id] => 11
            [room_type] => Double Occupancy
            [price] => 3200.00
            [capacity] => 3
            [description] => Room
            [beds] => 2 Single Beds, 1 Queen bed
            [rating] => 3.7
            [image] => room_11_1_1749748500.jpg
            [image2] => 
            [image3] => 
            [room_status] => active
            [discount_percent] => 
            [discount_valid_until] => 
            [total_rooms] => 1
            [status] => Available
        )

    [1] => Array
        (
            [room_type_id] => 8
            [room_type] => Family
            [price] => 5100.00
            [capacity] => 4
            [description] => Room
            [beds] => 2 Queen Beds
            [rating] => 4.5
            [image] => room_8_1_1749748512.jpg
            [image2] => /uploads/rooms/room_type_67f96e51c39c7_2.jpg
            [image3] => /uploads/rooms/room_type_67f96e51c3ccd_3.jpg
            [room_status] => active
            [discount_percent] => 
            [discount_valid_until] => 
            [total_rooms] => 3
            [status] => Available
        )

    [2] => Array
        (
            [room_type_id] => 3
            [room_type] => Triple Occupancy
            [price] => 4200.00
            [capacity] => 3
            [description] => Room
            [beds] => 1 Single Bed & 1 Queen Bed or 3 Single Beds
            [rating] => 4.4
            [image] => room_3_1_1749748535.jpg
            [image2] => /uploads/rooms/room_type_67f9739f87ef4_2.jpg
            [image3] => /uploads/rooms/room_type_67f9739f8ba32_3.jpg
            [room_status] => active
            [discount_percent] => 
            [discount_valid_until] => 
            [total_rooms] => 0
            [status] => Available
        )

)

[29-Nov-2025 04:35:51 Europe/Berlin] Error fetching discount types: SQLSTATE[42S22]: Column not found: 1054 Unknown column 'status' in 'where clause'
[29-Nov-2025 04:35:51 Europe/Berlin] Error fetching discount types: SQLSTATE[42S22]: Column not found: 1054 Unknown column 'status' in 'where clause'
[29-Nov-2025 05:21:06 Europe/Berlin] Session data: Array
(
    [redirect_url] => http://localhost/Admin/Customer/aa/login.php
    [user_id] => 40
    [user_type] => customer
    [email] => chanomabalo@gmail.com
    [csrf_token] => 4717ed0b6c316ade8e9443b835b163d5ef5eba838a2c16508ab2b28e20bd98ce
    [booking_list] => Array
        (
            [0] => Array
                (
                    [room_type_id] => 11
                    [room_type] => Double Occupancy
                    [price] => 3200.00
                    [capacity] => 3
                    [image] => room_11_1_1749748500.jpg
                    [available_rooms] => 1
                    [quantity] => 1
                    [available] => 1
                )

            [1] => Array
                (
                    [room_type_id] => 8
                    [room_type] => Family
                    [price] => 5100.00
                    [capacity] => 4
                    [image] => room_8_1_1749748512.jpg
                    [available_rooms] => 3
                    [quantity] => 1
                    [available] => 3
                )

        )

    [booking_data] => Array
        (
            [room_type] => Double Occupancy
            [room_type_id] => 
            [check_in] => 2025-12-05
            [check_out] => 2025-12-06
            [num_adults] => 1
            [num_children] => 0
            [total_guests] => 0
            [num_nights] => 1
            [room_price] => 3200.00
            [extra_bed_cost] => 0.00
            [subtotal] => 0
            [tax_amount] => 0.00
            [total_amount] => 7400.00
            [discount_type] => 
            [discount_percent] => 0
            [discount_amount] => 0
            [payment_method] => gcash
            [payment_status] => pending
            [booking_status] => confirmed
            [reference_number] => BOOK-6929dea757fdd
            [created_at] => 2025-11-28 18:40:55
        )

    [error] => An error occurred while processing your booking. Please try again.
)

[29-Nov-2025 05:21:06 Europe/Berlin] POST data: Array
(
)

[29-Nov-2025 05:21:06 Europe/Berlin] Starting getRoomTypesWithNumbers function
[29-Nov-2025 05:21:08 Europe/Berlin] Using check-in: 2025-11-29, check-out: 2025-11-30
[29-Nov-2025 05:21:11 Europe/Berlin] Active room types count: 3
[29-Nov-2025 05:21:11 Europe/Berlin] Executing SQL: SELECT 
                    rt.room_type_id, 
                    rt.room_type as room_type, 
                    rt.price, 
                    rt.capacity,
                    rt.description, 
                    rt.beds, 
                    rt.rating, 
                    rt.image,
                    rt.image2,
                    rt.image3,
                    rt.status as room_status,
                    CASE 
                        WHEN rt.discount_valid_until >= CURDATE() THEN rt.discount_percent 
                        ELSE NULL 
                    END as discount_percent,
                    rt.discount_valid_until,
                    COALESCE((
                        SELECT COUNT(*)
                        FROM room_numbers rn
                        WHERE rn.room_type_id = rt.room_type_id 
                        AND rn.status = 'active'
                    ), 0) as total_rooms,
                    CASE 
                        WHEN rt.status = 'active' THEN 'Available' 
                        ELSE 'Not Available' 
                    END as status
                FROM room_types rt
                WHERE rt.status = 'active'
                ORDER BY rt.room_type
[29-Nov-2025 05:21:12 Europe/Berlin] Found 3 active room types
[29-Nov-2025 05:21:12 Europe/Berlin] Rooms data: Array
(
    [0] => Array
        (
            [room_type_id] => 11
            [room_type] => Double Occupancy
            [price] => 3200.00
            [capacity] => 3
            [description] => Room
            [beds] => 2 Single Beds, 1 Queen bed
            [rating] => 3.7
            [image] => room_11_1_1749748500.jpg
            [image2] => 
            [image3] => 
            [room_status] => active
            [discount_percent] => 
            [discount_valid_until] => 
            [total_rooms] => 1
            [status] => Available
        )

    [1] => Array
        (
            [room_type_id] => 8
            [room_type] => Family
            [price] => 5100.00
            [capacity] => 4
            [description] => Room
            [beds] => 2 Queen Beds
            [rating] => 4.5
            [image] => room_8_1_1749748512.jpg
            [image2] => /uploads/rooms/room_type_67f96e51c39c7_2.jpg
            [image3] => /uploads/rooms/room_type_67f96e51c3ccd_3.jpg
            [room_status] => active
            [discount_percent] => 
            [discount_valid_until] => 
            [total_rooms] => 3
            [status] => Available
        )

    [2] => Array
        (
            [room_type_id] => 3
            [room_type] => Triple Occupancy
            [price] => 4200.00
            [capacity] => 3
            [description] => Room
            [beds] => 1 Single Bed & 1 Queen Bed or 3 Single Beds
            [rating] => 4.4
            [image] => room_3_1_1749748535.jpg
            [image2] => /uploads/rooms/room_type_67f9739f87ef4_2.jpg
            [image3] => /uploads/rooms/room_type_67f9739f8ba32_3.jpg
            [room_status] => active
            [discount_percent] => 
            [discount_valid_until] => 
            [total_rooms] => 0
            [status] => Available
        )

)

[29-Nov-2025 05:21:14 Europe/Berlin] Error fetching discount types: SQLSTATE[42S22]: Column not found: 1054 Unknown column 'status' in 'where clause'
[29-Nov-2025 05:21:15 Europe/Berlin] Error fetching discount types: SQLSTATE[42S22]: Column not found: 1054 Unknown column 'status' in 'where clause'
[29-Nov-2025 05:22:03 Europe/Berlin] Session data: Array
(
    [redirect_url] => http://localhost/Admin/Customer/aa/login.php
    [user_id] => 40
    [user_type] => customer
    [email] => chanomabalo@gmail.com
    [csrf_token] => 4717ed0b6c316ade8e9443b835b163d5ef5eba838a2c16508ab2b28e20bd98ce
    [booking_list] => Array
        (
            [0] => Array
                (
                    [room_type_id] => 11
                    [room_type] => Double Occupancy
                    [price] => 3200.00
                    [capacity] => 3
                    [image] => room_11_1_1749748500.jpg
                    [available_rooms] => 1
                    [quantity] => 1
                    [available] => 1
                )

            [1] => Array
                (
                    [room_type_id] => 8
                    [room_type] => Family
                    [price] => 5100.00
                    [capacity] => 4
                    [image] => room_8_1_1749748512.jpg
                    [available_rooms] => 3
                    [quantity] => 1
                    [available] => 3
                )

        )

    [booking_data] => Array
        (
            [room_type] => Double Occupancy
            [room_type_id] => 
            [check_in] => 2025-12-05
            [check_out] => 2025-12-06
            [num_adults] => 1
            [num_children] => 0
            [total_guests] => 0
            [num_nights] => 1
            [room_price] => 3200.00
            [extra_bed_cost] => 0.00
            [subtotal] => 0
            [tax_amount] => 0.00
            [total_amount] => 7400.00
            [discount_type] => 
            [discount_percent] => 0
            [discount_amount] => 0
            [payment_method] => gcash
            [payment_status] => pending
            [booking_status] => confirmed
            [reference_number] => BOOK-6929dea757fdd
            [created_at] => 2025-11-28 18:40:55
        )

    [error] => An error occurred while processing your booking. Please try again.
)

[29-Nov-2025 05:22:03 Europe/Berlin] POST data: Array
(
)

[29-Nov-2025 05:22:03 Europe/Berlin] Starting getRoomTypesWithNumbers function
[29-Nov-2025 05:22:03 Europe/Berlin] Using check-in: 2025-11-29, check-out: 2025-11-30
[29-Nov-2025 05:22:03 Europe/Berlin] Active room types count: 3
[29-Nov-2025 05:22:03 Europe/Berlin] Executing SQL: SELECT 
                    rt.room_type_id, 
                    rt.room_type as room_type, 
                    rt.price, 
                    rt.capacity,
                    rt.description, 
                    rt.beds, 
                    rt.rating, 
                    rt.image,
                    rt.image2,
                    rt.image3,
                    rt.status as room_status,
                    CASE 
                        WHEN rt.discount_valid_until >= CURDATE() THEN rt.discount_percent 
                        ELSE NULL 
                    END as discount_percent,
                    rt.discount_valid_until,
                    COALESCE((
                        SELECT COUNT(*)
                        FROM room_numbers rn
                        WHERE rn.room_type_id = rt.room_type_id 
                        AND rn.status = 'active'
                    ), 0) as total_rooms,
                    CASE 
                        WHEN rt.status = 'active' THEN 'Available' 
                        ELSE 'Not Available' 
                    END as status
                FROM room_types rt
                WHERE rt.status = 'active'
                ORDER BY rt.room_type
[29-Nov-2025 05:22:03 Europe/Berlin] Found 3 active room types
[29-Nov-2025 05:22:03 Europe/Berlin] Rooms data: Array
(
    [0] => Array
        (
            [room_type_id] => 11
            [room_type] => Double Occupancy
            [price] => 3200.00
            [capacity] => 3
            [description] => Room
            [beds] => 2 Single Beds, 1 Queen bed
            [rating] => 3.7
            [image] => room_11_1_1749748500.jpg
            [image2] => 
            [image3] => 
            [room_status] => active
            [discount_percent] => 
            [discount_valid_until] => 
            [total_rooms] => 1
            [status] => Available
        )

    [1] => Array
        (
            [room_type_id] => 8
            [room_type] => Family
            [price] => 5100.00
            [capacity] => 4
            [description] => Room
            [beds] => 2 Queen Beds
            [rating] => 4.5
            [image] => room_8_1_1749748512.jpg
            [image2] => /uploads/rooms/room_type_67f96e51c39c7_2.jpg
            [image3] => /uploads/rooms/room_type_67f96e51c3ccd_3.jpg
            [room_status] => active
            [discount_percent] => 
            [discount_valid_until] => 
            [total_rooms] => 3
            [status] => Available
        )

    [2] => Array
        (
            [room_type_id] => 3
            [room_type] => Triple Occupancy
            [price] => 4200.00
            [capacity] => 3
            [description] => Room
            [beds] => 1 Single Bed & 1 Queen Bed or 3 Single Beds
            [rating] => 4.4
            [image] => room_3_1_1749748535.jpg
            [image2] => /uploads/rooms/room_type_67f9739f87ef4_2.jpg
            [image3] => /uploads/rooms/room_type_67f9739f8ba32_3.jpg
            [room_status] => active
            [discount_percent] => 
            [discount_valid_until] => 
            [total_rooms] => 0
            [status] => Available
        )

)

[29-Nov-2025 05:22:03 Europe/Berlin] Error fetching discount types: SQLSTATE[42S22]: Column not found: 1054 Unknown column 'status' in 'where clause'
[29-Nov-2025 05:22:03 Europe/Berlin] Error fetching discount types: SQLSTATE[42S22]: Column not found: 1054 Unknown column 'status' in 'where clause'
[29-Nov-2025 05:22:29 Europe/Berlin] Session data: Array
(
    [redirect_url] => http://localhost/Admin/Customer/aa/login.php
    [user_id] => 40
    [user_type] => customer
    [email] => chanomabalo@gmail.com
    [csrf_token] => 4717ed0b6c316ade8e9443b835b163d5ef5eba838a2c16508ab2b28e20bd98ce
    [booking_list] => Array
        (
            [0] => Array
                (
                    [room_type_id] => 11
                    [room_type] => Double Occupancy
                    [price] => 3200.00
                    [capacity] => 3
                    [image] => room_11_1_1749748500.jpg
                    [available_rooms] => 1
                    [quantity] => 1
                    [available] => 1
                )

            [1] => Array
                (
                    [room_type_id] => 8
                    [room_type] => Family
                    [price] => 5100.00
                    [capacity] => 4
                    [image] => room_8_1_1749748512.jpg
                    [available_rooms] => 3
                    [quantity] => 1
                    [available] => 3
                )

        )

    [booking_data] => Array
        (
            [room_type] => Double Occupancy
            [room_type_id] => 
            [check_in] => 2025-12-05
            [check_out] => 2025-12-06
            [num_adults] => 1
            [num_children] => 0
            [total_guests] => 0
            [num_nights] => 1
            [room_price] => 3200.00
            [extra_bed_cost] => 0.00
            [subtotal] => 0
            [tax_amount] => 0.00
            [total_amount] => 7400.00
            [discount_type] => 
            [discount_percent] => 0
            [discount_amount] => 0
            [payment_method] => gcash
            [payment_status] => pending
            [booking_status] => confirmed
            [reference_number] => BOOK-6929dea757fdd
            [created_at] => 2025-11-28 18:40:55
        )

    [error] => An error occurred while processing your booking. Please try again.
)

[29-Nov-2025 05:22:29 Europe/Berlin] POST data: Array
(
)

[29-Nov-2025 05:22:29 Europe/Berlin] Starting getRoomTypesWithNumbers function
[29-Nov-2025 05:22:29 Europe/Berlin] Using check-in: 2025-11-29, check-out: 2025-11-30
[29-Nov-2025 05:22:29 Europe/Berlin] Active room types count: 3
[29-Nov-2025 05:22:29 Europe/Berlin] Executing SQL: SELECT 
                    rt.room_type_id, 
                    rt.room_type as room_type, 
                    rt.price, 
                    rt.capacity,
                    rt.description, 
                    rt.beds, 
                    rt.rating, 
                    rt.image,
                    rt.image2,
                    rt.image3,
                    rt.status as room_status,
                    CASE 
                        WHEN rt.discount_valid_until >= CURDATE() THEN rt.discount_percent 
                        ELSE NULL 
                    END as discount_percent,
                    rt.discount_valid_until,
                    COALESCE((
                        SELECT COUNT(*)
                        FROM room_numbers rn
                        WHERE rn.room_type_id = rt.room_type_id 
                        AND rn.status = 'active'
                    ), 0) as total_rooms,
                    CASE 
                        WHEN rt.status = 'active' THEN 'Available' 
                        ELSE 'Not Available' 
                    END as status
                FROM room_types rt
                WHERE rt.status = 'active'
                ORDER BY rt.room_type
[29-Nov-2025 05:22:29 Europe/Berlin] Found 3 active room types
[29-Nov-2025 05:22:29 Europe/Berlin] Rooms data: Array
(
    [0] => Array
        (
            [room_type_id] => 11
            [room_type] => Double Occupancy
            [price] => 3200.00
            [capacity] => 3
            [description] => Room
            [beds] => 2 Single Beds, 1 Queen bed
            [rating] => 3.7
            [image] => room_11_1_1749748500.jpg
            [image2] => 
            [image3] => 
            [room_status] => active
            [discount_percent] => 
            [discount_valid_until] => 
            [total_rooms] => 1
            [status] => Available
        )

    [1] => Array
        (
            [room_type_id] => 8
            [room_type] => Family
            [price] => 5100.00
            [capacity] => 4
            [description] => Room
            [beds] => 2 Queen Beds
            [rating] => 4.5
            [image] => room_8_1_1749748512.jpg
            [image2] => /uploads/rooms/room_type_67f96e51c39c7_2.jpg
            [image3] => /uploads/rooms/room_type_67f96e51c3ccd_3.jpg
            [room_status] => active
            [discount_percent] => 
            [discount_valid_until] => 
            [total_rooms] => 3
            [status] => Available
        )

    [2] => Array
        (
            [room_type_id] => 3
            [room_type] => Triple Occupancy
            [price] => 4200.00
            [capacity] => 3
            [description] => Room
            [beds] => 1 Single Bed & 1 Queen Bed or 3 Single Beds
            [rating] => 4.4
            [image] => room_3_1_1749748535.jpg
            [image2] => /uploads/rooms/room_type_67f9739f87ef4_2.jpg
            [image3] => /uploads/rooms/room_type_67f9739f8ba32_3.jpg
            [room_status] => active
            [discount_percent] => 
            [discount_valid_until] => 
            [total_rooms] => 0
            [status] => Available
        )

)

[29-Nov-2025 05:22:29 Europe/Berlin] Error fetching discount types: SQLSTATE[42S22]: Column not found: 1054 Unknown column 'status' in 'where clause'
[29-Nov-2025 05:22:30 Europe/Berlin] Error fetching discount types: SQLSTATE[42S22]: Column not found: 1054 Unknown column 'status' in 'where clause'
[29-Nov-2025 05:23:10 Europe/Berlin] Session data: Array
(
    [redirect_url] => http://localhost/Admin/Customer/aa/login.php
    [user_id] => 40
    [user_type] => customer
    [email] => chanomabalo@gmail.com
    [csrf_token] => 4717ed0b6c316ade8e9443b835b163d5ef5eba838a2c16508ab2b28e20bd98ce
    [booking_list] => Array
        (
            [0] => Array
                (
                    [room_type_id] => 11
                    [room_type] => Double Occupancy
                    [price] => 3200.00
                    [capacity] => 3
                    [image] => room_11_1_1749748500.jpg
                    [available_rooms] => 1
                    [quantity] => 1
                    [available] => 1
                )

            [1] => Array
                (
                    [room_type_id] => 8
                    [room_type] => Family
                    [price] => 5100.00
                    [capacity] => 4
                    [image] => room_8_1_1749748512.jpg
                    [available_rooms] => 3
                    [quantity] => 1
                    [available] => 3
                )

        )

    [booking_data] => Array
        (
            [room_type] => Double Occupancy
            [room_type_id] => 
            [check_in] => 2025-12-05
            [check_out] => 2025-12-06
            [num_adults] => 1
            [num_children] => 0
            [total_guests] => 0
            [num_nights] => 1
            [room_price] => 3200.00
            [extra_bed_cost] => 0.00
            [subtotal] => 0
            [tax_amount] => 0.00
            [total_amount] => 7400.00
            [discount_type] => 
            [discount_percent] => 0
            [discount_amount] => 0
            [payment_method] => gcash
            [payment_status] => pending
            [booking_status] => confirmed
            [reference_number] => BOOK-6929dea757fdd
            [created_at] => 2025-11-28 18:40:55
        )

    [error] => An error occurred while processing your booking. Please try again.
)

[29-Nov-2025 05:23:10 Europe/Berlin] POST data: Array
(
)

[29-Nov-2025 05:23:10 Europe/Berlin] Starting getRoomTypesWithNumbers function
[29-Nov-2025 05:23:11 Europe/Berlin] Using check-in: 2025-11-29, check-out: 2025-11-30
[29-Nov-2025 05:23:14 Europe/Berlin] Active room types count: 3
[29-Nov-2025 05:23:14 Europe/Berlin] Executing SQL: SELECT 
                    rt.room_type_id, 
                    rt.room_type as room_type, 
                    rt.price, 
                    rt.capacity,
                    rt.description, 
                    rt.beds, 
                    rt.rating, 
                    rt.image,
                    rt.image2,
                    rt.image3,
                    rt.status as room_status,
                    CASE 
                        WHEN rt.discount_valid_until >= CURDATE() THEN rt.discount_percent 
                        ELSE NULL 
                    END as discount_percent,
                    rt.discount_valid_until,
                    COALESCE((
                        SELECT COUNT(*)
                        FROM room_numbers rn
                        WHERE rn.room_type_id = rt.room_type_id 
                        AND rn.status = 'active'
                    ), 0) as total_rooms,
                    CASE 
                        WHEN rt.status = 'active' THEN 'Available' 
                        ELSE 'Not Available' 
                    END as status
                FROM room_types rt
                WHERE rt.status = 'active'
                ORDER BY rt.room_type
[29-Nov-2025 05:23:16 Europe/Berlin] Found 3 active room types
[29-Nov-2025 05:23:16 Europe/Berlin] Rooms data: Array
(
    [0] => Array
        (
            [room_type_id] => 11
            [room_type] => Double Occupancy
            [price] => 3200.00
            [capacity] => 3
            [description] => Room
            [beds] => 2 Single Beds, 1 Queen bed
            [rating] => 3.7
            [image] => room_11_1_1749748500.jpg
            [image2] => 
            [image3] => 
            [room_status] => active
            [discount_percent] => 
            [discount_valid_until] => 
            [total_rooms] => 1
            [status] => Available
        )

    [1] => Array
        (
            [room_type_id] => 8
            [room_type] => Family
            [price] => 5100.00
            [capacity] => 4
            [description] => Room
            [beds] => 2 Queen Beds
            [rating] => 4.5
            [image] => room_8_1_1749748512.jpg
            [image2] => /uploads/rooms/room_type_67f96e51c39c7_2.jpg
            [image3] => /uploads/rooms/room_type_67f96e51c3ccd_3.jpg
            [room_status] => active
            [discount_percent] => 
            [discount_valid_until] => 
            [total_rooms] => 3
            [status] => Available
        )

    [2] => Array
        (
            [room_type_id] => 3
            [room_type] => Triple Occupancy
            [price] => 4200.00
            [capacity] => 3
            [description] => Room
            [beds] => 1 Single Bed & 1 Queen Bed or 3 Single Beds
            [rating] => 4.4
            [image] => room_3_1_1749748535.jpg
            [image2] => /uploads/rooms/room_type_67f9739f87ef4_2.jpg
            [image3] => /uploads/rooms/room_type_67f9739f8ba32_3.jpg
            [room_status] => active
            [discount_percent] => 
            [discount_valid_until] => 
            [total_rooms] => 0
            [status] => Available
        )

)

[29-Nov-2025 05:23:18 Europe/Berlin] Error fetching discount types: SQLSTATE[42S22]: Column not found: 1054 Unknown column 'status' in 'where clause'
[29-Nov-2025 05:23:21 Europe/Berlin] Error fetching discount types: SQLSTATE[42S22]: Column not found: 1054 Unknown column 'status' in 'where clause'
[29-Nov-2025 06:26:59 Europe/Berlin] Session data: Array
(
    [redirect_url] => http://localhost/Admin/Customer/aa/login.php
    [user_id] => 40
    [user_type] => customer
    [email] => chanomabalo@gmail.com
    [csrf_token] => 4717ed0b6c316ade8e9443b835b163d5ef5eba838a2c16508ab2b28e20bd98ce
    [booking_list] => Array
        (
            [0] => Array
                (
                    [room_type_id] => 11
                    [room_type] => Double Occupancy
                    [price] => 3200.00
                    [capacity] => 3
                    [image] => room_11_1_1749748500.jpg
                    [available_rooms] => 1
                    [quantity] => 1
                    [available] => 1
                )

            [1] => Array
                (
                    [room_type_id] => 8
                    [room_type] => Family
                    [price] => 5100.00
                    [capacity] => 4
                    [image] => room_8_1_1749748512.jpg
                    [available_rooms] => 3
                    [quantity] => 1
                    [available] => 3
                )

        )

    [booking_data] => Array
        (
            [room_type] => Double Occupancy
            [room_type_id] => 
            [check_in] => 2025-12-05
            [check_out] => 2025-12-06
            [num_adults] => 1
            [num_children] => 0
            [total_guests] => 0
            [num_nights] => 1
            [room_price] => 3200.00
            [extra_bed_cost] => 0.00
            [subtotal] => 0
            [tax_amount] => 0.00
            [total_amount] => 7400.00
            [discount_type] => 
            [discount_percent] => 0
            [discount_amount] => 0
            [payment_method] => gcash
            [payment_status] => pending
            [booking_status] => confirmed
            [reference_number] => BOOK-6929dea757fdd
            [created_at] => 2025-11-28 18:40:55
        )

    [error] => An error occurred while processing your booking. Please try again.
)

[29-Nov-2025 06:26:59 Europe/Berlin] POST data: Array
(
)

[29-Nov-2025 06:26:59 Europe/Berlin] Starting getRoomTypesWithNumbers function
[29-Nov-2025 06:26:59 Europe/Berlin] Using check-in: 2025-11-29, check-out: 2025-11-30
[29-Nov-2025 06:26:59 Europe/Berlin] Active room types count: 3
[29-Nov-2025 06:26:59 Europe/Berlin] Executing SQL: SELECT 
                    rt.room_type_id, 
                    rt.room_type as room_type, 
                    rt.price, 
                    rt.capacity,
                    rt.description, 
                    rt.beds, 
                    rt.rating, 
                    rt.image,
                    rt.image2,
                    rt.image3,
                    rt.status as room_status,
                    CASE 
                        WHEN rt.discount_valid_until >= CURDATE() THEN rt.discount_percent 
                        ELSE NULL 
                    END as discount_percent,
                    rt.discount_valid_until,
                    COALESCE((
                        SELECT COUNT(*)
                        FROM room_numbers rn
                        WHERE rn.room_type_id = rt.room_type_id 
                        AND rn.status = 'active'
                    ), 0) as total_rooms,
                    CASE 
                        WHEN rt.status = 'active' THEN 'Available' 
                        ELSE 'Not Available' 
                    END as status
                FROM room_types rt
                WHERE rt.status = 'active'
                ORDER BY rt.room_type
[29-Nov-2025 06:26:59 Europe/Berlin] Found 3 active room types
[29-Nov-2025 06:26:59 Europe/Berlin] Rooms data: Array
(
    [0] => Array
        (
            [room_type_id] => 11
            [room_type] => Double Occupancy
            [price] => 3200.00
            [capacity] => 3
            [description] => Room
            [beds] => 2 Single Beds, 1 Queen bed
            [rating] => 3.7
            [image] => room_11_1_1749748500.jpg
            [image2] => 
            [image3] => 
            [room_status] => active
            [discount_percent] => 
            [discount_valid_until] => 
            [total_rooms] => 1
            [status] => Available
        )

    [1] => Array
        (
            [room_type_id] => 8
            [room_type] => Family
            [price] => 5100.00
            [capacity] => 4
            [description] => Room
            [beds] => 2 Queen Beds
            [rating] => 4.5
            [image] => room_8_1_1749748512.jpg
            [image2] => /uploads/rooms/room_type_67f96e51c39c7_2.jpg
            [image3] => /uploads/rooms/room_type_67f96e51c3ccd_3.jpg
            [room_status] => active
            [discount_percent] => 
            [discount_valid_until] => 
            [total_rooms] => 3
            [status] => Available
        )

    [2] => Array
        (
            [room_type_id] => 3
            [room_type] => Triple Occupancy
            [price] => 4200.00
            [capacity] => 3
            [description] => Room
            [beds] => 1 Single Bed & 1 Queen Bed or 3 Single Beds
            [rating] => 4.4
            [image] => room_3_1_1749748535.jpg
            [image2] => /uploads/rooms/room_type_67f9739f87ef4_2.jpg
            [image3] => /uploads/rooms/room_type_67f9739f8ba32_3.jpg
            [room_status] => active
            [discount_percent] => 
            [discount_valid_until] => 
            [total_rooms] => 0
            [status] => Available
        )

)

[29-Nov-2025 06:26:59 Europe/Berlin] Error fetching discount types: SQLSTATE[42S22]: Column not found: 1054 Unknown column 'status' in 'where clause'
[29-Nov-2025 06:26:59 Europe/Berlin] Error fetching discount types: SQLSTATE[42S22]: Column not found: 1054 Unknown column 'status' in 'where clause'
[29-Nov-2025 06:36:48 Europe/Berlin] Session data: Array
(
    [redirect_url] => http://localhost/Admin/Customer/aa/login.php
    [user_id] => 40
    [user_type] => customer
    [email] => chanomabalo@gmail.com
    [csrf_token] => 4717ed0b6c316ade8e9443b835b163d5ef5eba838a2c16508ab2b28e20bd98ce
    [booking_list] => Array
        (
            [0] => Array
                (
                    [room_type_id] => 11
                    [room_type] => Double Occupancy
                    [price] => 3200.00
                    [capacity] => 3
                    [image] => room_11_1_1749748500.jpg
                    [available_rooms] => 1
                    [quantity] => 1
                    [available] => 1
                )

            [1] => Array
                (
                    [room_type_id] => 8
                    [room_type] => Family
                    [price] => 5100.00
                    [capacity] => 4
                    [image] => room_8_1_1749748512.jpg
                    [available_rooms] => 3
                    [quantity] => 1
                    [available] => 3
                )

        )

    [booking_data] => Array
        (
            [room_type] => Double Occupancy
            [room_type_id] => 
            [check_in] => 2025-12-05
            [check_out] => 2025-12-06
            [num_adults] => 1
            [num_children] => 0
            [total_guests] => 0
            [num_nights] => 1
            [room_price] => 3200.00
            [extra_bed_cost] => 0.00
            [subtotal] => 0
            [tax_amount] => 0.00
            [total_amount] => 7400.00
            [discount_type] => 
            [discount_percent] => 0
            [discount_amount] => 0
            [payment_method] => gcash
            [payment_status] => pending
            [booking_status] => confirmed
            [reference_number] => BOOK-6929dea757fdd
            [created_at] => 2025-11-28 18:40:55
        )

    [error] => An error occurred while processing your booking. Please try again.
)

[29-Nov-2025 06:36:48 Europe/Berlin] POST data: Array
(
)

[29-Nov-2025 06:36:48 Europe/Berlin] Starting getRoomTypesWithNumbers function
[29-Nov-2025 06:36:48 Europe/Berlin] Using check-in: 2025-11-29, check-out: 2025-11-30
[29-Nov-2025 06:36:48 Europe/Berlin] Active room types count: 3
[29-Nov-2025 06:36:48 Europe/Berlin] Executing SQL: SELECT 
                    rt.room_type_id, 
                    rt.room_type as room_type, 
                    rt.price, 
                    rt.capacity,
                    rt.description, 
                    rt.beds, 
                    rt.rating, 
                    rt.image,
                    rt.image2,
                    rt.image3,
                    rt.status as room_status,
                    CASE 
                        WHEN rt.discount_valid_until >= CURDATE() THEN rt.discount_percent 
                        ELSE NULL 
                    END as discount_percent,
                    rt.discount_valid_until,
                    COALESCE((
                        SELECT COUNT(*)
                        FROM room_numbers rn
                        WHERE rn.room_type_id = rt.room_type_id 
                        AND rn.status = 'active'
                    ), 0) as total_rooms,
                    CASE 
                        WHEN rt.status = 'active' THEN 'Available' 
                        ELSE 'Not Available' 
                    END as status
                FROM room_types rt
                WHERE rt.status = 'active'
                ORDER BY rt.room_type
[29-Nov-2025 06:36:48 Europe/Berlin] Found 3 active room types
[29-Nov-2025 06:36:48 Europe/Berlin] Rooms data: Array
(
    [0] => Array
        (
            [room_type_id] => 11
            [room_type] => Double Occupancy
            [price] => 3200.00
            [capacity] => 3
            [description] => Room
            [beds] => 2 Single Beds, 1 Queen bed
            [rating] => 3.7
            [image] => room_11_1_1749748500.jpg
            [image2] => 
            [image3] => 
            [room_status] => active
            [discount_percent] => 
            [discount_valid_until] => 
            [total_rooms] => 1
            [status] => Available
        )

    [1] => Array
        (
            [room_type_id] => 8
            [room_type] => Family
            [price] => 5100.00
            [capacity] => 4
            [description] => Room
            [beds] => 2 Queen Beds
            [rating] => 4.5
            [image] => room_8_1_1749748512.jpg
            [image2] => /uploads/rooms/room_type_67f96e51c39c7_2.jpg
            [image3] => /uploads/rooms/room_type_67f96e51c3ccd_3.jpg
            [room_status] => active
            [discount_percent] => 
            [discount_valid_until] => 
            [total_rooms] => 3
            [status] => Available
        )

    [2] => Array
        (
            [room_type_id] => 3
            [room_type] => Triple Occupancy
            [price] => 4200.00
            [capacity] => 3
            [description] => Room
            [beds] => 1 Single Bed & 1 Queen Bed or 3 Single Beds
            [rating] => 4.4
            [image] => room_3_1_1749748535.jpg
            [image2] => /uploads/rooms/room_type_67f9739f87ef4_2.jpg
            [image3] => /uploads/rooms/room_type_67f9739f8ba32_3.jpg
            [room_status] => active
            [discount_percent] => 
            [discount_valid_until] => 
            [total_rooms] => 0
            [status] => Available
        )

)

[29-Nov-2025 06:36:48 Europe/Berlin] Error fetching discount types: SQLSTATE[42S22]: Column not found: 1054 Unknown column 'status' in 'where clause'
[29-Nov-2025 06:36:48 Europe/Berlin] Error fetching discount types: SQLSTATE[42S22]: Column not found: 1054 Unknown column 'status' in 'where clause'
[29-Nov-2025 07:31:26 Europe/Berlin] Session data: Array
(
    [redirect_url] => http://localhost/Admin/Customer/aa/login.php
    [user_id] => 40
    [user_type] => customer
    [email] => chanomabalo@gmail.com
    [csrf_token] => 4717ed0b6c316ade8e9443b835b163d5ef5eba838a2c16508ab2b28e20bd98ce
    [booking_list] => Array
        (
            [0] => Array
                (
                    [room_type_id] => 11
                    [room_type] => Double Occupancy
                    [price] => 3200.00
                    [capacity] => 3
                    [image] => room_11_1_1749748500.jpg
                    [available_rooms] => 1
                    [quantity] => 1
                    [available] => 1
                )

            [1] => Array
                (
                    [room_type_id] => 8
                    [room_type] => Family
                    [price] => 5100.00
                    [capacity] => 4
                    [image] => room_8_1_1749748512.jpg
                    [available_rooms] => 3
                    [quantity] => 1
                    [available] => 3
                )

        )

    [booking_data] => Array
        (
            [room_type] => Double Occupancy
            [room_type_id] => 
            [check_in] => 2025-12-05
            [check_out] => 2025-12-06
            [num_adults] => 1
            [num_children] => 0
            [total_guests] => 0
            [num_nights] => 1
            [room_price] => 3200.00
            [extra_bed_cost] => 0.00
            [subtotal] => 0
            [tax_amount] => 0.00
            [total_amount] => 7400.00
            [discount_type] => 
            [discount_percent] => 0
            [discount_amount] => 0
            [payment_method] => gcash
            [payment_status] => pending
            [booking_status] => confirmed
            [reference_number] => BOOK-6929dea757fdd
            [created_at] => 2025-11-28 18:40:55
        )

    [error] => An error occurred while processing your booking. Please try again.
)

[29-Nov-2025 07:31:26 Europe/Berlin] POST data: Array
(
)

[29-Nov-2025 07:31:26 Europe/Berlin] Starting getRoomTypesWithNumbers function
[29-Nov-2025 07:31:26 Europe/Berlin] Using check-in: 2025-11-29, check-out: 2025-11-30
[29-Nov-2025 07:31:26 Europe/Berlin] Active room types count: 3
[29-Nov-2025 07:31:26 Europe/Berlin] Executing SQL: SELECT 
                    rt.room_type_id, 
                    rt.room_type as room_type, 
                    rt.price, 
                    rt.capacity,
                    rt.description, 
                    rt.beds, 
                    rt.rating, 
                    rt.image,
                    rt.image2,
                    rt.image3,
                    rt.status as room_status,
                    CASE 
                        WHEN rt.discount_valid_until >= CURDATE() THEN rt.discount_percent 
                        ELSE NULL 
                    END as discount_percent,
                    rt.discount_valid_until,
                    COALESCE((
                        SELECT COUNT(*)
                        FROM room_numbers rn
                        WHERE rn.room_type_id = rt.room_type_id 
                        AND rn.status = 'active'
                    ), 0) as total_rooms,
                    CASE 
                        WHEN rt.status = 'active' THEN 'Available' 
                        ELSE 'Not Available' 
                    END as status
                FROM room_types rt
                WHERE rt.status = 'active'
                ORDER BY rt.room_type
[29-Nov-2025 07:31:26 Europe/Berlin] Found 3 active room types
[29-Nov-2025 07:31:26 Europe/Berlin] Rooms data: Array
(
    [0] => Array
        (
            [room_type_id] => 11
            [room_type] => Double Occupancy
            [price] => 3200.00
            [capacity] => 3
            [description] => Room
            [beds] => 2 Single Beds, 1 Queen bed
            [rating] => 3.7
            [image] => room_11_1_1749748500.jpg
            [image2] => 
            [image3] => 
            [room_status] => active
            [discount_percent] => 
            [discount_valid_until] => 
            [total_rooms] => 1
            [status] => Available
        )

    [1] => Array
        (
            [room_type_id] => 8
            [room_type] => Family
            [price] => 5100.00
            [capacity] => 4
            [description] => Room
            [beds] => 2 Queen Beds
            [rating] => 4.5
            [image] => room_8_1_1749748512.jpg
            [image2] => /uploads/rooms/room_type_67f96e51c39c7_2.jpg
            [image3] => /uploads/rooms/room_type_67f96e51c3ccd_3.jpg
            [room_status] => active
            [discount_percent] => 
            [discount_valid_until] => 
            [total_rooms] => 3
            [status] => Available
        )

    [2] => Array
        (
            [room_type_id] => 3
            [room_type] => Triple Occupancy
            [price] => 4200.00
            [capacity] => 3
            [description] => Room
            [beds] => 1 Single Bed & 1 Queen Bed or 3 Single Beds
            [rating] => 4.4
            [image] => room_3_1_1749748535.jpg
            [image2] => /uploads/rooms/room_type_67f9739f87ef4_2.jpg
            [image3] => /uploads/rooms/room_type_67f9739f8ba32_3.jpg
            [room_status] => active
            [discount_percent] => 
            [discount_valid_until] => 
            [total_rooms] => 0
            [status] => Available
        )

)

[29-Nov-2025 07:31:26 Europe/Berlin] Error fetching discount types: SQLSTATE[42S22]: Column not found: 1054 Unknown column 'status' in 'where clause'
[29-Nov-2025 07:31:28 Europe/Berlin] Error fetching discount types: SQLSTATE[42S22]: Column not found: 1054 Unknown column 'status' in 'where clause'
[29-Nov-2025 07:48:33 Europe/Berlin] Session data: Array
(
    [redirect_url] => http://localhost/Admin/Customer/aa/login.php
    [user_id] => 40
    [user_type] => customer
    [email] => chanomabalo@gmail.com
    [csrf_token] => 4717ed0b6c316ade8e9443b835b163d5ef5eba838a2c16508ab2b28e20bd98ce
    [booking_list] => Array
        (
            [0] => Array
                (
                    [room_type_id] => 11
                    [room_type] => Double Occupancy
                    [price] => 3200.00
                    [capacity] => 3
                    [image] => room_11_1_1749748500.jpg
                    [available_rooms] => 1
                    [quantity] => 1
                    [available] => 1
                )

            [1] => Array
                (
                    [room_type_id] => 8
                    [room_type] => Family
                    [price] => 5100.00
                    [capacity] => 4
                    [image] => room_8_1_1749748512.jpg
                    [available_rooms] => 3
                    [quantity] => 1
                    [available] => 3
                )

        )

    [booking_data] => Array
        (
            [room_type] => Double Occupancy
            [room_type_id] => 
            [check_in] => 2025-12-05
            [check_out] => 2025-12-06
            [num_adults] => 1
            [num_children] => 0
            [total_guests] => 0
            [num_nights] => 1
            [room_price] => 3200.00
            [extra_bed_cost] => 0.00
            [subtotal] => 0
            [tax_amount] => 0.00
            [total_amount] => 7400.00
            [discount_type] => 
            [discount_percent] => 0
            [discount_amount] => 0
            [payment_method] => gcash
            [payment_status] => pending
            [booking_status] => confirmed
            [reference_number] => BOOK-6929dea757fdd
            [created_at] => 2025-11-28 18:40:55
        )

    [error] => An error occurred while processing your booking. Please try again.
)

[29-Nov-2025 07:48:33 Europe/Berlin] POST data: Array
(
)

[29-Nov-2025 07:48:33 Europe/Berlin] Starting getRoomTypesWithNumbers function
[29-Nov-2025 07:48:33 Europe/Berlin] Using check-in: 2025-11-29, check-out: 2025-11-30
[29-Nov-2025 07:48:33 Europe/Berlin] Active room types count: 3
[29-Nov-2025 07:48:33 Europe/Berlin] Executing SQL: SELECT 
                    rt.room_type_id, 
                    rt.room_type as room_type, 
                    rt.price, 
                    rt.capacity,
                    rt.description, 
                    rt.beds, 
                    rt.rating, 
                    rt.image,
                    rt.image2,
                    rt.image3,
                    rt.status as room_status,
                    CASE 
                        WHEN rt.discount_valid_until >= CURDATE() THEN rt.discount_percent 
                        ELSE NULL 
                    END as discount_percent,
                    rt.discount_valid_until,
                    COALESCE((
                        SELECT COUNT(*)
                        FROM room_numbers rn
                        WHERE rn.room_type_id = rt.room_type_id 
                        AND rn.status = 'active'
                    ), 0) as total_rooms,
                    CASE 
                        WHEN rt.status = 'active' THEN 'Available' 
                        ELSE 'Not Available' 
                    END as status
                FROM room_types rt
                WHERE rt.status = 'active'
                ORDER BY rt.room_type
[29-Nov-2025 07:48:33 Europe/Berlin] Found 3 active room types
[29-Nov-2025 07:48:33 Europe/Berlin] Rooms data: Array
(
    [0] => Array
        (
            [room_type_id] => 11
            [room_type] => Double Occupancy
            [price] => 3200.00
            [capacity] => 3
            [description] => Room
            [beds] => 2 Single Beds, 1 Queen bed
            [rating] => 3.7
            [image] => room_11_1_1749748500.jpg
            [image2] => 
            [image3] => 
            [room_status] => active
            [discount_percent] => 
            [discount_valid_until] => 
            [total_rooms] => 1
            [status] => Available
        )

    [1] => Array
        (
            [room_type_id] => 8
            [room_type] => Family
            [price] => 5100.00
            [capacity] => 4
            [description] => Room
            [beds] => 2 Queen Beds
            [rating] => 4.5
            [image] => room_8_1_1749748512.jpg
            [image2] => /uploads/rooms/room_type_67f96e51c39c7_2.jpg
            [image3] => /uploads/rooms/room_type_67f96e51c3ccd_3.jpg
            [room_status] => active
            [discount_percent] => 
            [discount_valid_until] => 
            [total_rooms] => 3
            [status] => Available
        )

    [2] => Array
        (
            [room_type_id] => 3
            [room_type] => Triple Occupancy
            [price] => 4200.00
            [capacity] => 3
            [description] => Room
            [beds] => 1 Single Bed & 1 Queen Bed or 3 Single Beds
            [rating] => 4.4
            [image] => room_3_1_1749748535.jpg
            [image2] => /uploads/rooms/room_type_67f9739f87ef4_2.jpg
            [image3] => /uploads/rooms/room_type_67f9739f8ba32_3.jpg
            [room_status] => active
            [discount_percent] => 
            [discount_valid_until] => 
            [total_rooms] => 0
            [status] => Available
        )

)

[29-Nov-2025 07:48:33 Europe/Berlin] Error fetching discount types: SQLSTATE[42S22]: Column not found: 1054 Unknown column 'status' in 'where clause'
[29-Nov-2025 07:48:33 Europe/Berlin] Error fetching discount types: SQLSTATE[42S22]: Column not found: 1054 Unknown column 'status' in 'where clause'
[29-Nov-2025 08:18:04 Europe/Berlin] Session data: Array
(
    [redirect_url] => http://localhost/Admin/Customer/aa/login.php
    [user_id] => 40
    [user_type] => customer
    [email] => chanomabalo@gmail.com
    [csrf_token] => 4717ed0b6c316ade8e9443b835b163d5ef5eba838a2c16508ab2b28e20bd98ce
    [booking_list] => Array
        (
            [0] => Array
                (
                    [room_type_id] => 11
                    [room_type] => Double Occupancy
                    [price] => 3200.00
                    [capacity] => 3
                    [image] => room_11_1_1749748500.jpg
                    [available_rooms] => 1
                    [quantity] => 1
                    [available] => 1
                )

            [1] => Array
                (
                    [room_type_id] => 8
                    [room_type] => Family
                    [price] => 5100.00
                    [capacity] => 4
                    [image] => room_8_1_1749748512.jpg
                    [available_rooms] => 3
                    [quantity] => 1
                    [available] => 3
                )

        )

    [booking_data] => Array
        (
            [room_type] => Double Occupancy
            [room_type_id] => 
            [check_in] => 2025-12-05
            [check_out] => 2025-12-06
            [num_adults] => 1
            [num_children] => 0
            [total_guests] => 0
            [num_nights] => 1
            [room_price] => 3200.00
            [extra_bed_cost] => 0.00
            [subtotal] => 0
            [tax_amount] => 0.00
            [total_amount] => 7400.00
            [discount_type] => 
            [discount_percent] => 0
            [discount_amount] => 0
            [payment_method] => gcash
            [payment_status] => pending
            [booking_status] => confirmed
            [reference_number] => BOOK-6929dea757fdd
            [created_at] => 2025-11-28 18:40:55
        )

    [error] => An error occurred while processing your booking. Please try again.
)

[29-Nov-2025 08:18:04 Europe/Berlin] POST data: Array
(
)

[29-Nov-2025 08:18:04 Europe/Berlin] Starting getRoomTypesWithNumbers function
[29-Nov-2025 08:18:04 Europe/Berlin] Using check-in: 2025-11-29, check-out: 2025-11-30
[29-Nov-2025 08:18:04 Europe/Berlin] Active room types count: 3
[29-Nov-2025 08:18:04 Europe/Berlin] Executing SQL: SELECT 
                    rt.room_type_id, 
                    rt.room_type as room_type, 
                    rt.price, 
                    rt.capacity,
                    rt.description, 
                    rt.beds, 
                    rt.rating, 
                    rt.image,
                    rt.image2,
                    rt.image3,
                    rt.status as room_status,
                    CASE 
                        WHEN rt.discount_valid_until >= CURDATE() THEN rt.discount_percent 
                        ELSE NULL 
                    END as discount_percent,
                    rt.discount_valid_until,
                    COALESCE((
                        SELECT COUNT(*)
                        FROM room_numbers rn
                        WHERE rn.room_type_id = rt.room_type_id 
                        AND rn.status = 'active'
                    ), 0) as total_rooms,
                    CASE 
                        WHEN rt.status = 'active' THEN 'Available' 
                        ELSE 'Not Available' 
                    END as status
                FROM room_types rt
                WHERE rt.status = 'active'
                ORDER BY rt.room_type
[29-Nov-2025 08:18:04 Europe/Berlin] Found 3 active room types
[29-Nov-2025 08:18:04 Europe/Berlin] Rooms data: Array
(
    [0] => Array
        (
            [room_type_id] => 11
            [room_type] => Double Occupancy
            [price] => 3200.00
            [capacity] => 3
            [description] => Room
            [beds] => 2 Single Beds, 1 Queen bed
            [rating] => 3.7
            [image] => room_11_1_1749748500.jpg
            [image2] => 
            [image3] => 
            [room_status] => active
            [discount_percent] => 
            [discount_valid_until] => 
            [total_rooms] => 1
            [status] => Available
        )

    [1] => Array
        (
            [room_type_id] => 8
            [room_type] => Family
            [price] => 5100.00
            [capacity] => 4
            [description] => Room
            [beds] => 2 Queen Beds
            [rating] => 4.5
            [image] => room_8_1_1749748512.jpg
            [image2] => /uploads/rooms/room_type_67f96e51c39c7_2.jpg
            [image3] => /uploads/rooms/room_type_67f96e51c3ccd_3.jpg
            [room_status] => active
            [discount_percent] => 
            [discount_valid_until] => 
            [total_rooms] => 3
            [status] => Available
        )

    [2] => Array
        (
            [room_type_id] => 3
            [room_type] => Triple Occupancy
            [price] => 4200.00
            [capacity] => 3
            [description] => Room
            [beds] => 1 Single Bed & 1 Queen Bed or 3 Single Beds
            [rating] => 4.4
            [image] => room_3_1_1749748535.jpg
            [image2] => /uploads/rooms/room_type_67f9739f87ef4_2.jpg
            [image3] => /uploads/rooms/room_type_67f9739f8ba32_3.jpg
            [room_status] => active
            [discount_percent] => 
            [discount_valid_until] => 
            [total_rooms] => 0
            [status] => Available
        )

)

[29-Nov-2025 08:18:04 Europe/Berlin] Error fetching discount types: SQLSTATE[42S22]: Column not found: 1054 Unknown column 'status' in 'where clause'
[29-Nov-2025 08:18:04 Europe/Berlin] Error fetching discount types: SQLSTATE[42S22]: Column not found: 1054 Unknown column 'status' in 'where clause'
[29-Nov-2025 08:20:12 Europe/Berlin] Session data: Array
(
    [redirect_url] => http://localhost/Admin/Customer/aa/login.php
    [user_id] => 40
    [user_type] => customer
    [email] => chanomabalo@gmail.com
    [csrf_token] => 4717ed0b6c316ade8e9443b835b163d5ef5eba838a2c16508ab2b28e20bd98ce
    [booking_list] => Array
        (
            [0] => Array
                (
                    [room_type_id] => 11
                    [room_type] => Double Occupancy
                    [price] => 3200.00
                    [capacity] => 3
                    [image] => room_11_1_1749748500.jpg
                    [available_rooms] => 1
                    [quantity] => 1
                    [available] => 1
                )

            [1] => Array
                (
                    [room_type_id] => 8
                    [room_type] => Family
                    [price] => 5100.00
                    [capacity] => 4
                    [image] => room_8_1_1749748512.jpg
                    [available_rooms] => 3
                    [quantity] => 1
                    [available] => 3
                )

        )

    [booking_data] => Array
        (
            [room_type] => Double Occupancy
            [room_type_id] => 
            [check_in] => 2025-12-05
            [check_out] => 2025-12-06
            [num_adults] => 1
            [num_children] => 0
            [total_guests] => 0
            [num_nights] => 1
            [room_price] => 3200.00
            [extra_bed_cost] => 0.00
            [subtotal] => 0
            [tax_amount] => 0.00
            [total_amount] => 7400.00
            [discount_type] => 
            [discount_percent] => 0
            [discount_amount] => 0
            [payment_method] => gcash
            [payment_status] => pending
            [booking_status] => confirmed
            [reference_number] => BOOK-6929dea757fdd
            [created_at] => 2025-11-28 18:40:55
        )

    [error] => An error occurred while processing your booking. Please try again.
)

[29-Nov-2025 08:20:12 Europe/Berlin] POST data: Array
(
)

[29-Nov-2025 08:20:12 Europe/Berlin] Starting getRoomTypesWithNumbers function
[29-Nov-2025 08:20:13 Europe/Berlin] Using check-in: 2025-11-29, check-out: 2025-11-30
[29-Nov-2025 08:20:13 Europe/Berlin] Active room types count: 3
[29-Nov-2025 08:20:13 Europe/Berlin] Executing SQL: SELECT 
                    rt.room_type_id, 
                    rt.room_type as room_type, 
                    rt.price, 
                    rt.capacity,
                    rt.description, 
                    rt.beds, 
                    rt.rating, 
                    rt.image,
                    rt.image2,
                    rt.image3,
                    rt.status as room_status,
                    CASE 
                        WHEN rt.discount_valid_until >= CURDATE() THEN rt.discount_percent 
                        ELSE NULL 
                    END as discount_percent,
                    rt.discount_valid_until,
                    COALESCE((
                        SELECT COUNT(*)
                        FROM room_numbers rn
                        WHERE rn.room_type_id = rt.room_type_id 
                        AND rn.status = 'active'
                    ), 0) as total_rooms,
                    CASE 
                        WHEN rt.status = 'active' THEN 'Available' 
                        ELSE 'Not Available' 
                    END as status
                FROM room_types rt
                WHERE rt.status = 'active'
                ORDER BY rt.room_type
[29-Nov-2025 08:20:13 Europe/Berlin] Found 3 active room types
[29-Nov-2025 08:20:13 Europe/Berlin] Rooms data: Array
(
    [0] => Array
        (
            [room_type_id] => 11
            [room_type] => Double Occupancy
            [price] => 3200.00
            [capacity] => 3
            [description] => Room
            [beds] => 2 Single Beds, 1 Queen bed
            [rating] => 3.7
            [image] => room_11_1_1749748500.jpg
            [image2] => 
            [image3] => 
            [room_status] => active
            [discount_percent] => 
            [discount_valid_until] => 
            [total_rooms] => 1
            [status] => Available
        )

    [1] => Array
        (
            [room_type_id] => 8
            [room_type] => Family
            [price] => 5100.00
            [capacity] => 4
            [description] => Room
            [beds] => 2 Queen Beds
            [rating] => 4.5
            [image] => room_8_1_1749748512.jpg
            [image2] => /uploads/rooms/room_type_67f96e51c39c7_2.jpg
            [image3] => /uploads/rooms/room_type_67f96e51c3ccd_3.jpg
            [room_status] => active
            [discount_percent] => 
            [discount_valid_until] => 
            [total_rooms] => 3
            [status] => Available
        )

    [2] => Array
        (
            [room_type_id] => 3
            [room_type] => Triple Occupancy
            [price] => 4200.00
            [capacity] => 3
            [description] => Room
            [beds] => 1 Single Bed & 1 Queen Bed or 3 Single Beds
            [rating] => 4.4
            [image] => room_3_1_1749748535.jpg
            [image2] => /uploads/rooms/room_type_67f9739f87ef4_2.jpg
            [image3] => /uploads/rooms/room_type_67f9739f8ba32_3.jpg
            [room_status] => active
            [discount_percent] => 
            [discount_valid_until] => 
            [total_rooms] => 0
            [status] => Available
        )

)

[29-Nov-2025 08:20:13 Europe/Berlin] Error fetching discount types: SQLSTATE[42S22]: Column not found: 1054 Unknown column 'status' in 'where clause'
[29-Nov-2025 08:20:13 Europe/Berlin] Error fetching discount types: SQLSTATE[42S22]: Column not found: 1054 Unknown column 'status' in 'where clause'
[29-Nov-2025 08:20:36 Europe/Berlin] Session data: Array
(
    [redirect_url] => http://localhost/Admin/Customer/aa/login.php
    [user_id] => 40
    [user_type] => customer
    [email] => chanomabalo@gmail.com
    [csrf_token] => 4717ed0b6c316ade8e9443b835b163d5ef5eba838a2c16508ab2b28e20bd98ce
    [booking_list] => Array
        (
            [0] => Array
                (
                    [room_type_id] => 11
                    [room_type] => Double Occupancy
                    [price] => 3200.00
                    [capacity] => 3
                    [image] => room_11_1_1749748500.jpg
                    [available_rooms] => 1
                    [quantity] => 1
                    [available] => 1
                )

            [1] => Array
                (
                    [room_type_id] => 8
                    [room_type] => Family
                    [price] => 5100.00
                    [capacity] => 4
                    [image] => room_8_1_1749748512.jpg
                    [available_rooms] => 3
                    [quantity] => 1
                    [available] => 3
                )

        )

    [booking_data] => Array
        (
            [room_type] => Double Occupancy
            [room_type_id] => 
            [check_in] => 2025-12-05
            [check_out] => 2025-12-06
            [num_adults] => 1
            [num_children] => 0
            [total_guests] => 0
            [num_nights] => 1
            [room_price] => 3200.00
            [extra_bed_cost] => 0.00
            [subtotal] => 0
            [tax_amount] => 0.00
            [total_amount] => 7400.00
            [discount_type] => 
            [discount_percent] => 0
            [discount_amount] => 0
            [payment_method] => gcash
            [payment_status] => pending
            [booking_status] => confirmed
            [reference_number] => BOOK-6929dea757fdd
            [created_at] => 2025-11-28 18:40:55
        )

    [error] => An error occurred while processing your booking. Please try again.
)

[29-Nov-2025 08:20:36 Europe/Berlin] POST data: Array
(
)

[29-Nov-2025 08:20:36 Europe/Berlin] Starting getRoomTypesWithNumbers function
[29-Nov-2025 08:20:36 Europe/Berlin] Using check-in: 2025-11-29, check-out: 2025-11-30
[29-Nov-2025 08:20:36 Europe/Berlin] Active room types count: 3
[29-Nov-2025 08:20:36 Europe/Berlin] Executing SQL: SELECT 
                    rt.room_type_id, 
                    rt.room_type as room_type, 
                    rt.price, 
                    rt.capacity,
                    rt.description, 
                    rt.beds, 
                    rt.rating, 
                    rt.image,
                    rt.image2,
                    rt.image3,
                    rt.status as room_status,
                    CASE 
                        WHEN rt.discount_valid_until >= CURDATE() THEN rt.discount_percent 
                        ELSE NULL 
                    END as discount_percent,
                    rt.discount_valid_until,
                    COALESCE((
                        SELECT COUNT(*)
                        FROM room_numbers rn
                        WHERE rn.room_type_id = rt.room_type_id 
                        AND rn.status = 'active'
                    ), 0) as total_rooms,
                    CASE 
                        WHEN rt.status = 'active' THEN 'Available' 
                        ELSE 'Not Available' 
                    END as status
                FROM room_types rt
                WHERE rt.status = 'active'
                ORDER BY rt.room_type
[29-Nov-2025 08:20:36 Europe/Berlin] Found 3 active room types
[29-Nov-2025 08:20:36 Europe/Berlin] Rooms data: Array
(
    [0] => Array
        (
            [room_type_id] => 11
            [room_type] => Double Occupancy
            [price] => 3200.00
            [capacity] => 3
            [description] => Room
            [beds] => 2 Single Beds, 1 Queen bed
            [rating] => 3.7
            [image] => room_11_1_1749748500.jpg
            [image2] => 
            [image3] => 
            [room_status] => active
            [discount_percent] => 
            [discount_valid_until] => 
            [total_rooms] => 1
            [status] => Available
        )

    [1] => Array
        (
            [room_type_id] => 8
            [room_type] => Family
            [price] => 5100.00
            [capacity] => 4
            [description] => Room
            [beds] => 2 Queen Beds
            [rating] => 4.5
            [image] => room_8_1_1749748512.jpg
            [image2] => /uploads/rooms/room_type_67f96e51c39c7_2.jpg
            [image3] => /uploads/rooms/room_type_67f96e51c3ccd_3.jpg
            [room_status] => active
            [discount_percent] => 
            [discount_valid_until] => 
            [total_rooms] => 3
            [status] => Available
        )

    [2] => Array
        (
            [room_type_id] => 3
            [room_type] => Triple Occupancy
            [price] => 4200.00
            [capacity] => 3
            [description] => Room
            [beds] => 1 Single Bed & 1 Queen Bed or 3 Single Beds
            [rating] => 4.4
            [image] => room_3_1_1749748535.jpg
            [image2] => /uploads/rooms/room_type_67f9739f87ef4_2.jpg
            [image3] => /uploads/rooms/room_type_67f9739f8ba32_3.jpg
            [room_status] => active
            [discount_percent] => 
            [discount_valid_until] => 
            [total_rooms] => 0
            [status] => Available
        )

)

[29-Nov-2025 08:20:36 Europe/Berlin] Error fetching discount types: SQLSTATE[42S22]: Column not found: 1054 Unknown column 'status' in 'where clause'
[29-Nov-2025 08:20:36 Europe/Berlin] Error fetching discount types: SQLSTATE[42S22]: Column not found: 1054 Unknown column 'status' in 'where clause'
[29-Nov-2025 08:50:47 Europe/Berlin] Session data: Array
(
    [redirect_url] => http://localhost/Admin/Customer/aa/login.php
    [user_id] => 40
    [user_type] => customer
    [email] => chanomabalo@gmail.com
    [csrf_token] => 4717ed0b6c316ade8e9443b835b163d5ef5eba838a2c16508ab2b28e20bd98ce
    [booking_list] => Array
        (
            [0] => Array
                (
                    [room_type_id] => 11
                    [room_type] => Double Occupancy
                    [price] => 3200.00
                    [capacity] => 3
                    [image] => room_11_1_1749748500.jpg
                    [available_rooms] => 1
                    [quantity] => 1
                    [available] => 1
                )

            [1] => Array
                (
                    [room_type_id] => 8
                    [room_type] => Family
                    [price] => 5100.00
                    [capacity] => 4
                    [image] => room_8_1_1749748512.jpg
                    [available_rooms] => 3
                    [quantity] => 1
                    [available] => 3
                )

        )

    [booking_data] => Array
        (
            [room_type] => Double Occupancy
            [room_type_id] => 
            [check_in] => 2025-12-05
            [check_out] => 2025-12-06
            [num_adults] => 1
            [num_children] => 0
            [total_guests] => 0
            [num_nights] => 1
            [room_price] => 3200.00
            [extra_bed_cost] => 0.00
            [subtotal] => 0
            [tax_amount] => 0.00
            [total_amount] => 7400.00
            [discount_type] => 
            [discount_percent] => 0
            [discount_amount] => 0
            [payment_method] => gcash
            [payment_status] => pending
            [booking_status] => confirmed
            [reference_number] => BOOK-6929dea757fdd
            [created_at] => 2025-11-28 18:40:55
        )

    [error] => An error occurred while processing your booking. Please try again.
)

[29-Nov-2025 08:50:47 Europe/Berlin] POST data: Array
(
)

[29-Nov-2025 08:50:47 Europe/Berlin] Starting getRoomTypesWithNumbers function
[29-Nov-2025 08:50:47 Europe/Berlin] Using check-in: 2025-11-29, check-out: 2025-11-30
[29-Nov-2025 08:50:47 Europe/Berlin] Active room types count: 3
[29-Nov-2025 08:50:47 Europe/Berlin] Executing SQL: SELECT 
                    rt.room_type_id, 
                    rt.room_type as room_type, 
                    rt.price, 
                    rt.capacity,
                    rt.description, 
                    rt.beds, 
                    rt.rating, 
                    rt.image,
                    rt.image2,
                    rt.image3,
                    rt.status as room_status,
                    CASE 
                        WHEN rt.discount_valid_until >= CURDATE() THEN rt.discount_percent 
                        ELSE NULL 
                    END as discount_percent,
                    rt.discount_valid_until,
                    COALESCE((
                        SELECT COUNT(*)
                        FROM room_numbers rn
                        WHERE rn.room_type_id = rt.room_type_id 
                        AND rn.status = 'active'
                    ), 0) as total_rooms,
                    CASE 
                        WHEN rt.status = 'active' THEN 'Available' 
                        ELSE 'Not Available' 
                    END as status
                FROM room_types rt
                WHERE rt.status = 'active'
                ORDER BY rt.room_type
[29-Nov-2025 08:50:47 Europe/Berlin] Found 3 active room types
[29-Nov-2025 08:50:47 Europe/Berlin] Rooms data: Array
(
    [0] => Array
        (
            [room_type_id] => 11
            [room_type] => Double Occupancy
            [price] => 3200.00
            [capacity] => 3
            [description] => Room
            [beds] => 2 Single Beds, 1 Queen bed
            [rating] => 3.7
            [image] => room_11_1_1749748500.jpg
            [image2] => 
            [image3] => 
            [room_status] => active
            [discount_percent] => 
            [discount_valid_until] => 
            [total_rooms] => 1
            [status] => Available
        )

    [1] => Array
        (
            [room_type_id] => 8
            [room_type] => Family
            [price] => 5100.00
            [capacity] => 4
            [description] => Room
            [beds] => 2 Queen Beds
            [rating] => 4.5
            [image] => room_8_1_1749748512.jpg
            [image2] => /uploads/rooms/room_type_67f96e51c39c7_2.jpg
            [image3] => /uploads/rooms/room_type_67f96e51c3ccd_3.jpg
            [room_status] => active
            [discount_percent] => 
            [discount_valid_until] => 
            [total_rooms] => 3
            [status] => Available
        )

    [2] => Array
        (
            [room_type_id] => 3
            [room_type] => Triple Occupancy
            [price] => 4200.00
            [capacity] => 3
            [description] => Room
            [beds] => 1 Single Bed & 1 Queen Bed or 3 Single Beds
            [rating] => 4.4
            [image] => room_3_1_1749748535.jpg
            [image2] => /uploads/rooms/room_type_67f9739f87ef4_2.jpg
            [image3] => /uploads/rooms/room_type_67f9739f8ba32_3.jpg
            [room_status] => active
            [discount_percent] => 
            [discount_valid_until] => 
            [total_rooms] => 0
            [status] => Available
        )

)

[29-Nov-2025 08:50:47 Europe/Berlin] Error fetching discount types: SQLSTATE[42S22]: Column not found: 1054 Unknown column 'status' in 'where clause'
[29-Nov-2025 08:50:48 Europe/Berlin] Error fetching discount types: SQLSTATE[42S22]: Column not found: 1054 Unknown column 'status' in 'where clause'
