[22-Sep-2025 04:50:54 Europe/Berlin] Database error: SQLSTATE[42S02]: Base table or view not found: 1146 Table 'hotelms.booking_rooms' doesn't exist
[22-Sep-2025 04:51:04 Europe/Berlin] Database error: SQLSTATE[42S02]: Base table or view not found: 1146 Table 'hotelms.booking_rooms' doesn't exist
[22-Sep-2025 04:51:06 Europe/Berlin] Database error: SQLSTATE[42S02]: Base table or view not found: 1146 Table 'hotelms.booking_rooms' doesn't exist
[22-Sep-2025 04:51:07 Europe/Berlin] Database error: SQLSTATE[42S02]: Base table or view not found: 1146 Table 'hotelms.booking_rooms' doesn't exist
[22-Sep-2025 04:51:10 Europe/Berlin] Database error: SQLSTATE[42S02]: Base table or view not found: 1146 Table 'hotelms.booking_rooms' doesn't exist
[22-Sep-2025 04:57:42 Europe/Berlin] Database error: SQLSTATE[42S02]: Base table or view not found: 1146 Table 'hotelms.booking_rooms' doesn't exist
[22-Sep-2025 04:58:57 Europe/Berlin] Database error: SQLSTATE[42S02]: Base table or view not found: 1146 Table 'hotelms.booking_rooms' doesn't exist
[22-Sep-2025 04:58:59 Europe/Berlin] Database error: SQLSTATE[42S02]: Base table or view not found: 1146 Table 'hotelms.booking_rooms' doesn't exist
[20-Oct-2025 10:53:29 UTC] Connection failed: could not find driver
[20-Oct-2025 12:57:26 Europe/Berlin] Database error: SQLSTATE[23000]: Integrity constraint violation: 1052 Column 'room_type_id' in field list is ambiguous
[20-Oct-2025 12:57:32 Europe/Berlin] Database error: SQLSTATE[23000]: Integrity constraint violation: 1052 Column 'room_type_id' in field list is ambiguous
[20-Oct-2025 12:57:36 Europe/Berlin] Database error: SQLSTATE[23000]: Integrity constraint violation: 1052 Column 'room_type_id' in field list is ambiguous
[20-Oct-2025 12:57:49 Europe/Berlin] Database error: SQLSTATE[23000]: Integrity constraint violation: 1052 Column 'room_type_id' in field list is ambiguous
[20-Oct-2025 12:57:54 Europe/Berlin] Database error: SQLSTATE[23000]: Integrity constraint violation: 1052 Column 'room_type_id' in field list is ambiguous
[20-Oct-2025 12:59:38 Europe/Berlin] Database error: SQLSTATE[23000]: Integrity constraint violation: 1052 Column 'room_type_id' in field list is ambiguous
[20-Oct-2025 13:23:45 Europe/Berlin] Database error: SQLSTATE[23000]: Integrity constraint violation: 1052 Column 'room_type_id' in field list is ambiguous
[20-Oct-2025 13:23:51 Europe/Berlin] Database error: SQLSTATE[23000]: Integrity constraint violation: 1052 Column 'room_type_id' in field list is ambiguous
[20-Oct-2025 13:24:05 Europe/Berlin] Database error: SQLSTATE[23000]: Integrity constraint violation: 1052 Column 'room_type_id' in field list is ambiguous
[20-Oct-2025 13:24:10 Europe/Berlin] Database error: SQLSTATE[23000]: Integrity constraint violation: 1052 Column 'room_type_id' in field list is ambiguous
[20-Oct-2025 13:34:08 Europe/Berlin] Database error: SQLSTATE[23000]: Integrity constraint violation: 1052 Column 'room_type_id' in field list is ambiguous
[20-Oct-2025 13:34:14 Europe/Berlin] Database error: SQLSTATE[23000]: Integrity constraint violation: 1052 Column 'room_type_id' in field list is ambiguous
[22-Oct-2025 02:42:29 Europe/Berlin] Database error: SQLSTATE[23000]: Integrity constraint violation: 1052 Column 'room_type_id' in field list is ambiguous
[22-Oct-2025 02:42:35 Europe/Berlin] Database error: SQLSTATE[23000]: Integrity constraint violation: 1052 Column 'room_type_id' in field list is ambiguous
[22-Oct-2025 02:42:38 Europe/Berlin] Database error: SQLSTATE[23000]: Integrity constraint violation: 1052 Column 'room_type_id' in field list is ambiguous
[22-Oct-2025 02:58:43 Europe/Berlin] Database error: SQLSTATE[23000]: Integrity constraint violation: 1052 Column 'room_type_id' in field list is ambiguous
[22-Oct-2025 02:58:49 Europe/Berlin] Database error: SQLSTATE[23000]: Integrity constraint violation: 1052 Column 'room_type_id' in field list is ambiguous
[22-Oct-2025 02:59:41 Europe/Berlin] Database error: SQLSTATE[23000]: Integrity constraint violation: 1052 Column 'room_type_id' in field list is ambiguous
[22-Oct-2025 03:03:29 Europe/Berlin] First query failed: SQLSTATE[42S22]: Column not found: 1054 Unknown column 'b.booking_status' in 'where clause'
[22-Oct-2025 03:03:29 Europe/Berlin] First query failed: SQLSTATE[42S22]: Column not found: 1054 Unknown column 'b.booking_status' in 'where clause'
[22-Oct-2025 03:07:29 Europe/Berlin] First query failed: SQLSTATE[42S22]: Column not found: 1054 Unknown column 'b.booking_status' in 'where clause'
[22-Oct-2025 03:07:29 Europe/Berlin] First query failed: SQLSTATE[42S22]: Column not found: 1054 Unknown column 'b.booking_status' in 'where clause'
[22-Oct-2025 03:07:33 Europe/Berlin] First query failed: SQLSTATE[42S22]: Column not found: 1054 Unknown column 'b.booking_status' in 'where clause'
[22-Oct-2025 03:07:33 Europe/Berlin] First query failed: SQLSTATE[42S22]: Column not found: 1054 Unknown column 'b.booking_status' in 'where clause'
[22-Oct-2025 03:08:42 Europe/Berlin] First query failed: SQLSTATE[42S22]: Column not found: 1054 Unknown column 'b.booking_status' in 'where clause'
[22-Oct-2025 03:08:42 Europe/Berlin] First query failed: SQLSTATE[42S22]: Column not found: 1054 Unknown column 'b.booking_status' in 'where clause'
[22-Oct-2025 03:09:01 Europe/Berlin] First query failed: SQLSTATE[42S22]: Column not found: 1054 Unknown column 'b.booking_status' in 'where clause'
[22-Oct-2025 03:09:01 Europe/Berlin] First query failed: SQLSTATE[42S22]: Column not found: 1054 Unknown column 'b.booking_status' in 'where clause'
[22-Oct-2025 03:09:18 Europe/Berlin] First query failed: SQLSTATE[42S22]: Column not found: 1054 Unknown column 'b.booking_status' in 'where clause'
[22-Oct-2025 03:09:18 Europe/Berlin] First query failed: SQLSTATE[42S22]: Column not found: 1054 Unknown column 'b.booking_status' in 'where clause'
[22-Oct-2025 03:10:44 Europe/Berlin] First query failed: SQLSTATE[42S22]: Column not found: 1054 Unknown column 'b.booking_status' in 'where clause'
[22-Oct-2025 03:10:44 Europe/Berlin] First query failed: SQLSTATE[42S22]: Column not found: 1054 Unknown column 'b.booking_status' in 'where clause'
[22-Oct-2025 03:11:03 Europe/Berlin] First query failed: SQLSTATE[42S22]: Column not found: 1054 Unknown column 'b.booking_status' in 'where clause'
[22-Oct-2025 03:11:03 Europe/Berlin] First query failed: SQLSTATE[42S22]: Column not found: 1054 Unknown column 'b.booking_status' in 'where clause'
[22-Oct-2025 03:11:09 Europe/Berlin] First query failed: SQLSTATE[42S22]: Column not found: 1054 Unknown column 'b.booking_status' in 'where clause'
[22-Oct-2025 03:11:09 Europe/Berlin] First query failed: SQLSTATE[42S22]: Column not found: 1054 Unknown column 'b.booking_status' in 'where clause'
[22-Oct-2025 03:14:51 Europe/Berlin] First query failed: SQLSTATE[42S22]: Column not found: 1054 Unknown column 'b.booking_status' in 'where clause'
[22-Oct-2025 03:14:51 Europe/Berlin] First query failed: SQLSTATE[42S22]: Column not found: 1054 Unknown column 'b.booking_status' in 'where clause'
[22-Oct-2025 03:14:55 Europe/Berlin] First query failed: SQLSTATE[42S22]: Column not found: 1054 Unknown column 'b.booking_status' in 'where clause'
[22-Oct-2025 03:14:55 Europe/Berlin] First query failed: SQLSTATE[42S22]: Column not found: 1054 Unknown column 'b.booking_status' in 'where clause'
[22-Oct-2025 04:00:15 Europe/Berlin] First query failed: SQLSTATE[42S22]: Column not found: 1054 Unknown column 'b.booking_status' in 'where clause'
[22-Oct-2025 04:00:15 Europe/Berlin] First query failed: SQLSTATE[42S22]: Column not found: 1054 Unknown column 'b.booking_status' in 'where clause'
[22-Oct-2025 04:00:22 Europe/Berlin] First query failed: SQLSTATE[42S22]: Column not found: 1054 Unknown column 'b.booking_status' in 'where clause'
[22-Oct-2025 04:00:22 Europe/Berlin] First query failed: SQLSTATE[42S22]: Column not found: 1054 Unknown column 'b.booking_status' in 'where clause'
[22-Oct-2025 04:00:37 Europe/Berlin] First query failed: SQLSTATE[42S22]: Column not found: 1054 Unknown column 'b.booking_status' in 'where clause'
[22-Oct-2025 04:00:37 Europe/Berlin] First query failed: SQLSTATE[42S22]: Column not found: 1054 Unknown column 'b.booking_status' in 'where clause'
[22-Oct-2025 04:00:43 Europe/Berlin] First query failed: SQLSTATE[42S22]: Column not found: 1054 Unknown column 'b.booking_status' in 'where clause'
[22-Oct-2025 04:00:43 Europe/Berlin] First query failed: SQLSTATE[42S22]: Column not found: 1054 Unknown column 'b.booking_status' in 'where clause'
[22-Oct-2025 04:00:44 Europe/Berlin] First query failed: SQLSTATE[42S22]: Column not found: 1054 Unknown column 'b.booking_status' in 'where clause'
[22-Oct-2025 04:00:44 Europe/Berlin] First query failed: SQLSTATE[42S22]: Column not found: 1054 Unknown column 'b.booking_status' in 'where clause'
[22-Oct-2025 04:00:48 Europe/Berlin] First query failed: SQLSTATE[42S22]: Column not found: 1054 Unknown column 'b.booking_status' in 'where clause'
[22-Oct-2025 04:00:48 Europe/Berlin] First query failed: SQLSTATE[42S22]: Column not found: 1054 Unknown column 'b.booking_status' in 'where clause'
[22-Oct-2025 04:00:53 Europe/Berlin] First query failed: SQLSTATE[42S22]: Column not found: 1054 Unknown column 'b.booking_status' in 'where clause'
[22-Oct-2025 04:00:53 Europe/Berlin] First query failed: SQLSTATE[42S22]: Column not found: 1054 Unknown column 'b.booking_status' in 'where clause'
[22-Oct-2025 04:00:57 Europe/Berlin] First query failed: SQLSTATE[42S22]: Column not found: 1054 Unknown column 'b.booking_status' in 'where clause'
[22-Oct-2025 04:00:57 Europe/Berlin] First query failed: SQLSTATE[42S22]: Column not found: 1054 Unknown column 'b.booking_status' in 'where clause'
[22-Oct-2025 04:09:51 Europe/Berlin] First query failed: SQLSTATE[42S22]: Column not found: 1054 Unknown column 'b.booking_status' in 'where clause'
[22-Oct-2025 04:09:51 Europe/Berlin] First query failed: SQLSTATE[42S22]: Column not found: 1054 Unknown column 'b.booking_status' in 'where clause'
[22-Oct-2025 04:09:57 Europe/Berlin] First query failed: SQLSTATE[42S22]: Column not found: 1054 Unknown column 'b.booking_status' in 'where clause'
[22-Oct-2025 04:09:57 Europe/Berlin] First query failed: SQLSTATE[42S22]: Column not found: 1054 Unknown column 'b.booking_status' in 'where clause'
[22-Oct-2025 04:45:22 Europe/Berlin] First query failed: SQLSTATE[42S22]: Column not found: 1054 Unknown column 'b.booking_status' in 'where clause'
[22-Oct-2025 04:45:24 Europe/Berlin] First query failed: SQLSTATE[42S22]: Column not found: 1054 Unknown column 'b.booking_status' in 'where clause'
[22-Oct-2025 04:45:42 Europe/Berlin] First query failed: SQLSTATE[42S22]: Column not found: 1054 Unknown column 'b.booking_status' in 'where clause'
[22-Oct-2025 04:45:48 Europe/Berlin] First query failed: SQLSTATE[42S22]: Column not found: 1054 Unknown column 'b.booking_status' in 'where clause'
[22-Oct-2025 04:45:52 Europe/Berlin] First query failed: SQLSTATE[42S22]: Column not found: 1054 Unknown column 'b.booking_status' in 'where clause'
[22-Oct-2025 04:45:56 Europe/Berlin] First query failed: SQLSTATE[42S22]: Column not found: 1054 Unknown column 'b.booking_status' in 'where clause'
[22-Oct-2025 04:46:18 Europe/Berlin] First query failed: SQLSTATE[42S22]: Column not found: 1054 Unknown column 'b.booking_status' in 'where clause'
[22-Oct-2025 04:46:25 Europe/Berlin] First query failed: SQLSTATE[42S22]: Column not found: 1054 Unknown column 'b.booking_status' in 'where clause'
[22-Oct-2025 04:46:32 Europe/Berlin] First query failed: SQLSTATE[42S22]: Column not found: 1054 Unknown column 'b.booking_status' in 'where clause'
[22-Oct-2025 04:46:39 Europe/Berlin] First query failed: SQLSTATE[42S22]: Column not found: 1054 Unknown column 'b.booking_status' in 'where clause'
[22-Oct-2025 05:31:20 Europe/Berlin] First query failed: SQLSTATE[42S22]: Column not found: 1054 Unknown column 'b.booking_status' in 'where clause'
[22-Oct-2025 05:31:20 Europe/Berlin] First query failed: SQLSTATE[42S22]: Column not found: 1054 Unknown column 'b.booking_status' in 'where clause'
[22-Oct-2025 05:33:18 Europe/Berlin] First query failed: SQLSTATE[42S22]: Column not found: 1054 Unknown column 'b.booking_status' in 'where clause'
[22-Oct-2025 05:33:21 Europe/Berlin] First query failed: SQLSTATE[42S22]: Column not found: 1054 Unknown column 'b.booking_status' in 'where clause'
[22-Oct-2025 05:34:40 Europe/Berlin] First query failed: SQLSTATE[42S22]: Column not found: 1054 Unknown column 'b.booking_status' in 'where clause'
[22-Oct-2025 05:34:40 Europe/Berlin] First query failed: SQLSTATE[42S22]: Column not found: 1054 Unknown column 'b.booking_status' in 'where clause'
[22-Oct-2025 05:34:56 Europe/Berlin] First query failed: SQLSTATE[42S22]: Column not found: 1054 Unknown column 'b.booking_status' in 'where clause'
[22-Oct-2025 05:35:02 Europe/Berlin] First query failed: SQLSTATE[42S22]: Column not found: 1054 Unknown column 'b.booking_status' in 'where clause'
[22-Oct-2025 05:35:07 Europe/Berlin] First query failed: SQLSTATE[42S22]: Column not found: 1054 Unknown column 'b.booking_status' in 'where clause'
[22-Oct-2025 05:43:21 Europe/Berlin] First query failed: SQLSTATE[42S22]: Column not found: 1054 Unknown column 'b.booking_status' in 'where clause'
[22-Oct-2025 05:43:54 Europe/Berlin] First query failed: SQLSTATE[42S22]: Column not found: 1054 Unknown column 'b.booking_status' in 'where clause'
[22-Oct-2025 05:43:59 Europe/Berlin] First query failed: SQLSTATE[42S22]: Column not found: 1054 Unknown column 'b.booking_status' in 'where clause'
[22-Oct-2025 05:44:02 Europe/Berlin] First query failed: SQLSTATE[42S22]: Column not found: 1054 Unknown column 'b.booking_status' in 'where clause'
[22-Oct-2025 05:44:04 Europe/Berlin] First query failed: SQLSTATE[42S22]: Column not found: 1054 Unknown column 'b.booking_status' in 'where clause'
[22-Oct-2025 05:44:53 Europe/Berlin] First query failed: SQLSTATE[42S22]: Column not found: 1054 Unknown column 'b.booking_status' in 'where clause'
[22-Oct-2025 05:44:53 Europe/Berlin] First query failed: SQLSTATE[42S22]: Column not found: 1054 Unknown column 'b.booking_status' in 'where clause'
[22-Oct-2025 05:45:20 Europe/Berlin] First query failed: SQLSTATE[42S22]: Column not found: 1054 Unknown column 'b.booking_status' in 'where clause'
[22-Oct-2025 05:45:20 Europe/Berlin] First query failed: SQLSTATE[42S22]: Column not found: 1054 Unknown column 'b.booking_status' in 'where clause'
[22-Oct-2025 05:52:13 Europe/Berlin] First query failed: SQLSTATE[42S22]: Column not found: 1054 Unknown column 'b.booking_status' in 'where clause'
[22-Oct-2025 05:53:35 Europe/Berlin] First query failed: SQLSTATE[42S22]: Column not found: 1054 Unknown column 'b.booking_status' in 'where clause'
[22-Oct-2025 05:53:48 Europe/Berlin] First query failed: SQLSTATE[42S22]: Column not found: 1054 Unknown column 'b.booking_status' in 'where clause'
[22-Oct-2025 06:13:09 Europe/Berlin] First query failed: SQLSTATE[42S22]: Column not found: 1054 Unknown column 'b.booking_status' in 'where clause'
[22-Oct-2025 06:13:13 Europe/Berlin] First query failed: SQLSTATE[42S22]: Column not found: 1054 Unknown column 'b.booking_status' in 'where clause'
[22-Oct-2025 06:20:28 Europe/Berlin] First query failed: SQLSTATE[42S22]: Column not found: 1054 Unknown column 'b.booking_status' in 'where clause'
[22-Oct-2025 06:20:32 Europe/Berlin] First query failed: SQLSTATE[42S22]: Column not found: 1054 Unknown column 'b.booking_status' in 'where clause'
[22-Oct-2025 06:23:57 Europe/Berlin] First query failed: SQLSTATE[42S22]: Column not found: 1054 Unknown column 'b.booking_status' in 'where clause'
[22-Oct-2025 06:23:57 Europe/Berlin] First query failed: SQLSTATE[42S22]: Column not found: 1054 Unknown column 'b.booking_status' in 'where clause'
[22-Oct-2025 06:24:41 Europe/Berlin] First query failed: SQLSTATE[42S22]: Column not found: 1054 Unknown column 'b.booking_status' in 'where clause'
[22-Oct-2025 06:24:41 Europe/Berlin] First query failed: SQLSTATE[42S22]: Column not found: 1054 Unknown column 'b.booking_status' in 'where clause'
[22-Oct-2025 06:25:09 Europe/Berlin] First query failed: SQLSTATE[42S22]: Column not found: 1054 Unknown column 'b.booking_status' in 'where clause'
[22-Oct-2025 06:25:50 Europe/Berlin] First query failed: SQLSTATE[42S22]: Column not found: 1054 Unknown column 'b.booking_status' in 'where clause'
[22-Oct-2025 06:26:06 Europe/Berlin] First query failed: SQLSTATE[42S22]: Column not found: 1054 Unknown column 'b.booking_status' in 'where clause'
[22-Oct-2025 06:26:11 Europe/Berlin] First query failed: SQLSTATE[42S22]: Column not found: 1054 Unknown column 'b.booking_status' in 'where clause'
[22-Oct-2025 06:26:17 Europe/Berlin] First query failed: SQLSTATE[42S22]: Column not found: 1054 Unknown column 'b.booking_status' in 'where clause'
[22-Oct-2025 06:27:52 Europe/Berlin] First query failed: SQLSTATE[42S22]: Column not found: 1054 Unknown column 'b.booking_status' in 'where clause'
[22-Oct-2025 06:27:56 Europe/Berlin] First query failed: SQLSTATE[42S22]: Column not found: 1054 Unknown column 'b.booking_status' in 'where clause'
[22-Oct-2025 06:39:01 Europe/Berlin] First query failed: SQLSTATE[42S22]: Column not found: 1054 Unknown column 'b.booking_status' in 'where clause'
[22-Oct-2025 06:39:01 Europe/Berlin] First query failed: SQLSTATE[42S22]: Column not found: 1054 Unknown column 'b.booking_status' in 'where clause'
[22-Oct-2025 06:39:15 Europe/Berlin] First query failed: SQLSTATE[42S22]: Column not found: 1054 Unknown column 'b.booking_status' in 'where clause'
[22-Oct-2025 06:39:22 Europe/Berlin] First query failed: SQLSTATE[42S22]: Column not found: 1054 Unknown column 'b.booking_status' in 'where clause'
[22-Oct-2025 06:39:34 Europe/Berlin] First query failed: SQLSTATE[42S22]: Column not found: 1054 Unknown column 'b.booking_status' in 'where clause'
[22-Oct-2025 06:39:37 Europe/Berlin] First query failed: SQLSTATE[42S22]: Column not found: 1054 Unknown column 'b.booking_status' in 'where clause'
[22-Oct-2025 06:39:41 Europe/Berlin] First query failed: SQLSTATE[42S22]: Column not found: 1054 Unknown column 'b.booking_status' in 'where clause'
[22-Oct-2025 06:39:55 Europe/Berlin] First query failed: SQLSTATE[42S22]: Column not found: 1054 Unknown column 'b.booking_status' in 'where clause'
[22-Oct-2025 06:39:59 Europe/Berlin] First query failed: SQLSTATE[42S22]: Column not found: 1054 Unknown column 'b.booking_status' in 'where clause'
[22-Oct-2025 06:40:02 Europe/Berlin] First query failed: SQLSTATE[42S22]: Column not found: 1054 Unknown column 'b.booking_status' in 'where clause'
[22-Oct-2025 06:40:13 Europe/Berlin] First query failed: SQLSTATE[42S22]: Column not found: 1054 Unknown column 'b.booking_status' in 'where clause'
[22-Oct-2025 06:40:44 Europe/Berlin] First query failed: SQLSTATE[42S22]: Column not found: 1054 Unknown column 'b.booking_status' in 'where clause'
[22-Oct-2025 06:40:49 Europe/Berlin] First query failed: SQLSTATE[42S22]: Column not found: 1054 Unknown column 'b.booking_status' in 'where clause'
[22-Oct-2025 06:40:52 Europe/Berlin] First query failed: SQLSTATE[42S22]: Column not found: 1054 Unknown column 'b.booking_status' in 'where clause'
[22-Oct-2025 06:40:55 Europe/Berlin] First query failed: SQLSTATE[42S22]: Column not found: 1054 Unknown column 'b.booking_status' in 'where clause'
[22-Oct-2025 06:41:05 Europe/Berlin] First query failed: SQLSTATE[42S22]: Column not found: 1054 Unknown column 'b.booking_status' in 'where clause'
[22-Oct-2025 06:41:08 Europe/Berlin] First query failed: SQLSTATE[42S22]: Column not found: 1054 Unknown column 'b.booking_status' in 'where clause'
[22-Oct-2025 06:41:10 Europe/Berlin] First query failed: SQLSTATE[42S22]: Column not found: 1054 Unknown column 'b.booking_status' in 'where clause'
[22-Oct-2025 06:42:28 Europe/Berlin] First query failed: SQLSTATE[42S22]: Column not found: 1054 Unknown column 'b.booking_status' in 'where clause'
[22-Oct-2025 06:42:32 Europe/Berlin] First query failed: SQLSTATE[42S22]: Column not found: 1054 Unknown column 'b.booking_status' in 'where clause'
[22-Oct-2025 06:43:04 Europe/Berlin] First query failed: SQLSTATE[42S22]: Column not found: 1054 Unknown column 'b.booking_status' in 'where clause'
[22-Oct-2025 06:43:04 Europe/Berlin] First query failed: SQLSTATE[42S22]: Column not found: 1054 Unknown column 'b.booking_status' in 'where clause'
[22-Oct-2025 06:43:10 Europe/Berlin] First query failed: SQLSTATE[42S22]: Column not found: 1054 Unknown column 'b.booking_status' in 'where clause'
[22-Oct-2025 06:43:10 Europe/Berlin] First query failed: SQLSTATE[42S22]: Column not found: 1054 Unknown column 'b.booking_status' in 'where clause'
[22-Oct-2025 06:43:17 Europe/Berlin] First query failed: SQLSTATE[42S22]: Column not found: 1054 Unknown column 'b.booking_status' in 'where clause'
[22-Oct-2025 06:43:17 Europe/Berlin] First query failed: SQLSTATE[42S22]: Column not found: 1054 Unknown column 'b.booking_status' in 'where clause'
[22-Oct-2025 06:43:24 Europe/Berlin] First query failed: SQLSTATE[42S22]: Column not found: 1054 Unknown column 'b.booking_status' in 'where clause'
[22-Oct-2025 06:43:24 Europe/Berlin] First query failed: SQLSTATE[42S22]: Column not found: 1054 Unknown column 'b.booking_status' in 'where clause'
[22-Oct-2025 06:43:30 Europe/Berlin] First query failed: SQLSTATE[42S22]: Column not found: 1054 Unknown column 'b.booking_status' in 'where clause'
[22-Oct-2025 06:43:30 Europe/Berlin] First query failed: SQLSTATE[42S22]: Column not found: 1054 Unknown column 'b.booking_status' in 'where clause'
[22-Oct-2025 06:43:36 Europe/Berlin] First query failed: SQLSTATE[42S22]: Column not found: 1054 Unknown column 'b.booking_status' in 'where clause'
[22-Oct-2025 06:43:36 Europe/Berlin] First query failed: SQLSTATE[42S22]: Column not found: 1054 Unknown column 'b.booking_status' in 'where clause'
[22-Oct-2025 06:43:43 Europe/Berlin] First query failed: SQLSTATE[42S22]: Column not found: 1054 Unknown column 'b.booking_status' in 'where clause'
[22-Oct-2025 06:43:43 Europe/Berlin] First query failed: SQLSTATE[42S22]: Column not found: 1054 Unknown column 'b.booking_status' in 'where clause'
[22-Oct-2025 07:04:45 Europe/Berlin] First query failed: SQLSTATE[42S22]: Column not found: 1054 Unknown column 'b.booking_status' in 'where clause'
[22-Oct-2025 07:04:45 Europe/Berlin] First query failed: SQLSTATE[42S22]: Column not found: 1054 Unknown column 'b.booking_status' in 'where clause'
[22-Oct-2025 07:04:51 Europe/Berlin] First query failed: SQLSTATE[42S22]: Column not found: 1054 Unknown column 'b.booking_status' in 'where clause'
[22-Oct-2025 07:04:51 Europe/Berlin] First query failed: SQLSTATE[42S22]: Column not found: 1054 Unknown column 'b.booking_status' in 'where clause'
[22-Oct-2025 07:05:30 Europe/Berlin] First query failed: SQLSTATE[42S22]: Column not found: 1054 Unknown column 'b.booking_status' in 'where clause'
[22-Oct-2025 07:05:30 Europe/Berlin] First query failed: SQLSTATE[42S22]: Column not found: 1054 Unknown column 'b.booking_status' in 'where clause'
[22-Oct-2025 07:08:06 Europe/Berlin] First query failed: SQLSTATE[42S22]: Column not found: 1054 Unknown column 'b.booking_status' in 'where clause'
[22-Oct-2025 07:08:06 Europe/Berlin] First query failed: SQLSTATE[42S22]: Column not found: 1054 Unknown column 'b.booking_status' in 'where clause'
[22-Oct-2025 07:08:15 Europe/Berlin] First query failed: SQLSTATE[42S22]: Column not found: 1054 Unknown column 'b.booking_status' in 'where clause'
[22-Oct-2025 07:08:15 Europe/Berlin] First query failed: SQLSTATE[42S22]: Column not found: 1054 Unknown column 'b.booking_status' in 'where clause'
[22-Oct-2025 07:08:21 Europe/Berlin] First query failed: SQLSTATE[42S22]: Column not found: 1054 Unknown column 'b.booking_status' in 'where clause'
[22-Oct-2025 07:08:21 Europe/Berlin] First query failed: SQLSTATE[42S22]: Column not found: 1054 Unknown column 'b.booking_status' in 'where clause'
[22-Oct-2025 07:08:44 Europe/Berlin] First query failed: SQLSTATE[42S22]: Column not found: 1054 Unknown column 'b.booking_status' in 'where clause'
[22-Oct-2025 07:08:44 Europe/Berlin] First query failed: SQLSTATE[42S22]: Column not found: 1054 Unknown column 'b.booking_status' in 'where clause'
[23-Oct-2025 05:46:09 Europe/Berlin] First query failed: SQLSTATE[42S22]: Column not found: 1054 Unknown column 'b.booking_status' in 'where clause'
[23-Oct-2025 05:46:09 Europe/Berlin] First query failed: SQLSTATE[42S22]: Column not found: 1054 Unknown column 'b.booking_status' in 'where clause'
[23-Oct-2025 05:46:16 Europe/Berlin] First query failed: SQLSTATE[42S22]: Column not found: 1054 Unknown column 'b.booking_status' in 'where clause'
[23-Oct-2025 05:46:16 Europe/Berlin] First query failed: SQLSTATE[42S22]: Column not found: 1054 Unknown column 'b.booking_status' in 'where clause'
[23-Oct-2025 05:46:22 Europe/Berlin] First query failed: SQLSTATE[42S22]: Column not found: 1054 Unknown column 'b.booking_status' in 'where clause'
[23-Oct-2025 05:46:22 Europe/Berlin] First query failed: SQLSTATE[42S22]: Column not found: 1054 Unknown column 'b.booking_status' in 'where clause'
[23-Oct-2025 05:46:37 Europe/Berlin] First query failed: SQLSTATE[42S22]: Column not found: 1054 Unknown column 'b.booking_status' in 'where clause'
[23-Oct-2025 05:46:37 Europe/Berlin] First query failed: SQLSTATE[42S22]: Column not found: 1054 Unknown column 'b.booking_status' in 'where clause'
[23-Oct-2025 05:47:18 Europe/Berlin] First query failed: SQLSTATE[42S22]: Column not found: 1054 Unknown column 'b.booking_status' in 'where clause'
[23-Oct-2025 05:47:35 Europe/Berlin] First query failed: SQLSTATE[42S22]: Column not found: 1054 Unknown column 'b.booking_status' in 'where clause'
[23-Oct-2025 05:47:35 Europe/Berlin] First query failed: SQLSTATE[42S22]: Column not found: 1054 Unknown column 'b.booking_status' in 'where clause'
[23-Oct-2025 05:47:42 Europe/Berlin] First query failed: SQLSTATE[42S22]: Column not found: 1054 Unknown column 'b.booking_status' in 'where clause'
[23-Oct-2025 05:47:42 Europe/Berlin] First query failed: SQLSTATE[42S22]: Column not found: 1054 Unknown column 'b.booking_status' in 'where clause'
[23-Oct-2025 05:47:48 Europe/Berlin] First query failed: SQLSTATE[42S22]: Column not found: 1054 Unknown column 'b.booking_status' in 'where clause'
[23-Oct-2025 05:47:48 Europe/Berlin] First query failed: SQLSTATE[42S22]: Column not found: 1054 Unknown column 'b.booking_status' in 'where clause'
[23-Oct-2025 05:47:53 Europe/Berlin] First query failed: SQLSTATE[42S22]: Column not found: 1054 Unknown column 'b.booking_status' in 'where clause'
[23-Oct-2025 05:47:53 Europe/Berlin] First query failed: SQLSTATE[42S22]: Column not found: 1054 Unknown column 'b.booking_status' in 'where clause'
[23-Oct-2025 05:47:57 Europe/Berlin] First query failed: SQLSTATE[42S22]: Column not found: 1054 Unknown column 'b.booking_status' in 'where clause'
[23-Oct-2025 05:47:57 Europe/Berlin] First query failed: SQLSTATE[42S22]: Column not found: 1054 Unknown column 'b.booking_status' in 'where clause'
[23-Oct-2025 05:48:03 Europe/Berlin] First query failed: SQLSTATE[42S22]: Column not found: 1054 Unknown column 'b.booking_status' in 'where clause'
[23-Oct-2025 05:48:03 Europe/Berlin] First query failed: SQLSTATE[42S22]: Column not found: 1054 Unknown column 'b.booking_status' in 'where clause'
[23-Oct-2025 05:48:16 Europe/Berlin] First query failed: SQLSTATE[42S22]: Column not found: 1054 Unknown column 'b.booking_status' in 'where clause'
[23-Oct-2025 05:48:21 Europe/Berlin] First query failed: SQLSTATE[42S22]: Column not found: 1054 Unknown column 'b.booking_status' in 'where clause'
[23-Oct-2025 05:48:24 Europe/Berlin] First query failed: SQLSTATE[42S22]: Column not found: 1054 Unknown column 'b.booking_status' in 'where clause'
[23-Oct-2025 05:48:27 Europe/Berlin] First query failed: SQLSTATE[42S22]: Column not found: 1054 Unknown column 'b.booking_status' in 'where clause'
[23-Oct-2025 05:58:56 Europe/Berlin] First query failed: SQLSTATE[42S22]: Column not found: 1054 Unknown column 'b.booking_status' in 'where clause'
[23-Oct-2025 05:58:56 Europe/Berlin] First query failed: SQLSTATE[42S22]: Column not found: 1054 Unknown column 'b.booking_status' in 'where clause'
[23-Oct-2025 05:59:21 Europe/Berlin] First query failed: SQLSTATE[42S22]: Column not found: 1054 Unknown column 'b.booking_status' in 'where clause'
[23-Oct-2025 05:59:21 Europe/Berlin] First query failed: SQLSTATE[42S22]: Column not found: 1054 Unknown column 'b.booking_status' in 'where clause'
[23-Oct-2025 05:59:26 Europe/Berlin] First query failed: SQLSTATE[42S22]: Column not found: 1054 Unknown column 'b.booking_status' in 'where clause'
[23-Oct-2025 05:59:26 Europe/Berlin] First query failed: SQLSTATE[42S22]: Column not found: 1054 Unknown column 'b.booking_status' in 'where clause'
[23-Oct-2025 06:31:59 Europe/Berlin] First query failed: SQLSTATE[42S22]: Column not found: 1054 Unknown column 'b.booking_status' in 'where clause'
[23-Oct-2025 06:31:59 Europe/Berlin] First query failed: SQLSTATE[42S22]: Column not found: 1054 Unknown column 'b.booking_status' in 'where clause'
[23-Oct-2025 06:32:31 Europe/Berlin] First query failed: SQLSTATE[42S22]: Column not found: 1054 Unknown column 'b.booking_status' in 'where clause'
[23-Oct-2025 06:32:31 Europe/Berlin] First query failed: SQLSTATE[42S22]: Column not found: 1054 Unknown column 'b.booking_status' in 'where clause'
[23-Oct-2025 06:32:40 Europe/Berlin] First query failed: SQLSTATE[42S22]: Column not found: 1054 Unknown column 'b.booking_status' in 'where clause'
[23-Oct-2025 06:32:40 Europe/Berlin] First query failed: SQLSTATE[42S22]: Column not found: 1054 Unknown column 'b.booking_status' in 'where clause'
[23-Oct-2025 06:33:04 Europe/Berlin] First query failed: SQLSTATE[42S22]: Column not found: 1054 Unknown column 'b.booking_status' in 'where clause'
[23-Oct-2025 06:33:11 Europe/Berlin] First query failed: SQLSTATE[42S22]: Column not found: 1054 Unknown column 'b.booking_status' in 'where clause'
[23-Oct-2025 06:33:17 Europe/Berlin] First query failed: SQLSTATE[42S22]: Column not found: 1054 Unknown column 'b.booking_status' in 'where clause'
[23-Oct-2025 06:34:30 Europe/Berlin] First query failed: SQLSTATE[42S22]: Column not found: 1054 Unknown column 'b.booking_status' in 'where clause'
[23-Oct-2025 06:34:30 Europe/Berlin] First query failed: SQLSTATE[42S22]: Column not found: 1054 Unknown column 'b.booking_status' in 'where clause'
[23-Oct-2025 06:34:46 Europe/Berlin] First query failed: SQLSTATE[42S22]: Column not found: 1054 Unknown column 'b.booking_status' in 'where clause'
[23-Oct-2025 06:34:46 Europe/Berlin] First query failed: SQLSTATE[42S22]: Column not found: 1054 Unknown column 'b.booking_status' in 'where clause'
[23-Oct-2025 10:59:45 Europe/Berlin] First query failed: SQLSTATE[42S22]: Column not found: 1054 Unknown column 'b.booking_status' in 'where clause'
[23-Oct-2025 10:59:45 Europe/Berlin] First query failed: SQLSTATE[42S22]: Column not found: 1054 Unknown column 'b.booking_status' in 'where clause'
[23-Oct-2025 10:59:59 Europe/Berlin] First query failed: SQLSTATE[42S22]: Column not found: 1054 Unknown column 'b.booking_status' in 'where clause'
[23-Oct-2025 10:59:59 Europe/Berlin] First query failed: SQLSTATE[42S22]: Column not found: 1054 Unknown column 'b.booking_status' in 'where clause'
[23-Oct-2025 11:00:09 Europe/Berlin] First query failed: SQLSTATE[42S22]: Column not found: 1054 Unknown column 'b.booking_status' in 'where clause'
[23-Oct-2025 11:00:09 Europe/Berlin] First query failed: SQLSTATE[42S22]: Column not found: 1054 Unknown column 'b.booking_status' in 'where clause'
[24-Oct-2025 06:55:39 Europe/Berlin] First query failed: SQLSTATE[42S22]: Column not found: 1054 Unknown column 'b.booking_status' in 'where clause'
[24-Oct-2025 06:55:45 Europe/Berlin] First query failed: SQLSTATE[42S22]: Column not found: 1054 Unknown column 'b.booking_status' in 'where clause'
[24-Oct-2025 06:55:53 Europe/Berlin] First query failed: SQLSTATE[42S22]: Column not found: 1054 Unknown column 'b.booking_status' in 'where clause'
[24-Oct-2025 06:55:56 Europe/Berlin] First query failed: SQLSTATE[42S22]: Column not found: 1054 Unknown column 'b.booking_status' in 'where clause'
[24-Oct-2025 06:56:22 Europe/Berlin] First query failed: SQLSTATE[42S22]: Column not found: 1054 Unknown column 'b.booking_status' in 'where clause'
[24-Oct-2025 06:56:24 Europe/Berlin] First query failed: SQLSTATE[42S22]: Column not found: 1054 Unknown column 'b.booking_status' in 'where clause'
[24-Oct-2025 07:00:59 Europe/Berlin] First query failed: SQLSTATE[42S22]: Column not found: 1054 Unknown column 'b.booking_status' in 'where clause'
[24-Oct-2025 07:01:01 Europe/Berlin] First query failed: SQLSTATE[42S22]: Column not found: 1054 Unknown column 'b.booking_status' in 'where clause'
[24-Oct-2025 07:01:50 Europe/Berlin] First query failed: SQLSTATE[42S22]: Column not found: 1054 Unknown column 'b.booking_status' in 'where clause'
[24-Oct-2025 07:01:54 Europe/Berlin] First query failed: SQLSTATE[42S22]: Column not found: 1054 Unknown column 'b.booking_status' in 'where clause'
[24-Oct-2025 07:01:56 Europe/Berlin] First query failed: SQLSTATE[42S22]: Column not found: 1054 Unknown column 'b.booking_status' in 'where clause'
[24-Oct-2025 10:37:06 Europe/Berlin] First query failed: SQLSTATE[42S22]: Column not found: 1054 Unknown column 'b.booking_status' in 'where clause'
[24-Oct-2025 10:37:08 Europe/Berlin] First query failed: SQLSTATE[42S22]: Column not found: 1054 Unknown column 'b.booking_status' in 'where clause'
[03-Nov-2025 06:00:17 Europe/Berlin] First query failed: SQLSTATE[42S22]: Column not found: 1054 Unknown column 'b.booking_status' in 'where clause'
[03-Nov-2025 06:00:17 Europe/Berlin] First query failed: SQLSTATE[42S22]: Column not found: 1054 Unknown column 'b.booking_status' in 'where clause'
[06-Nov-2025 01:19:03 UTC] First query failed: SQLSTATE[42S22]: Column not found: 1054 Unknown column 'b.booking_status' in 'WHERE'
[06-Nov-2025 01:19:06 UTC] First query failed: SQLSTATE[42S22]: Column not found: 1054 Unknown column 'b.booking_status' in 'WHERE'
[06-Nov-2025 01:21:07 UTC] First query failed: SQLSTATE[42S22]: Column not found: 1054 Unknown column 'b.booking_status' in 'WHERE'
[06-Nov-2025 01:21:09 UTC] First query failed: SQLSTATE[42S22]: Column not found: 1054 Unknown column 'b.booking_status' in 'WHERE'
[06-Nov-2025 01:23:51 UTC] First query failed: SQLSTATE[42S22]: Column not found: 1054 Unknown column 'b.booking_status' in 'WHERE'
[06-Nov-2025 01:23:51 UTC] First query failed: SQLSTATE[42S22]: Column not found: 1054 Unknown column 'b.booking_status' in 'WHERE'
[06-Nov-2025 01:38:17 UTC] First query failed: SQLSTATE[42S22]: Column not found: 1054 Unknown column 'b.booking_status' in 'WHERE'
[06-Nov-2025 01:38:17 UTC] First query failed: SQLSTATE[42S22]: Column not found: 1054 Unknown column 'b.booking_status' in 'WHERE'
[06-Nov-2025 01:39:38 UTC] First query failed: SQLSTATE[42S22]: Column not found: 1054 Unknown column 'b.booking_status' in 'WHERE'
[06-Nov-2025 01:39:38 UTC] First query failed: SQLSTATE[42S22]: Column not found: 1054 Unknown column 'b.booking_status' in 'WHERE'
[06-Nov-2025 01:39:50 UTC] First query failed: SQLSTATE[42S22]: Column not found: 1054 Unknown column 'b.booking_status' in 'WHERE'
[06-Nov-2025 01:39:50 UTC] First query failed: SQLSTATE[42S22]: Column not found: 1054 Unknown column 'b.booking_status' in 'WHERE'
[06-Nov-2025 01:40:01 UTC] First query failed: SQLSTATE[42S22]: Column not found: 1054 Unknown column 'b.booking_status' in 'WHERE'
[06-Nov-2025 01:40:01 UTC] First query failed: SQLSTATE[42S22]: Column not found: 1054 Unknown column 'b.booking_status' in 'WHERE'
[06-Nov-2025 01:40:59 UTC] First query failed: SQLSTATE[42S22]: Column not found: 1054 Unknown column 'b.booking_status' in 'WHERE'
[06-Nov-2025 01:41:01 UTC] First query failed: SQLSTATE[42S22]: Column not found: 1054 Unknown column 'b.booking_status' in 'WHERE'
[06-Nov-2025 01:45:19 UTC] First query failed: SQLSTATE[42S22]: Column not found: 1054 Unknown column 'b.booking_status' in 'WHERE'
[06-Nov-2025 01:45:19 UTC] First query failed: SQLSTATE[42S22]: Column not found: 1054 Unknown column 'b.booking_status' in 'WHERE'
[06-Nov-2025 01:45:27 UTC] First query failed: SQLSTATE[42S22]: Column not found: 1054 Unknown column 'b.booking_status' in 'WHERE'
[06-Nov-2025 01:45:27 UTC] First query failed: SQLSTATE[42S22]: Column not found: 1054 Unknown column 'b.booking_status' in 'WHERE'
[06-Nov-2025 01:55:23 UTC] First query failed: SQLSTATE[42S22]: Column not found: 1054 Unknown column 'b.booking_status' in 'WHERE'
[06-Nov-2025 01:55:23 UTC] First query failed: SQLSTATE[42S22]: Column not found: 1054 Unknown column 'b.booking_status' in 'WHERE'
[06-Nov-2025 01:55:30 UTC] First query failed: SQLSTATE[42S22]: Column not found: 1054 Unknown column 'b.booking_status' in 'WHERE'
[06-Nov-2025 01:55:30 UTC] First query failed: SQLSTATE[42S22]: Column not found: 1054 Unknown column 'b.booking_status' in 'WHERE'
[06-Nov-2025 01:55:37 UTC] First query failed: SQLSTATE[42S22]: Column not found: 1054 Unknown column 'b.booking_status' in 'WHERE'
[06-Nov-2025 01:55:37 UTC] First query failed: SQLSTATE[42S22]: Column not found: 1054 Unknown column 'b.booking_status' in 'WHERE'
[06-Nov-2025 01:57:46 UTC] First query failed: SQLSTATE[42S22]: Column not found: 1054 Unknown column 'b.booking_status' in 'WHERE'
[06-Nov-2025 01:57:46 UTC] First query failed: SQLSTATE[42S22]: Column not found: 1054 Unknown column 'b.booking_status' in 'WHERE'
[06-Nov-2025 01:59:12 UTC] First query failed: SQLSTATE[42S22]: Column not found: 1054 Unknown column 'b.booking_status' in 'WHERE'
[06-Nov-2025 02:01:58 UTC] First query failed: SQLSTATE[42S22]: Column not found: 1054 Unknown column 'b.booking_status' in 'WHERE'
[06-Nov-2025 02:01:58 UTC] First query failed: SQLSTATE[42S22]: Column not found: 1054 Unknown column 'b.booking_status' in 'WHERE'
[06-Nov-2025 02:02:15 UTC] First query failed: SQLSTATE[42S22]: Column not found: 1054 Unknown column 'b.booking_status' in 'WHERE'
[06-Nov-2025 02:02:15 UTC] First query failed: SQLSTATE[42S22]: Column not found: 1054 Unknown column 'b.booking_status' in 'WHERE'
[06-Nov-2025 02:24:16 UTC] First query failed: SQLSTATE[42S22]: Column not found: 1054 Unknown column 'b.booking_status' in 'WHERE'
[06-Nov-2025 02:24:16 UTC] First query failed: SQLSTATE[42S22]: Column not found: 1054 Unknown column 'b.booking_status' in 'WHERE'
[06-Nov-2025 02:25:35 UTC] First query failed: SQLSTATE[42S22]: Column not found: 1054 Unknown column 'b.booking_status' in 'WHERE'
[06-Nov-2025 02:25:35 UTC] First query failed: SQLSTATE[42S22]: Column not found: 1054 Unknown column 'b.booking_status' in 'WHERE'
[06-Nov-2025 02:27:04 UTC] First query failed: SQLSTATE[42S22]: Column not found: 1054 Unknown column 'b.booking_status' in 'WHERE'
[06-Nov-2025 02:27:04 UTC] First query failed: SQLSTATE[42S22]: Column not found: 1054 Unknown column 'b.booking_status' in 'WHERE'
[06-Nov-2025 02:27:49 UTC] First query failed: SQLSTATE[42S22]: Column not found: 1054 Unknown column 'b.booking_status' in 'WHERE'
[06-Nov-2025 02:27:52 UTC] First query failed: SQLSTATE[42S22]: Column not found: 1054 Unknown column 'b.booking_status' in 'WHERE'
[06-Nov-2025 08:48:58 UTC] First query failed: SQLSTATE[42S22]: Column not found: 1054 Unknown column 'b.booking_status' in 'WHERE'
[06-Nov-2025 08:49:00 UTC] First query failed: SQLSTATE[42S22]: Column not found: 1054 Unknown column 'b.booking_status' in 'WHERE'
[06-Nov-2025 08:50:15 UTC] First query failed: SQLSTATE[42S22]: Column not found: 1054 Unknown column 'b.booking_status' in 'WHERE'
[10-Nov-2025 11:36:26 UTC] First query failed: SQLSTATE[42S22]: Column not found: 1054 Unknown column 'b.booking_status' in 'WHERE'
[10-Nov-2025 11:36:26 UTC] First query failed: SQLSTATE[42S22]: Column not found: 1054 Unknown column 'b.booking_status' in 'WHERE'
[11-Nov-2025 05:56:43 UTC] First query failed: SQLSTATE[42S22]: Column not found: 1054 Unknown column 'b.booking_status' in 'WHERE'
[11-Nov-2025 05:56:43 UTC] First query failed: SQLSTATE[42S22]: Column not found: 1054 Unknown column 'b.booking_status' in 'WHERE'
[11-Nov-2025 05:57:28 UTC] First query failed: SQLSTATE[42S22]: Column not found: 1054 Unknown column 'b.booking_status' in 'WHERE'
[11-Nov-2025 05:57:28 UTC] First query failed: SQLSTATE[42S22]: Column not found: 1054 Unknown column 'b.booking_status' in 'WHERE'
[11-Nov-2025 05:59:03 UTC] First query failed: SQLSTATE[42S22]: Column not found: 1054 Unknown column 'b.booking_status' in 'WHERE'
[11-Nov-2025 05:59:03 UTC] First query failed: SQLSTATE[42S22]: Column not found: 1054 Unknown column 'b.booking_status' in 'WHERE'
[11-Nov-2025 05:59:10 UTC] First query failed: SQLSTATE[42S22]: Column not found: 1054 Unknown column 'b.booking_status' in 'WHERE'
[11-Nov-2025 05:59:10 UTC] First query failed: SQLSTATE[42S22]: Column not found: 1054 Unknown column 'b.booking_status' in 'WHERE'
[11-Nov-2025 05:59:37 UTC] First query failed: SQLSTATE[42S22]: Column not found: 1054 Unknown column 'b.booking_status' in 'WHERE'
[11-Nov-2025 05:59:37 UTC] First query failed: SQLSTATE[42S22]: Column not found: 1054 Unknown column 'b.booking_status' in 'WHERE'
[11-Nov-2025 06:00:09 UTC] First query failed: SQLSTATE[42S22]: Column not found: 1054 Unknown column 'b.booking_status' in 'WHERE'
[11-Nov-2025 06:00:09 UTC] First query failed: SQLSTATE[42S22]: Column not found: 1054 Unknown column 'b.booking_status' in 'WHERE'
[12-Nov-2025 05:35:53 Europe/Berlin] First query failed: SQLSTATE[42S22]: Column not found: 1054 Unknown column 'b.booking_status' in 'where clause'
[12-Nov-2025 05:35:53 Europe/Berlin] First query failed: SQLSTATE[42S22]: Column not found: 1054 Unknown column 'b.booking_status' in 'where clause'
[12-Nov-2025 05:36:04 Europe/Berlin] First query failed: SQLSTATE[42S22]: Column not found: 1054 Unknown column 'b.booking_status' in 'where clause'
[12-Nov-2025 05:36:06 Europe/Berlin] First query failed: SQLSTATE[42S22]: Column not found: 1054 Unknown column 'b.booking_status' in 'where clause'
[12-Nov-2025 05:36:09 Europe/Berlin] First query failed: SQLSTATE[42S22]: Column not found: 1054 Unknown column 'b.booking_status' in 'where clause'
[12-Nov-2025 05:36:11 Europe/Berlin] First query failed: SQLSTATE[42S22]: Column not found: 1054 Unknown column 'b.booking_status' in 'where clause'
[12-Nov-2025 05:37:19 Europe/Berlin] First query failed: SQLSTATE[42S22]: Column not found: 1054 Unknown column 'b.booking_status' in 'where clause'
[12-Nov-2025 05:37:19 Europe/Berlin] First query failed: SQLSTATE[42S22]: Column not found: 1054 Unknown column 'b.booking_status' in 'where clause'
[12-Nov-2025 05:42:23 Europe/Berlin] First query failed: SQLSTATE[42S22]: Column not found: 1054 Unknown column 'b.booking_status' in 'where clause'
[12-Nov-2025 05:42:23 Europe/Berlin] First query failed: SQLSTATE[42S22]: Column not found: 1054 Unknown column 'b.booking_status' in 'where clause'
[12-Nov-2025 05:51:48 Europe/Berlin] First query failed: SQLSTATE[42S22]: Column not found: 1054 Unknown column 'b.booking_status' in 'where clause'
[12-Nov-2025 05:51:48 Europe/Berlin] First query failed: SQLSTATE[42S22]: Column not found: 1054 Unknown column 'b.booking_status' in 'where clause'
[12-Nov-2025 05:51:55 Europe/Berlin] First query failed: SQLSTATE[42S22]: Column not found: 1054 Unknown column 'b.booking_status' in 'where clause'
[12-Nov-2025 05:51:55 Europe/Berlin] First query failed: SQLSTATE[42S22]: Column not found: 1054 Unknown column 'b.booking_status' in 'where clause'
[12-Nov-2025 05:56:26 Europe/Berlin] First query failed: SQLSTATE[42S22]: Column not found: 1054 Unknown column 'b.booking_status' in 'where clause'
[12-Nov-2025 05:56:29 Europe/Berlin] First query failed: SQLSTATE[42S22]: Column not found: 1054 Unknown column 'b.booking_status' in 'where clause'
[12-Nov-2025 05:56:30 Europe/Berlin] First query failed: SQLSTATE[42S22]: Column not found: 1054 Unknown column 'b.booking_status' in 'where clause'
[12-Nov-2025 05:56:32 Europe/Berlin] First query failed: SQLSTATE[42S22]: Column not found: 1054 Unknown column 'b.booking_status' in 'where clause'
[12-Nov-2025 05:56:35 Europe/Berlin] First query failed: SQLSTATE[42S22]: Column not found: 1054 Unknown column 'b.booking_status' in 'where clause'
[12-Nov-2025 05:56:37 Europe/Berlin] First query failed: SQLSTATE[42S22]: Column not found: 1054 Unknown column 'b.booking_status' in 'where clause'
[12-Nov-2025 05:56:43 Europe/Berlin] First query failed: SQLSTATE[42S22]: Column not found: 1054 Unknown column 'b.booking_status' in 'where clause'
[12-Nov-2025 05:56:44 Europe/Berlin] First query failed: SQLSTATE[42S22]: Column not found: 1054 Unknown column 'b.booking_status' in 'where clause'
[12-Nov-2025 05:56:50 Europe/Berlin] First query failed: SQLSTATE[42S22]: Column not found: 1054 Unknown column 'b.booking_status' in 'where clause'
[12-Nov-2025 05:56:54 Europe/Berlin] First query failed: SQLSTATE[42S22]: Column not found: 1054 Unknown column 'b.booking_status' in 'where clause'
[12-Nov-2025 05:56:58 Europe/Berlin] First query failed: SQLSTATE[42S22]: Column not found: 1054 Unknown column 'b.booking_status' in 'where clause'
[12-Nov-2025 05:56:59 Europe/Berlin] First query failed: SQLSTATE[42S22]: Column not found: 1054 Unknown column 'b.booking_status' in 'where clause'
[12-Nov-2025 05:57:00 Europe/Berlin] First query failed: SQLSTATE[42S22]: Column not found: 1054 Unknown column 'b.booking_status' in 'where clause'
[12-Nov-2025 05:57:03 Europe/Berlin] First query failed: SQLSTATE[42S22]: Column not found: 1054 Unknown column 'b.booking_status' in 'where clause'
[12-Nov-2025 05:57:04 Europe/Berlin] First query failed: SQLSTATE[42S22]: Column not found: 1054 Unknown column 'b.booking_status' in 'where clause'
[12-Nov-2025 05:57:05 Europe/Berlin] First query failed: SQLSTATE[42S22]: Column not found: 1054 Unknown column 'b.booking_status' in 'where clause'
[12-Nov-2025 06:06:38 Europe/Berlin] First query failed: SQLSTATE[42S22]: Column not found: 1054 Unknown column 'b.booking_status' in 'where clause'
[12-Nov-2025 06:06:38 Europe/Berlin] First query failed: SQLSTATE[42S22]: Column not found: 1054 Unknown column 'b.booking_status' in 'where clause'
[12-Nov-2025 06:06:42 Europe/Berlin] First query failed: SQLSTATE[42S22]: Column not found: 1054 Unknown column 'b.booking_status' in 'where clause'
[12-Nov-2025 06:06:43 Europe/Berlin] First query failed: SQLSTATE[42S22]: Column not found: 1054 Unknown column 'b.booking_status' in 'where clause'
[12-Nov-2025 06:06:47 Europe/Berlin] First query failed: SQLSTATE[42S22]: Column not found: 1054 Unknown column 'b.booking_status' in 'where clause'
[12-Nov-2025 06:06:53 Europe/Berlin] First query failed: SQLSTATE[42S22]: Column not found: 1054 Unknown column 'b.booking_status' in 'where clause'
[12-Nov-2025 06:06:57 Europe/Berlin] First query failed: SQLSTATE[42S22]: Column not found: 1054 Unknown column 'b.booking_status' in 'where clause'
[12-Nov-2025 06:07:02 Europe/Berlin] First query failed: SQLSTATE[42S22]: Column not found: 1054 Unknown column 'b.booking_status' in 'where clause'
[12-Nov-2025 06:07:05 Europe/Berlin] First query failed: SQLSTATE[42S22]: Column not found: 1054 Unknown column 'b.booking_status' in 'where clause'
[12-Nov-2025 06:14:04 Europe/Berlin] First query failed: SQLSTATE[42S22]: Column not found: 1054 Unknown column 'b.booking_status' in 'where clause'
[12-Nov-2025 06:14:07 Europe/Berlin] First query failed: SQLSTATE[42S22]: Column not found: 1054 Unknown column 'b.booking_status' in 'where clause'
[12-Nov-2025 06:14:12 Europe/Berlin] First query failed: SQLSTATE[42S22]: Column not found: 1054 Unknown column 'b.booking_status' in 'where clause'
[12-Nov-2025 06:14:14 Europe/Berlin] First query failed: SQLSTATE[42S22]: Column not found: 1054 Unknown column 'b.booking_status' in 'where clause'
[12-Nov-2025 06:14:17 Europe/Berlin] First query failed: SQLSTATE[42S22]: Column not found: 1054 Unknown column 'b.booking_status' in 'where clause'
[12-Nov-2025 06:14:18 Europe/Berlin] First query failed: SQLSTATE[42S22]: Column not found: 1054 Unknown column 'b.booking_status' in 'where clause'
[12-Nov-2025 06:14:19 Europe/Berlin] First query failed: SQLSTATE[42S22]: Column not found: 1054 Unknown column 'b.booking_status' in 'where clause'
[12-Nov-2025 06:14:22 Europe/Berlin] First query failed: SQLSTATE[42S22]: Column not found: 1054 Unknown column 'b.booking_status' in 'where clause'
[12-Nov-2025 06:14:23 Europe/Berlin] First query failed: SQLSTATE[42S22]: Column not found: 1054 Unknown column 'b.booking_status' in 'where clause'
[12-Nov-2025 06:14:23 Europe/Berlin] First query failed: SQLSTATE[42S22]: Column not found: 1054 Unknown column 'b.booking_status' in 'where clause'
[12-Nov-2025 06:16:05 Europe/Berlin] First query failed: SQLSTATE[42S22]: Column not found: 1054 Unknown column 'b.booking_status' in 'where clause'
[12-Nov-2025 06:16:05 Europe/Berlin] First query failed: SQLSTATE[42S22]: Column not found: 1054 Unknown column 'b.booking_status' in 'where clause'
[12-Nov-2025 06:48:31 Europe/Berlin] First query failed: SQLSTATE[42S22]: Column not found: 1054 Unknown column 'b.booking_status' in 'where clause'
[12-Nov-2025 06:48:31 Europe/Berlin] First query failed: SQLSTATE[42S22]: Column not found: 1054 Unknown column 'b.booking_status' in 'where clause'
[12-Nov-2025 06:48:46 Europe/Berlin] First query failed: SQLSTATE[42S22]: Column not found: 1054 Unknown column 'b.booking_status' in 'where clause'
[12-Nov-2025 06:48:46 Europe/Berlin] First query failed: SQLSTATE[42S22]: Column not found: 1054 Unknown column 'b.booking_status' in 'where clause'
[12-Nov-2025 06:48:53 Europe/Berlin] First query failed: SQLSTATE[42S22]: Column not found: 1054 Unknown column 'b.booking_status' in 'where clause'
[12-Nov-2025 06:48:53 Europe/Berlin] First query failed: SQLSTATE[42S22]: Column not found: 1054 Unknown column 'b.booking_status' in 'where clause'
[12-Nov-2025 06:57:26 Europe/Berlin] First query failed: SQLSTATE[42S22]: Column not found: 1054 Unknown column 'b.booking_status' in 'where clause'
[12-Nov-2025 06:57:26 Europe/Berlin] First query failed: SQLSTATE[42S22]: Column not found: 1054 Unknown column 'b.booking_status' in 'where clause'
[12-Nov-2025 06:58:33 Europe/Berlin] First query failed: SQLSTATE[42S22]: Column not found: 1054 Unknown column 'b.booking_status' in 'where clause'
[12-Nov-2025 06:58:36 Europe/Berlin] First query failed: SQLSTATE[42S22]: Column not found: 1054 Unknown column 'b.booking_status' in 'where clause'
[12-Nov-2025 06:58:39 Europe/Berlin] First query failed: SQLSTATE[42S22]: Column not found: 1054 Unknown column 'b.booking_status' in 'where clause'
[12-Nov-2025 06:58:43 Europe/Berlin] First query failed: SQLSTATE[42S22]: Column not found: 1054 Unknown column 'b.booking_status' in 'where clause'
[12-Nov-2025 06:58:46 Europe/Berlin] First query failed: SQLSTATE[42S22]: Column not found: 1054 Unknown column 'b.booking_status' in 'where clause'
[12-Nov-2025 06:58:48 Europe/Berlin] First query failed: SQLSTATE[42S22]: Column not found: 1054 Unknown column 'b.booking_status' in 'where clause'
[12-Nov-2025 06:59:47 Europe/Berlin] First query failed: SQLSTATE[42S22]: Column not found: 1054 Unknown column 'b.booking_status' in 'where clause'
[12-Nov-2025 06:59:47 Europe/Berlin] First query failed: SQLSTATE[42S22]: Column not found: 1054 Unknown column 'b.booking_status' in 'where clause'
[12-Nov-2025 07:00:52 Europe/Berlin] First query failed: SQLSTATE[42S22]: Column not found: 1054 Unknown column 'b.booking_status' in 'where clause'
[12-Nov-2025 07:00:52 Europe/Berlin] First query failed: SQLSTATE[42S22]: Column not found: 1054 Unknown column 'b.booking_status' in 'where clause'
[12-Nov-2025 07:04:22 Europe/Berlin] First query failed: SQLSTATE[42S22]: Column not found: 1054 Unknown column 'b.booking_status' in 'where clause'
[12-Nov-2025 07:04:22 Europe/Berlin] First query failed: SQLSTATE[42S22]: Column not found: 1054 Unknown column 'b.booking_status' in 'where clause'
[12-Nov-2025 07:04:26 Europe/Berlin] First query failed: SQLSTATE[42S22]: Column not found: 1054 Unknown column 'b.booking_status' in 'where clause'
[12-Nov-2025 07:04:26 Europe/Berlin] First query failed: SQLSTATE[42S22]: Column not found: 1054 Unknown column 'b.booking_status' in 'where clause'
[12-Nov-2025 07:04:29 Europe/Berlin] First query failed: SQLSTATE[42S22]: Column not found: 1054 Unknown column 'b.booking_status' in 'where clause'
[12-Nov-2025 07:04:29 Europe/Berlin] First query failed: SQLSTATE[42S22]: Column not found: 1054 Unknown column 'b.booking_status' in 'where clause'
[12-Nov-2025 07:04:30 Europe/Berlin] First query failed: SQLSTATE[42S22]: Column not found: 1054 Unknown column 'b.booking_status' in 'where clause'
[12-Nov-2025 07:04:30 Europe/Berlin] First query failed: SQLSTATE[42S22]: Column not found: 1054 Unknown column 'b.booking_status' in 'where clause'
[12-Nov-2025 07:07:50 Europe/Berlin] First query failed: SQLSTATE[42S22]: Column not found: 1054 Unknown column 'b.booking_status' in 'where clause'
[12-Nov-2025 07:07:50 Europe/Berlin] First query failed: SQLSTATE[42S22]: Column not found: 1054 Unknown column 'b.booking_status' in 'where clause'
[12-Nov-2025 07:08:15 Europe/Berlin] First query failed: SQLSTATE[42S22]: Column not found: 1054 Unknown column 'b.booking_status' in 'where clause'
[12-Nov-2025 07:08:15 Europe/Berlin] First query failed: SQLSTATE[42S22]: Column not found: 1054 Unknown column 'b.booking_status' in 'where clause'
[12-Nov-2025 07:08:54 Europe/Berlin] First query failed: SQLSTATE[42S22]: Column not found: 1054 Unknown column 'b.booking_status' in 'where clause'
[12-Nov-2025 07:08:54 Europe/Berlin] First query failed: SQLSTATE[42S22]: Column not found: 1054 Unknown column 'b.booking_status' in 'where clause'
[12-Nov-2025 07:16:44 Europe/Berlin] First query failed: SQLSTATE[42S22]: Column not found: 1054 Unknown column 'b.booking_status' in 'where clause'
[12-Nov-2025 07:16:44 Europe/Berlin] First query failed: SQLSTATE[42S22]: Column not found: 1054 Unknown column 'b.booking_status' in 'where clause'
[12-Nov-2025 07:16:51 Europe/Berlin] First query failed: SQLSTATE[42S22]: Column not found: 1054 Unknown column 'b.booking_status' in 'where clause'
[12-Nov-2025 07:16:51 Europe/Berlin] First query failed: SQLSTATE[42S22]: Column not found: 1054 Unknown column 'b.booking_status' in 'where clause'
[12-Nov-2025 07:21:04 Europe/Berlin] First query failed: SQLSTATE[42S22]: Column not found: 1054 Unknown column 'b.booking_status' in 'where clause'
[12-Nov-2025 07:21:04 Europe/Berlin] First query failed: SQLSTATE[42S22]: Column not found: 1054 Unknown column 'b.booking_status' in 'where clause'
[12-Nov-2025 07:23:07 Europe/Berlin] First query failed: SQLSTATE[42S22]: Column not found: 1054 Unknown column 'b.booking_status' in 'where clause'
[12-Nov-2025 07:23:07 Europe/Berlin] First query failed: SQLSTATE[42S22]: Column not found: 1054 Unknown column 'b.booking_status' in 'where clause'
[12-Nov-2025 07:24:51 Europe/Berlin] First query failed: SQLSTATE[42S22]: Column not found: 1054 Unknown column 'b.booking_status' in 'where clause'
[12-Nov-2025 07:24:51 Europe/Berlin] First query failed: SQLSTATE[42S22]: Column not found: 1054 Unknown column 'b.booking_status' in 'where clause'
[14-Nov-2025 06:00:48 Europe/Berlin] First query failed: SQLSTATE[42S22]: Column not found: 1054 Unknown column 'b.booking_status' in 'where clause'
[14-Nov-2025 06:00:50 Europe/Berlin] First query failed: SQLSTATE[42S22]: Column not found: 1054 Unknown column 'b.booking_status' in 'where clause'
[14-Nov-2025 06:01:01 Europe/Berlin] First query failed: SQLSTATE[42S22]: Column not found: 1054 Unknown column 'b.booking_status' in 'where clause'
[14-Nov-2025 06:01:01 Europe/Berlin] First query failed: SQLSTATE[42S22]: Column not found: 1054 Unknown column 'b.booking_status' in 'where clause'
[14-Nov-2025 06:01:08 Europe/Berlin] First query failed: SQLSTATE[42S22]: Column not found: 1054 Unknown column 'b.booking_status' in 'where clause'
[14-Nov-2025 06:01:08 Europe/Berlin] First query failed: SQLSTATE[42S22]: Column not found: 1054 Unknown column 'b.booking_status' in 'where clause'
[14-Nov-2025 06:03:01 Europe/Berlin] First query failed: SQLSTATE[42S22]: Column not found: 1054 Unknown column 'b.booking_status' in 'where clause'
[14-Nov-2025 06:03:01 Europe/Berlin] First query failed: SQLSTATE[42S22]: Column not found: 1054 Unknown column 'b.booking_status' in 'where clause'
[14-Nov-2025 06:03:11 Europe/Berlin] First query failed: SQLSTATE[42S22]: Column not found: 1054 Unknown column 'b.booking_status' in 'where clause'
[14-Nov-2025 06:03:11 Europe/Berlin] First query failed: SQLSTATE[42S22]: Column not found: 1054 Unknown column 'b.booking_status' in 'where clause'
[14-Nov-2025 06:04:33 Europe/Berlin] First query failed: SQLSTATE[42S22]: Column not found: 1054 Unknown column 'b.booking_status' in 'where clause'
[14-Nov-2025 06:04:33 Europe/Berlin] First query failed: SQLSTATE[42S22]: Column not found: 1054 Unknown column 'b.booking_status' in 'where clause'
[14-Nov-2025 06:04:41 Europe/Berlin] First query failed: SQLSTATE[42S22]: Column not found: 1054 Unknown column 'b.booking_status' in 'where clause'
[14-Nov-2025 06:04:41 Europe/Berlin] First query failed: SQLSTATE[42S22]: Column not found: 1054 Unknown column 'b.booking_status' in 'where clause'
[14-Nov-2025 09:11:28 Europe/Berlin] First query failed: SQLSTATE[42S22]: Column not found: 1054 Unknown column 'b.booking_status' in 'where clause'
[14-Nov-2025 09:11:28 Europe/Berlin] First query failed: SQLSTATE[42S22]: Column not found: 1054 Unknown column 'b.booking_status' in 'where clause'
[17-Nov-2025 09:24:17 Europe/Berlin] First query failed: SQLSTATE[42S22]: Column not found: 1054 Unknown column 'b.booking_status' in 'where clause'
[17-Nov-2025 09:24:17 Europe/Berlin] First query failed: SQLSTATE[42S22]: Column not found: 1054 Unknown column 'b.booking_status' in 'where clause'
[17-Nov-2025 09:24:29 Europe/Berlin] First query failed: SQLSTATE[42S22]: Column not found: 1054 Unknown column 'b.booking_status' in 'where clause'
[17-Nov-2025 09:24:32 Europe/Berlin] First query failed: SQLSTATE[42S22]: Column not found: 1054 Unknown column 'b.booking_status' in 'where clause'
[17-Nov-2025 09:26:27 Europe/Berlin] First query failed: SQLSTATE[42S22]: Column not found: 1054 Unknown column 'b.booking_status' in 'where clause'
[17-Nov-2025 09:26:27 Europe/Berlin] First query failed: SQLSTATE[42S22]: Column not found: 1054 Unknown column 'b.booking_status' in 'where clause'
[17-Nov-2025 09:28:49 Europe/Berlin] First query failed: SQLSTATE[42S22]: Column not found: 1054 Unknown column 'b.booking_status' in 'where clause'
[17-Nov-2025 09:28:49 Europe/Berlin] First query failed: SQLSTATE[42S22]: Column not found: 1054 Unknown column 'b.booking_status' in 'where clause'
[17-Nov-2025 09:31:08 Europe/Berlin] First query failed: SQLSTATE[42S22]: Column not found: 1054 Unknown column 'b.booking_status' in 'where clause'
[17-Nov-2025 09:31:08 Europe/Berlin] First query failed: SQLSTATE[42S22]: Column not found: 1054 Unknown column 'b.booking_status' in 'where clause'
[17-Nov-2025 09:31:55 Europe/Berlin] First query failed: SQLSTATE[42S22]: Column not found: 1054 Unknown column 'b.booking_status' in 'where clause'
[17-Nov-2025 09:31:55 Europe/Berlin] First query failed: SQLSTATE[42S22]: Column not found: 1054 Unknown column 'b.booking_status' in 'where clause'
[17-Nov-2025 09:32:02 Europe/Berlin] First query failed: SQLSTATE[42S22]: Column not found: 1054 Unknown column 'b.booking_status' in 'where clause'
[17-Nov-2025 09:32:02 Europe/Berlin] First query failed: SQLSTATE[42S22]: Column not found: 1054 Unknown column 'b.booking_status' in 'where clause'
[17-Nov-2025 09:33:06 Europe/Berlin] First query failed: SQLSTATE[42S22]: Column not found: 1054 Unknown column 'b.booking_status' in 'where clause'
[17-Nov-2025 09:33:06 Europe/Berlin] First query failed: SQLSTATE[42S22]: Column not found: 1054 Unknown column 'b.booking_status' in 'where clause'
[17-Nov-2025 09:33:55 Europe/Berlin] First query failed: SQLSTATE[42S22]: Column not found: 1054 Unknown column 'b.booking_status' in 'where clause'
[17-Nov-2025 09:33:55 Europe/Berlin] First query failed: SQLSTATE[42S22]: Column not found: 1054 Unknown column 'b.booking_status' in 'where clause'
[17-Nov-2025 09:34:02 Europe/Berlin] First query failed: SQLSTATE[42S22]: Column not found: 1054 Unknown column 'b.booking_status' in 'where clause'
[17-Nov-2025 09:34:02 Europe/Berlin] First query failed: SQLSTATE[42S22]: Column not found: 1054 Unknown column 'b.booking_status' in 'where clause'
[17-Nov-2025 09:34:07 Europe/Berlin] First query failed: SQLSTATE[42S22]: Column not found: 1054 Unknown column 'b.booking_status' in 'where clause'
[17-Nov-2025 09:34:07 Europe/Berlin] First query failed: SQLSTATE[42S22]: Column not found: 1054 Unknown column 'b.booking_status' in 'where clause'
[17-Nov-2025 09:34:29 Europe/Berlin] First query failed: SQLSTATE[42S22]: Column not found: 1054 Unknown column 'b.booking_status' in 'where clause'
[17-Nov-2025 09:34:29 Europe/Berlin] First query failed: SQLSTATE[42S22]: Column not found: 1054 Unknown column 'b.booking_status' in 'where clause'
[17-Nov-2025 09:34:37 Europe/Berlin] First query failed: SQLSTATE[42S22]: Column not found: 1054 Unknown column 'b.booking_status' in 'where clause'
[17-Nov-2025 09:34:37 Europe/Berlin] First query failed: SQLSTATE[42S22]: Column not found: 1054 Unknown column 'b.booking_status' in 'where clause'
[17-Nov-2025 09:34:40 Europe/Berlin] First query failed: SQLSTATE[42S22]: Column not found: 1054 Unknown column 'b.booking_status' in 'where clause'
[17-Nov-2025 09:34:40 Europe/Berlin] First query failed: SQLSTATE[42S22]: Column not found: 1054 Unknown column 'b.booking_status' in 'where clause'
[17-Nov-2025 09:34:45 Europe/Berlin] First query failed: SQLSTATE[42S22]: Column not found: 1054 Unknown column 'b.booking_status' in 'where clause'
[17-Nov-2025 09:34:45 Europe/Berlin] First query failed: SQLSTATE[42S22]: Column not found: 1054 Unknown column 'b.booking_status' in 'where clause'
[17-Nov-2025 09:34:54 Europe/Berlin] First query failed: SQLSTATE[42S22]: Column not found: 1054 Unknown column 'b.booking_status' in 'where clause'
[17-Nov-2025 09:34:54 Europe/Berlin] First query failed: SQLSTATE[42S22]: Column not found: 1054 Unknown column 'b.booking_status' in 'where clause'
[17-Nov-2025 09:35:28 Europe/Berlin] First query failed: SQLSTATE[42S22]: Column not found: 1054 Unknown column 'b.booking_status' in 'where clause'
[17-Nov-2025 09:35:28 Europe/Berlin] First query failed: SQLSTATE[42S22]: Column not found: 1054 Unknown column 'b.booking_status' in 'where clause'
[17-Nov-2025 09:35:37 Europe/Berlin] First query failed: SQLSTATE[42S22]: Column not found: 1054 Unknown column 'b.booking_status' in 'where clause'
[17-Nov-2025 09:35:37 Europe/Berlin] First query failed: SQLSTATE[42S22]: Column not found: 1054 Unknown column 'b.booking_status' in 'where clause'
[17-Nov-2025 09:35:39 Europe/Berlin] First query failed: SQLSTATE[42S22]: Column not found: 1054 Unknown column 'b.booking_status' in 'where clause'
[17-Nov-2025 09:35:39 Europe/Berlin] First query failed: SQLSTATE[42S22]: Column not found: 1054 Unknown column 'b.booking_status' in 'where clause'
[17-Nov-2025 09:38:11 Europe/Berlin] First query failed: SQLSTATE[42S22]: Column not found: 1054 Unknown column 'b.booking_status' in 'where clause'
[17-Nov-2025 09:38:11 Europe/Berlin] First query failed: SQLSTATE[42S22]: Column not found: 1054 Unknown column 'b.booking_status' in 'where clause'
[17-Nov-2025 09:42:54 Europe/Berlin] First query failed: SQLSTATE[42S22]: Column not found: 1054 Unknown column 'b.booking_status' in 'where clause'
[17-Nov-2025 09:42:54 Europe/Berlin] First query failed: SQLSTATE[42S22]: Column not found: 1054 Unknown column 'b.booking_status' in 'where clause'
[17-Nov-2025 09:43:07 Europe/Berlin] First query failed: SQLSTATE[42S22]: Column not found: 1054 Unknown column 'b.booking_status' in 'where clause'
[17-Nov-2025 09:43:07 Europe/Berlin] First query failed: SQLSTATE[42S22]: Column not found: 1054 Unknown column 'b.booking_status' in 'where clause'
[17-Nov-2025 09:45:25 Europe/Berlin] First query failed: SQLSTATE[42S22]: Column not found: 1054 Unknown column 'b.booking_status' in 'where clause'
[17-Nov-2025 09:45:25 Europe/Berlin] First query failed: SQLSTATE[42S22]: Column not found: 1054 Unknown column 'b.booking_status' in 'where clause'
[17-Nov-2025 09:48:29 Europe/Berlin] First query failed: SQLSTATE[42S22]: Column not found: 1054 Unknown column 'b.booking_status' in 'where clause'
[17-Nov-2025 09:48:29 Europe/Berlin] First query failed: SQLSTATE[42S22]: Column not found: 1054 Unknown column 'b.booking_status' in 'where clause'
[17-Nov-2025 09:49:40 Europe/Berlin] First query failed: SQLSTATE[42S22]: Column not found: 1054 Unknown column 'b.booking_status' in 'where clause'
[17-Nov-2025 09:49:45 Europe/Berlin] First query failed: SQLSTATE[42S22]: Column not found: 1054 Unknown column 'b.booking_status' in 'where clause'
[17-Nov-2025 09:54:28 Europe/Berlin] First query failed: SQLSTATE[42S22]: Column not found: 1054 Unknown column 'b.booking_status' in 'where clause'
[17-Nov-2025 09:54:28 Europe/Berlin] First query failed: SQLSTATE[42S22]: Column not found: 1054 Unknown column 'b.booking_status' in 'where clause'
[17-Nov-2025 09:54:35 Europe/Berlin] First query failed: SQLSTATE[42S22]: Column not found: 1054 Unknown column 'b.booking_status' in 'where clause'
[17-Nov-2025 09:54:35 Europe/Berlin] First query failed: SQLSTATE[42S22]: Column not found: 1054 Unknown column 'b.booking_status' in 'where clause'
[17-Nov-2025 09:54:41 Europe/Berlin] First query failed: SQLSTATE[42S22]: Column not found: 1054 Unknown column 'b.booking_status' in 'where clause'
[17-Nov-2025 09:54:41 Europe/Berlin] First query failed: SQLSTATE[42S22]: Column not found: 1054 Unknown column 'b.booking_status' in 'where clause'
[17-Nov-2025 09:57:54 Europe/Berlin] First query failed: SQLSTATE[42S22]: Column not found: 1054 Unknown column 'b.booking_status' in 'where clause'
[17-Nov-2025 09:57:54 Europe/Berlin] First query failed: SQLSTATE[42S22]: Column not found: 1054 Unknown column 'b.booking_status' in 'where clause'
[20-Nov-2025 09:20:24 Europe/Berlin] First query failed: SQLSTATE[42S22]: Column not found: 1054 Unknown column 'b.booking_status' in 'where clause'
[20-Nov-2025 09:20:24 Europe/Berlin] First query failed: SQLSTATE[42S22]: Column not found: 1054 Unknown column 'b.booking_status' in 'where clause'
[20-Nov-2025 09:20:27 Europe/Berlin] First query failed: SQLSTATE[42S22]: Column not found: 1054 Unknown column 'b.booking_status' in 'where clause'
[20-Nov-2025 09:20:27 Europe/Berlin] First query failed: SQLSTATE[42S22]: Column not found: 1054 Unknown column 'b.booking_status' in 'where clause'
[20-Nov-2025 09:20:33 Europe/Berlin] First query failed: SQLSTATE[42S22]: Column not found: 1054 Unknown column 'b.booking_status' in 'where clause'
[20-Nov-2025 09:20:36 Europe/Berlin] First query failed: SQLSTATE[42S22]: Column not found: 1054 Unknown column 'b.booking_status' in 'where clause'
[20-Nov-2025 09:24:26 Europe/Berlin] First query failed: SQLSTATE[42S22]: Column not found: 1054 Unknown column 'b.booking_status' in 'where clause'
[20-Nov-2025 09:24:28 Europe/Berlin] First query failed: SQLSTATE[42S22]: Column not found: 1054 Unknown column 'b.booking_status' in 'where clause'
[20-Nov-2025 09:32:18 Europe/Berlin] First query failed: SQLSTATE[42S22]: Column not found: 1054 Unknown column 'b.booking_status' in 'where clause'
[20-Nov-2025 09:32:20 Europe/Berlin] First query failed: SQLSTATE[42S22]: Column not found: 1054 Unknown column 'b.booking_status' in 'where clause'
[24-Nov-2025 15:11:07 Europe/Berlin] First query failed: SQLSTATE[42S22]: Column not found: 1054 Unknown column 'b.booking_status' in 'where clause'
[24-Nov-2025 15:11:10 Europe/Berlin] First query failed: SQLSTATE[42S22]: Column not found: 1054 Unknown column 'b.booking_status' in 'where clause'
[24-Nov-2025 16:03:55 Europe/Berlin] First query failed: SQLSTATE[42S22]: Column not found: 1054 Unknown column 'b.booking_status' in 'where clause'
[24-Nov-2025 16:03:59 Europe/Berlin] First query failed: SQLSTATE[42S22]: Column not found: 1054 Unknown column 'b.booking_status' in 'where clause'
[24-Nov-2025 16:38:54 Europe/Berlin] First query failed: SQLSTATE[42S22]: Column not found: 1054 Unknown column 'b.booking_status' in 'where clause'
[24-Nov-2025 16:38:57 Europe/Berlin] First query failed: SQLSTATE[42S22]: Column not found: 1054 Unknown column 'b.booking_status' in 'where clause'
[24-Nov-2025 17:25:04 Europe/Berlin] First query failed: SQLSTATE[42S22]: Column not found: 1054 Unknown column 'b.booking_status' in 'where clause'
[24-Nov-2025 17:27:54 Europe/Berlin] First query failed: SQLSTATE[42S22]: Column not found: 1054 Unknown column 'b.booking_status' in 'where clause'
[24-Nov-2025 17:27:54 Europe/Berlin] First query failed: SQLSTATE[42S22]: Column not found: 1054 Unknown column 'b.booking_status' in 'where clause'
[24-Nov-2025 17:27:56 Europe/Berlin] First query failed: SQLSTATE[42S22]: Column not found: 1054 Unknown column 'b.booking_status' in 'where clause'
[24-Nov-2025 17:27:56 Europe/Berlin] First query failed: SQLSTATE[42S22]: Column not found: 1054 Unknown column 'b.booking_status' in 'where clause'
[24-Nov-2025 17:44:54 Europe/Berlin] First query failed: SQLSTATE[42S22]: Column not found: 1054 Unknown column 'b.booking_status' in 'where clause'
[24-Nov-2025 17:44:54 Europe/Berlin] First query failed: SQLSTATE[42S22]: Column not found: 1054 Unknown column 'b.booking_status' in 'where clause'
[24-Nov-2025 17:44:57 Europe/Berlin] First query failed: SQLSTATE[42S22]: Column not found: 1054 Unknown column 'b.booking_status' in 'where clause'
[24-Nov-2025 17:44:57 Europe/Berlin] First query failed: SQLSTATE[42S22]: Column not found: 1054 Unknown column 'b.booking_status' in 'where clause'
[24-Nov-2025 17:45:00 Europe/Berlin] First query failed: SQLSTATE[42S22]: Column not found: 1054 Unknown column 'b.booking_status' in 'where clause'
[24-Nov-2025 17:45:00 Europe/Berlin] First query failed: SQLSTATE[42S22]: Column not found: 1054 Unknown column 'b.booking_status' in 'where clause'
[24-Nov-2025 17:45:03 Europe/Berlin] First query failed: SQLSTATE[42S22]: Column not found: 1054 Unknown column 'b.booking_status' in 'where clause'
[24-Nov-2025 17:45:03 Europe/Berlin] First query failed: SQLSTATE[42S22]: Column not found: 1054 Unknown column 'b.booking_status' in 'where clause'
[24-Nov-2025 17:45:11 Europe/Berlin] First query failed: SQLSTATE[42S22]: Column not found: 1054 Unknown column 'b.booking_status' in 'where clause'
[24-Nov-2025 17:45:11 Europe/Berlin] First query failed: SQLSTATE[42S22]: Column not found: 1054 Unknown column 'b.booking_status' in 'where clause'
[24-Nov-2025 17:45:13 Europe/Berlin] First query failed: SQLSTATE[42S22]: Column not found: 1054 Unknown column 'b.booking_status' in 'where clause'
[24-Nov-2025 17:45:13 Europe/Berlin] First query failed: SQLSTATE[42S22]: Column not found: 1054 Unknown column 'b.booking_status' in 'where clause'
[24-Nov-2025 17:45:24 Europe/Berlin] First query failed: SQLSTATE[42S22]: Column not found: 1054 Unknown column 'b.booking_status' in 'where clause'
[24-Nov-2025 17:45:24 Europe/Berlin] First query failed: SQLSTATE[42S22]: Column not found: 1054 Unknown column 'b.booking_status' in 'where clause'
[25-Nov-2025 13:53:11 Europe/Berlin] First query failed: SQLSTATE[42S22]: Column not found: 1054 Unknown column 'b.booking_status' in 'where clause'
[25-Nov-2025 13:53:14 Europe/Berlin] First query failed: SQLSTATE[42S22]: Column not found: 1054 Unknown column 'b.booking_status' in 'where clause'
[25-Nov-2025 13:54:03 Europe/Berlin] First query failed: SQLSTATE[42S22]: Column not found: 1054 Unknown column 'b.booking_status' in 'where clause'
[25-Nov-2025 13:54:03 Europe/Berlin] First query failed: SQLSTATE[42S22]: Column not found: 1054 Unknown column 'b.booking_status' in 'where clause'
[25-Nov-2025 13:54:09 Europe/Berlin] First query failed: SQLSTATE[42S22]: Column not found: 1054 Unknown column 'b.booking_status' in 'where clause'
[25-Nov-2025 13:54:09 Europe/Berlin] First query failed: SQLSTATE[42S22]: Column not found: 1054 Unknown column 'b.booking_status' in 'where clause'
[25-Nov-2025 14:03:26 Europe/Berlin] First query failed: SQLSTATE[42S22]: Column not found: 1054 Unknown column 'b.booking_status' in 'where clause'
[25-Nov-2025 14:03:26 Europe/Berlin] First query failed: SQLSTATE[42S22]: Column not found: 1054 Unknown column 'b.booking_status' in 'where clause'
[25-Nov-2025 14:03:32 Europe/Berlin] First query failed: SQLSTATE[42S22]: Column not found: 1054 Unknown column 'b.booking_status' in 'where clause'
[25-Nov-2025 14:03:32 Europe/Berlin] First query failed: SQLSTATE[42S22]: Column not found: 1054 Unknown column 'b.booking_status' in 'where clause'
[25-Nov-2025 14:03:44 Europe/Berlin] First query failed: SQLSTATE[42S22]: Column not found: 1054 Unknown column 'b.booking_status' in 'where clause'
[25-Nov-2025 14:03:44 Europe/Berlin] First query failed: SQLSTATE[42S22]: Column not found: 1054 Unknown column 'b.booking_status' in 'where clause'
[25-Nov-2025 14:03:50 Europe/Berlin] First query failed: SQLSTATE[42S22]: Column not found: 1054 Unknown column 'b.booking_status' in 'where clause'
[25-Nov-2025 14:03:50 Europe/Berlin] First query failed: SQLSTATE[42S22]: Column not found: 1054 Unknown column 'b.booking_status' in 'where clause'
[25-Nov-2025 14:08:44 Europe/Berlin] First query failed: SQLSTATE[42S22]: Column not found: 1054 Unknown column 'b.booking_status' in 'where clause'
[25-Nov-2025 14:08:44 Europe/Berlin] First query failed: SQLSTATE[42S22]: Column not found: 1054 Unknown column 'b.booking_status' in 'where clause'
[25-Nov-2025 14:10:38 Europe/Berlin] First query failed: SQLSTATE[42S22]: Column not found: 1054 Unknown column 'b.booking_status' in 'where clause'
[25-Nov-2025 14:10:38 Europe/Berlin] First query failed: SQLSTATE[42S22]: Column not found: 1054 Unknown column 'b.booking_status' in 'where clause'
[25-Nov-2025 14:10:47 Europe/Berlin] First query failed: SQLSTATE[42S22]: Column not found: 1054 Unknown column 'b.booking_status' in 'where clause'
[25-Nov-2025 14:10:48 Europe/Berlin] First query failed: SQLSTATE[42S22]: Column not found: 1054 Unknown column 'b.booking_status' in 'where clause'
[25-Nov-2025 14:16:39 Europe/Berlin] First query failed: SQLSTATE[42S22]: Column not found: 1054 Unknown column 'b.booking_status' in 'where clause'
[25-Nov-2025 14:16:39 Europe/Berlin] First query failed: SQLSTATE[42S22]: Column not found: 1054 Unknown column 'b.booking_status' in 'where clause'
[25-Nov-2025 14:34:38 Europe/Berlin] First query failed: SQLSTATE[42S22]: Column not found: 1054 Unknown column 'b.booking_status' in 'where clause'
[25-Nov-2025 14:34:38 Europe/Berlin] First query failed: SQLSTATE[42S22]: Column not found: 1054 Unknown column 'b.booking_status' in 'where clause'
[25-Nov-2025 14:34:43 Europe/Berlin] First query failed: SQLSTATE[42S22]: Column not found: 1054 Unknown column 'b.booking_status' in 'where clause'
[25-Nov-2025 14:34:43 Europe/Berlin] First query failed: SQLSTATE[42S22]: Column not found: 1054 Unknown column 'b.booking_status' in 'where clause'
[25-Nov-2025 14:34:44 Europe/Berlin] First query failed: SQLSTATE[42S22]: Column not found: 1054 Unknown column 'b.booking_status' in 'where clause'
[25-Nov-2025 14:34:44 Europe/Berlin] First query failed: SQLSTATE[42S22]: Column not found: 1054 Unknown column 'b.booking_status' in 'where clause'
[25-Nov-2025 14:34:45 Europe/Berlin] First query failed: SQLSTATE[42S22]: Column not found: 1054 Unknown column 'b.booking_status' in 'where clause'
[25-Nov-2025 14:34:45 Europe/Berlin] First query failed: SQLSTATE[42S22]: Column not found: 1054 Unknown column 'b.booking_status' in 'where clause'
[25-Nov-2025 14:40:54 Europe/Berlin] First query failed: SQLSTATE[42S22]: Column not found: 1054 Unknown column 'b.booking_status' in 'where clause'
[25-Nov-2025 14:40:54 Europe/Berlin] First query failed: SQLSTATE[42S22]: Column not found: 1054 Unknown column 'b.booking_status' in 'where clause'
[25-Nov-2025 14:40:55 Europe/Berlin] First query failed: SQLSTATE[42S22]: Column not found: 1054 Unknown column 'b.booking_status' in 'where clause'
[25-Nov-2025 14:40:55 Europe/Berlin] First query failed: SQLSTATE[42S22]: Column not found: 1054 Unknown column 'b.booking_status' in 'where clause'
[25-Nov-2025 14:55:32 Europe/Berlin] First query failed: SQLSTATE[42S22]: Column not found: 1054 Unknown column 'b.booking_status' in 'where clause'
[25-Nov-2025 14:55:32 Europe/Berlin] First query failed: SQLSTATE[42S22]: Column not found: 1054 Unknown column 'b.booking_status' in 'where clause'
[25-Nov-2025 14:55:46 Europe/Berlin] First query failed: SQLSTATE[42S22]: Column not found: 1054 Unknown column 'b.booking_status' in 'where clause'
[25-Nov-2025 14:55:46 Europe/Berlin] First query failed: SQLSTATE[42S22]: Column not found: 1054 Unknown column 'b.booking_status' in 'where clause'
[25-Nov-2025 14:56:30 Europe/Berlin] First query failed: SQLSTATE[42S22]: Column not found: 1054 Unknown column 'b.booking_status' in 'where clause'
[25-Nov-2025 14:56:30 Europe/Berlin] First query failed: SQLSTATE[42S22]: Column not found: 1054 Unknown column 'b.booking_status' in 'where clause'
[25-Nov-2025 14:56:47 Europe/Berlin] First query failed: SQLSTATE[42S22]: Column not found: 1054 Unknown column 'b.booking_status' in 'where clause'
[25-Nov-2025 14:56:47 Europe/Berlin] First query failed: SQLSTATE[42S22]: Column not found: 1054 Unknown column 'b.booking_status' in 'where clause'
[25-Nov-2025 14:57:05 Europe/Berlin] First query failed: SQLSTATE[42S22]: Column not found: 1054 Unknown column 'b.booking_status' in 'where clause'
[25-Nov-2025 14:57:05 Europe/Berlin] First query failed: SQLSTATE[42S22]: Column not found: 1054 Unknown column 'b.booking_status' in 'where clause'
[25-Nov-2025 14:57:06 Europe/Berlin] First query failed: SQLSTATE[42S22]: Column not found: 1054 Unknown column 'b.booking_status' in 'where clause'
[25-Nov-2025 14:57:06 Europe/Berlin] First query failed: SQLSTATE[42S22]: Column not found: 1054 Unknown column 'b.booking_status' in 'where clause'
[25-Nov-2025 15:04:14 Europe/Berlin] First query failed: SQLSTATE[42S22]: Column not found: 1054 Unknown column 'b.booking_status' in 'where clause'
[25-Nov-2025 15:04:14 Europe/Berlin] First query failed: SQLSTATE[42S22]: Column not found: 1054 Unknown column 'b.booking_status' in 'where clause'
[25-Nov-2025 15:17:34 Europe/Berlin] First query failed: SQLSTATE[42S22]: Column not found: 1054 Unknown column 'b.booking_status' in 'where clause'
[25-Nov-2025 15:17:34 Europe/Berlin] First query failed: SQLSTATE[42S22]: Column not found: 1054 Unknown column 'b.booking_status' in 'where clause'
[25-Nov-2025 15:17:56 Europe/Berlin] First query failed: SQLSTATE[42S22]: Column not found: 1054 Unknown column 'b.booking_status' in 'where clause'
[25-Nov-2025 15:17:56 Europe/Berlin] First query failed: SQLSTATE[42S22]: Column not found: 1054 Unknown column 'b.booking_status' in 'where clause'
[25-Nov-2025 15:18:03 Europe/Berlin] First query failed: SQLSTATE[42S22]: Column not found: 1054 Unknown column 'b.booking_status' in 'where clause'
[25-Nov-2025 15:18:03 Europe/Berlin] First query failed: SQLSTATE[42S22]: Column not found: 1054 Unknown column 'b.booking_status' in 'where clause'
[25-Nov-2025 15:19:43 Europe/Berlin] First query failed: SQLSTATE[42S22]: Column not found: 1054 Unknown column 'b.booking_status' in 'where clause'
[25-Nov-2025 15:19:43 Europe/Berlin] First query failed: SQLSTATE[42S22]: Column not found: 1054 Unknown column 'b.booking_status' in 'where clause'
[25-Nov-2025 15:23:42 Europe/Berlin] First query failed: SQLSTATE[42S22]: Column not found: 1054 Unknown column 'b.booking_status' in 'where clause'
[25-Nov-2025 15:23:42 Europe/Berlin] First query failed: SQLSTATE[42S22]: Column not found: 1054 Unknown column 'b.booking_status' in 'where clause'
[25-Nov-2025 15:23:55 Europe/Berlin] First query failed: SQLSTATE[42S22]: Column not found: 1054 Unknown column 'b.booking_status' in 'where clause'
[25-Nov-2025 15:23:55 Europe/Berlin] First query failed: SQLSTATE[42S22]: Column not found: 1054 Unknown column 'b.booking_status' in 'where clause'
[25-Nov-2025 15:33:11 Europe/Berlin] First query failed: SQLSTATE[42S22]: Column not found: 1054 Unknown column 'b.booking_status' in 'where clause'
[25-Nov-2025 15:33:11 Europe/Berlin] First query failed: SQLSTATE[42S22]: Column not found: 1054 Unknown column 'b.booking_status' in 'where clause'
[25-Nov-2025 15:33:52 Europe/Berlin] First query failed: SQLSTATE[42S22]: Column not found: 1054 Unknown column 'b.booking_status' in 'where clause'
[25-Nov-2025 15:33:52 Europe/Berlin] First query failed: SQLSTATE[42S22]: Column not found: 1054 Unknown column 'b.booking_status' in 'where clause'
[25-Nov-2025 15:33:59 Europe/Berlin] First query failed: SQLSTATE[42S22]: Column not found: 1054 Unknown column 'b.booking_status' in 'where clause'
[25-Nov-2025 15:33:59 Europe/Berlin] First query failed: SQLSTATE[42S22]: Column not found: 1054 Unknown column 'b.booking_status' in 'where clause'
[25-Nov-2025 15:34:07 Europe/Berlin] First query failed: SQLSTATE[42S22]: Column not found: 1054 Unknown column 'b.booking_status' in 'where clause'
[25-Nov-2025 15:34:07 Europe/Berlin] First query failed: SQLSTATE[42S22]: Column not found: 1054 Unknown column 'b.booking_status' in 'where clause'
[25-Nov-2025 15:34:16 Europe/Berlin] First query failed: SQLSTATE[42S22]: Column not found: 1054 Unknown column 'b.booking_status' in 'where clause'
[25-Nov-2025 15:34:16 Europe/Berlin] First query failed: SQLSTATE[42S22]: Column not found: 1054 Unknown column 'b.booking_status' in 'where clause'
[25-Nov-2025 15:34:21 Europe/Berlin] First query failed: SQLSTATE[42S22]: Column not found: 1054 Unknown column 'b.booking_status' in 'where clause'
[25-Nov-2025 15:34:21 Europe/Berlin] First query failed: SQLSTATE[42S22]: Column not found: 1054 Unknown column 'b.booking_status' in 'where clause'
[25-Nov-2025 15:34:38 Europe/Berlin] First query failed: SQLSTATE[42S22]: Column not found: 1054 Unknown column 'b.booking_status' in 'where clause'
[25-Nov-2025 15:34:38 Europe/Berlin] First query failed: SQLSTATE[42S22]: Column not found: 1054 Unknown column 'b.booking_status' in 'where clause'
[25-Nov-2025 15:34:41 Europe/Berlin] First query failed: SQLSTATE[42S22]: Column not found: 1054 Unknown column 'b.booking_status' in 'where clause'
[25-Nov-2025 15:34:41 Europe/Berlin] First query failed: SQLSTATE[42S22]: Column not found: 1054 Unknown column 'b.booking_status' in 'where clause'
[25-Nov-2025 15:34:44 Europe/Berlin] First query failed: SQLSTATE[42S22]: Column not found: 1054 Unknown column 'b.booking_status' in 'where clause'
[25-Nov-2025 15:34:44 Europe/Berlin] First query failed: SQLSTATE[42S22]: Column not found: 1054 Unknown column 'b.booking_status' in 'where clause'
[25-Nov-2025 15:34:50 Europe/Berlin] First query failed: SQLSTATE[42S22]: Column not found: 1054 Unknown column 'b.booking_status' in 'where clause'
[25-Nov-2025 15:34:50 Europe/Berlin] First query failed: SQLSTATE[42S22]: Column not found: 1054 Unknown column 'b.booking_status' in 'where clause'
[25-Nov-2025 15:34:52 Europe/Berlin] First query failed: SQLSTATE[42S22]: Column not found: 1054 Unknown column 'b.booking_status' in 'where clause'
[25-Nov-2025 15:34:52 Europe/Berlin] First query failed: SQLSTATE[42S22]: Column not found: 1054 Unknown column 'b.booking_status' in 'where clause'
[25-Nov-2025 15:34:54 Europe/Berlin] First query failed: SQLSTATE[42S22]: Column not found: 1054 Unknown column 'b.booking_status' in 'where clause'
[25-Nov-2025 15:34:54 Europe/Berlin] First query failed: SQLSTATE[42S22]: Column not found: 1054 Unknown column 'b.booking_status' in 'where clause'
[25-Nov-2025 15:45:50 Europe/Berlin] First query failed: SQLSTATE[42S22]: Column not found: 1054 Unknown column 'b.booking_status' in 'where clause'
[25-Nov-2025 15:45:50 Europe/Berlin] First query failed: SQLSTATE[42S22]: Column not found: 1054 Unknown column 'b.booking_status' in 'where clause'
[25-Nov-2025 15:46:00 Europe/Berlin] First query failed: SQLSTATE[42S22]: Column not found: 1054 Unknown column 'b.booking_status' in 'where clause'
[25-Nov-2025 15:46:00 Europe/Berlin] First query failed: SQLSTATE[42S22]: Column not found: 1054 Unknown column 'b.booking_status' in 'where clause'
[25-Nov-2025 15:46:19 Europe/Berlin] First query failed: SQLSTATE[42S22]: Column not found: 1054 Unknown column 'b.booking_status' in 'where clause'
[25-Nov-2025 15:46:19 Europe/Berlin] First query failed: SQLSTATE[42S22]: Column not found: 1054 Unknown column 'b.booking_status' in 'where clause'
[25-Nov-2025 15:49:27 Europe/Berlin] First query failed: SQLSTATE[42S22]: Column not found: 1054 Unknown column 'b.booking_status' in 'where clause'
[25-Nov-2025 15:49:27 Europe/Berlin] First query failed: SQLSTATE[42S22]: Column not found: 1054 Unknown column 'b.booking_status' in 'where clause'
[25-Nov-2025 15:49:34 Europe/Berlin] First query failed: SQLSTATE[42S22]: Column not found: 1054 Unknown column 'b.booking_status' in 'where clause'
[25-Nov-2025 15:49:34 Europe/Berlin] First query failed: SQLSTATE[42S22]: Column not found: 1054 Unknown column 'b.booking_status' in 'where clause'
[25-Nov-2025 15:52:59 Europe/Berlin] First query failed: SQLSTATE[42S22]: Column not found: 1054 Unknown column 'b.booking_status' in 'where clause'
[25-Nov-2025 15:52:59 Europe/Berlin] First query failed: SQLSTATE[42S22]: Column not found: 1054 Unknown column 'b.booking_status' in 'where clause'
[25-Nov-2025 15:56:39 Europe/Berlin] First query failed: SQLSTATE[42S22]: Column not found: 1054 Unknown column 'b.booking_status' in 'where clause'
[25-Nov-2025 15:56:39 Europe/Berlin] First query failed: SQLSTATE[42S22]: Column not found: 1054 Unknown column 'b.booking_status' in 'where clause'
[25-Nov-2025 15:56:42 Europe/Berlin] First query failed: SQLSTATE[42S22]: Column not found: 1054 Unknown column 'b.booking_status' in 'where clause'
[25-Nov-2025 15:56:42 Europe/Berlin] First query failed: SQLSTATE[42S22]: Column not found: 1054 Unknown column 'b.booking_status' in 'where clause'
[25-Nov-2025 15:58:24 Europe/Berlin] First query failed: SQLSTATE[42S22]: Column not found: 1054 Unknown column 'b.booking_status' in 'where clause'
[25-Nov-2025 15:58:24 Europe/Berlin] First query failed: SQLSTATE[42S22]: Column not found: 1054 Unknown column 'b.booking_status' in 'where clause'
[25-Nov-2025 16:06:27 Europe/Berlin] First query failed: SQLSTATE[42S22]: Column not found: 1054 Unknown column 'b.booking_status' in 'where clause'
[25-Nov-2025 16:06:27 Europe/Berlin] First query failed: SQLSTATE[42S22]: Column not found: 1054 Unknown column 'b.booking_status' in 'where clause'
[25-Nov-2025 16:06:33 Europe/Berlin] First query failed: SQLSTATE[42S22]: Column not found: 1054 Unknown column 'b.booking_status' in 'where clause'
[25-Nov-2025 16:06:33 Europe/Berlin] First query failed: SQLSTATE[42S22]: Column not found: 1054 Unknown column 'b.booking_status' in 'where clause'
[25-Nov-2025 16:06:37 Europe/Berlin] First query failed: SQLSTATE[42S22]: Column not found: 1054 Unknown column 'b.booking_status' in 'where clause'
[25-Nov-2025 16:06:37 Europe/Berlin] First query failed: SQLSTATE[42S22]: Column not found: 1054 Unknown column 'b.booking_status' in 'where clause'
[25-Nov-2025 16:21:40 Europe/Berlin] First query failed: SQLSTATE[42S22]: Column not found: 1054 Unknown column 'b.booking_status' in 'where clause'
[25-Nov-2025 16:21:40 Europe/Berlin] First query failed: SQLSTATE[42S22]: Column not found: 1054 Unknown column 'b.booking_status' in 'where clause'
[25-Nov-2025 16:28:34 Europe/Berlin] First query failed: SQLSTATE[42S22]: Column not found: 1054 Unknown column 'b.booking_status' in 'where clause'
[25-Nov-2025 16:28:34 Europe/Berlin] First query failed: SQLSTATE[42S22]: Column not found: 1054 Unknown column 'b.booking_status' in 'where clause'
[25-Nov-2025 16:30:15 Europe/Berlin] First query failed: SQLSTATE[42S22]: Column not found: 1054 Unknown column 'b.booking_status' in 'where clause'
[25-Nov-2025 16:30:15 Europe/Berlin] First query failed: SQLSTATE[42S22]: Column not found: 1054 Unknown column 'b.booking_status' in 'where clause'
[25-Nov-2025 16:30:23 Europe/Berlin] First query failed: SQLSTATE[42S22]: Column not found: 1054 Unknown column 'b.booking_status' in 'where clause'
[25-Nov-2025 16:30:23 Europe/Berlin] First query failed: SQLSTATE[42S22]: Column not found: 1054 Unknown column 'b.booking_status' in 'where clause'
[25-Nov-2025 16:32:08 Europe/Berlin] First query failed: SQLSTATE[42S22]: Column not found: 1054 Unknown column 'b.booking_status' in 'where clause'
[25-Nov-2025 16:32:08 Europe/Berlin] First query failed: SQLSTATE[42S22]: Column not found: 1054 Unknown column 'b.booking_status' in 'where clause'
[25-Nov-2025 16:32:38 Europe/Berlin] First query failed: SQLSTATE[42S22]: Column not found: 1054 Unknown column 'b.booking_status' in 'where clause'
[25-Nov-2025 16:32:38 Europe/Berlin] First query failed: SQLSTATE[42S22]: Column not found: 1054 Unknown column 'b.booking_status' in 'where clause'
[25-Nov-2025 16:45:09 Europe/Berlin] First query failed: SQLSTATE[42S22]: Column not found: 1054 Unknown column 'b.booking_status' in 'where clause'
[25-Nov-2025 16:45:09 Europe/Berlin] First query failed: SQLSTATE[42S22]: Column not found: 1054 Unknown column 'b.booking_status' in 'where clause'
[25-Nov-2025 16:47:44 Europe/Berlin] First query failed: SQLSTATE[42S22]: Column not found: 1054 Unknown column 'b.booking_status' in 'where clause'
[25-Nov-2025 16:47:44 Europe/Berlin] First query failed: SQLSTATE[42S22]: Column not found: 1054 Unknown column 'b.booking_status' in 'where clause'
[25-Nov-2025 16:47:50 Europe/Berlin] First query failed: SQLSTATE[42S22]: Column not found: 1054 Unknown column 'b.booking_status' in 'where clause'
[25-Nov-2025 16:47:50 Europe/Berlin] First query failed: SQLSTATE[42S22]: Column not found: 1054 Unknown column 'b.booking_status' in 'where clause'
[25-Nov-2025 16:47:55 Europe/Berlin] First query failed: SQLSTATE[42S22]: Column not found: 1054 Unknown column 'b.booking_status' in 'where clause'
[25-Nov-2025 16:47:55 Europe/Berlin] First query failed: SQLSTATE[42S22]: Column not found: 1054 Unknown column 'b.booking_status' in 'where clause'
[25-Nov-2025 16:48:00 Europe/Berlin] First query failed: SQLSTATE[42S22]: Column not found: 1054 Unknown column 'b.booking_status' in 'where clause'
[25-Nov-2025 16:48:00 Europe/Berlin] First query failed: SQLSTATE[42S22]: Column not found: 1054 Unknown column 'b.booking_status' in 'where clause'
[25-Nov-2025 16:48:22 Europe/Berlin] First query failed: SQLSTATE[42S22]: Column not found: 1054 Unknown column 'b.booking_status' in 'where clause'
[25-Nov-2025 16:48:24 Europe/Berlin] First query failed: SQLSTATE[42S22]: Column not found: 1054 Unknown column 'b.booking_status' in 'where clause'
[25-Nov-2025 16:48:28 Europe/Berlin] First query failed: SQLSTATE[42S22]: Column not found: 1054 Unknown column 'b.booking_status' in 'where clause'
[25-Nov-2025 16:48:40 Europe/Berlin] First query failed: SQLSTATE[42S22]: Column not found: 1054 Unknown column 'b.booking_status' in 'where clause'
[25-Nov-2025 16:48:42 Europe/Berlin] First query failed: SQLSTATE[42S22]: Column not found: 1054 Unknown column 'b.booking_status' in 'where clause'
[25-Nov-2025 16:48:45 Europe/Berlin] First query failed: SQLSTATE[42S22]: Column not found: 1054 Unknown column 'b.booking_status' in 'where clause'
[25-Nov-2025 16:48:48 Europe/Berlin] First query failed: SQLSTATE[42S22]: Column not found: 1054 Unknown column 'b.booking_status' in 'where clause'
[25-Nov-2025 16:48:51 Europe/Berlin] First query failed: SQLSTATE[42S22]: Column not found: 1054 Unknown column 'b.booking_status' in 'where clause'
[25-Nov-2025 16:56:58 Europe/Berlin] First query failed: SQLSTATE[42S22]: Column not found: 1054 Unknown column 'b.booking_status' in 'where clause'
[25-Nov-2025 16:56:58 Europe/Berlin] First query failed: SQLSTATE[42S22]: Column not found: 1054 Unknown column 'b.booking_status' in 'where clause'
[25-Nov-2025 17:01:51 Europe/Berlin] First query failed: SQLSTATE[42S22]: Column not found: 1054 Unknown column 'b.booking_status' in 'where clause'
[25-Nov-2025 17:01:56 Europe/Berlin] First query failed: SQLSTATE[42S22]: Column not found: 1054 Unknown column 'b.booking_status' in 'where clause'
[25-Nov-2025 17:04:55 Europe/Berlin] First query failed: SQLSTATE[42S22]: Column not found: 1054 Unknown column 'b.booking_status' in 'where clause'
[25-Nov-2025 17:04:58 Europe/Berlin] First query failed: SQLSTATE[42S22]: Column not found: 1054 Unknown column 'b.booking_status' in 'where clause'
[25-Nov-2025 17:05:01 Europe/Berlin] First query failed: SQLSTATE[42S22]: Column not found: 1054 Unknown column 'b.booking_status' in 'where clause'
[26-Nov-2025 10:45:12 Europe/Berlin] First query failed: SQLSTATE[42S22]: Column not found: 1054 Unknown column 'b.booking_status' in 'where clause'
[26-Nov-2025 10:45:15 Europe/Berlin] First query failed: SQLSTATE[42S22]: Column not found: 1054 Unknown column 'b.booking_status' in 'where clause'
[26-Nov-2025 13:48:24 Europe/Berlin] First query failed: SQLSTATE[42S22]: Column not found: 1054 Unknown column 'b.booking_status' in 'where clause'
[26-Nov-2025 13:48:26 Europe/Berlin] First query failed: SQLSTATE[42S22]: Column not found: 1054 Unknown column 'b.booking_status' in 'where clause'
[26-Nov-2025 13:51:45 Europe/Berlin] First query failed: SQLSTATE[42S22]: Column not found: 1054 Unknown column 'b.booking_status' in 'where clause'
[26-Nov-2025 13:51:48 Europe/Berlin] First query failed: SQLSTATE[42S22]: Column not found: 1054 Unknown column 'b.booking_status' in 'where clause'
[26-Nov-2025 13:53:50 Europe/Berlin] First query failed: SQLSTATE[42S22]: Column not found: 1054 Unknown column 'b.booking_status' in 'where clause'
[26-Nov-2025 13:53:52 Europe/Berlin] First query failed: SQLSTATE[42S22]: Column not found: 1054 Unknown column 'b.booking_status' in 'where clause'
[26-Nov-2025 14:01:32 Europe/Berlin] First query failed: SQLSTATE[42S22]: Column not found: 1054 Unknown column 'b.booking_status' in 'where clause'
[26-Nov-2025 14:01:35 Europe/Berlin] First query failed: SQLSTATE[42S22]: Column not found: 1054 Unknown column 'b.booking_status' in 'where clause'
[26-Nov-2025 14:02:07 Europe/Berlin] First query failed: SQLSTATE[42S22]: Column not found: 1054 Unknown column 'b.booking_status' in 'where clause'
[26-Nov-2025 14:02:09 Europe/Berlin] First query failed: SQLSTATE[42S22]: Column not found: 1054 Unknown column 'b.booking_status' in 'where clause'
[26-Nov-2025 14:07:06 Europe/Berlin] First query failed: SQLSTATE[42S22]: Column not found: 1054 Unknown column 'b.booking_status' in 'where clause'
[26-Nov-2025 14:07:12 Europe/Berlin] First query failed: SQLSTATE[42S22]: Column not found: 1054 Unknown column 'b.booking_status' in 'where clause'
[26-Nov-2025 14:08:58 Europe/Berlin] First query failed: SQLSTATE[42S22]: Column not found: 1054 Unknown column 'b.booking_status' in 'where clause'
[26-Nov-2025 14:09:00 Europe/Berlin] First query failed: SQLSTATE[42S22]: Column not found: 1054 Unknown column 'b.booking_status' in 'where clause'
[26-Nov-2025 14:31:01 Europe/Berlin] First query failed: SQLSTATE[42S22]: Column not found: 1054 Unknown column 'b.booking_status' in 'where clause'
[26-Nov-2025 14:31:03 Europe/Berlin] First query failed: SQLSTATE[42S22]: Column not found: 1054 Unknown column 'b.booking_status' in 'where clause'
[26-Nov-2025 14:38:55 Europe/Berlin] First query failed: SQLSTATE[42S22]: Column not found: 1054 Unknown column 'b.booking_status' in 'where clause'
[26-Nov-2025 14:38:57 Europe/Berlin] First query failed: SQLSTATE[42S22]: Column not found: 1054 Unknown column 'b.booking_status' in 'where clause'
[26-Nov-2025 14:59:17 Europe/Berlin] First query failed: SQLSTATE[42S22]: Column not found: 1054 Unknown column 'b.booking_status' in 'where clause'
[26-Nov-2025 14:59:19 Europe/Berlin] First query failed: SQLSTATE[42S22]: Column not found: 1054 Unknown column 'b.booking_status' in 'where clause'
[26-Nov-2025 15:01:34 Europe/Berlin] First query failed: SQLSTATE[42S22]: Column not found: 1054 Unknown column 'b.booking_status' in 'where clause'
[26-Nov-2025 15:01:37 Europe/Berlin] First query failed: SQLSTATE[42S22]: Column not found: 1054 Unknown column 'b.booking_status' in 'where clause'
[26-Nov-2025 15:04:06 Europe/Berlin] First query failed: SQLSTATE[42S22]: Column not found: 1054 Unknown column 'b.booking_status' in 'where clause'
[26-Nov-2025 15:04:07 Europe/Berlin] First query failed: SQLSTATE[42S22]: Column not found: 1054 Unknown column 'b.booking_status' in 'where clause'
[26-Nov-2025 15:16:33 Europe/Berlin] First query failed: SQLSTATE[42S22]: Column not found: 1054 Unknown column 'b.booking_status' in 'where clause'
[26-Nov-2025 15:16:37 Europe/Berlin] First query failed: SQLSTATE[42S22]: Column not found: 1054 Unknown column 'b.booking_status' in 'where clause'
[26-Nov-2025 15:20:01 Europe/Berlin] First query failed: SQLSTATE[42S22]: Column not found: 1054 Unknown column 'b.booking_status' in 'where clause'
[26-Nov-2025 15:20:03 Europe/Berlin] First query failed: SQLSTATE[42S22]: Column not found: 1054 Unknown column 'b.booking_status' in 'where clause'
[26-Nov-2025 15:24:20 Europe/Berlin] First query failed: SQLSTATE[42S22]: Column not found: 1054 Unknown column 'b.booking_status' in 'where clause'
[26-Nov-2025 15:24:22 Europe/Berlin] First query failed: SQLSTATE[42S22]: Column not found: 1054 Unknown column 'b.booking_status' in 'where clause'
[26-Nov-2025 15:42:04 Europe/Berlin] First query failed: SQLSTATE[42S22]: Column not found: 1054 Unknown column 'b.booking_status' in 'where clause'
[26-Nov-2025 15:42:09 Europe/Berlin] First query failed: SQLSTATE[42S22]: Column not found: 1054 Unknown column 'b.booking_status' in 'where clause'
[26-Nov-2025 15:47:26 Europe/Berlin] First query failed: SQLSTATE[42S22]: Column not found: 1054 Unknown column 'b.booking_status' in 'where clause'
[26-Nov-2025 15:47:32 Europe/Berlin] First query failed: SQLSTATE[42S22]: Column not found: 1054 Unknown column 'b.booking_status' in 'where clause'
[26-Nov-2025 15:47:34 Europe/Berlin] First query failed: SQLSTATE[42S22]: Column not found: 1054 Unknown column 'b.booking_status' in 'where clause'
[26-Nov-2025 15:47:37 Europe/Berlin] First query failed: SQLSTATE[42S22]: Column not found: 1054 Unknown column 'b.booking_status' in 'where clause'
[26-Nov-2025 15:48:08 Europe/Berlin] First query failed: SQLSTATE[42S22]: Column not found: 1054 Unknown column 'b.booking_status' in 'where clause'
[26-Nov-2025 15:53:44 Europe/Berlin] First query failed: SQLSTATE[42S22]: Column not found: 1054 Unknown column 'b.booking_status' in 'where clause'
[26-Nov-2025 15:53:47 Europe/Berlin] First query failed: SQLSTATE[42S22]: Column not found: 1054 Unknown column 'b.booking_status' in 'where clause'
[26-Nov-2025 15:53:50 Europe/Berlin] First query failed: SQLSTATE[42S22]: Column not found: 1054 Unknown column 'b.booking_status' in 'where clause'
[26-Nov-2025 15:53:52 Europe/Berlin] First query failed: SQLSTATE[42S22]: Column not found: 1054 Unknown column 'b.booking_status' in 'where clause'
[26-Nov-2025 16:00:20 Europe/Berlin] First query failed: SQLSTATE[42S22]: Column not found: 1054 Unknown column 'b.booking_status' in 'where clause'
[26-Nov-2025 16:00:22 Europe/Berlin] First query failed: SQLSTATE[42S22]: Column not found: 1054 Unknown column 'b.booking_status' in 'where clause'
[26-Nov-2025 16:00:24 Europe/Berlin] First query failed: SQLSTATE[42S22]: Column not found: 1054 Unknown column 'b.booking_status' in 'where clause'
[26-Nov-2025 16:06:36 Europe/Berlin] First query failed: SQLSTATE[42S22]: Column not found: 1054 Unknown column 'b.booking_status' in 'where clause'
[26-Nov-2025 16:06:39 Europe/Berlin] First query failed: SQLSTATE[42S22]: Column not found: 1054 Unknown column 'b.booking_status' in 'where clause'
[26-Nov-2025 16:06:41 Europe/Berlin] First query failed: SQLSTATE[42S22]: Column not found: 1054 Unknown column 'b.booking_status' in 'where clause'
[26-Nov-2025 16:06:44 Europe/Berlin] First query failed: SQLSTATE[42S22]: Column not found: 1054 Unknown column 'b.booking_status' in 'where clause'
[26-Nov-2025 16:16:23 Europe/Berlin] First query failed: SQLSTATE[42S22]: Column not found: 1054 Unknown column 'b.booking_status' in 'where clause'
[26-Nov-2025 16:16:26 Europe/Berlin] First query failed: SQLSTATE[42S22]: Column not found: 1054 Unknown column 'b.booking_status' in 'where clause'
[26-Nov-2025 17:11:04 Europe/Berlin] First query failed: SQLSTATE[42S22]: Column not found: 1054 Unknown column 'b.booking_status' in 'where clause'
[26-Nov-2025 17:11:04 Europe/Berlin] First query failed: SQLSTATE[42S22]: Column not found: 1054 Unknown column 'b.booking_status' in 'where clause'
[26-Nov-2025 17:11:07 Europe/Berlin] First query failed: SQLSTATE[42S22]: Column not found: 1054 Unknown column 'b.booking_status' in 'where clause'
[26-Nov-2025 17:11:07 Europe/Berlin] First query failed: SQLSTATE[42S22]: Column not found: 1054 Unknown column 'b.booking_status' in 'where clause'
[26-Nov-2025 17:11:14 Europe/Berlin] First query failed: SQLSTATE[42S22]: Column not found: 1054 Unknown column 'b.booking_status' in 'where clause'
[26-Nov-2025 17:11:14 Europe/Berlin] First query failed: SQLSTATE[42S22]: Column not found: 1054 Unknown column 'b.booking_status' in 'where clause'
[26-Nov-2025 17:11:18 Europe/Berlin] First query failed: SQLSTATE[42S22]: Column not found: 1054 Unknown column 'b.booking_status' in 'where clause'
[26-Nov-2025 17:11:18 Europe/Berlin] First query failed: SQLSTATE[42S22]: Column not found: 1054 Unknown column 'b.booking_status' in 'where clause'
[26-Nov-2025 17:11:22 Europe/Berlin] First query failed: SQLSTATE[42S22]: Column not found: 1054 Unknown column 'b.booking_status' in 'where clause'
[26-Nov-2025 17:11:22 Europe/Berlin] First query failed: SQLSTATE[42S22]: Column not found: 1054 Unknown column 'b.booking_status' in 'where clause'
[26-Nov-2025 17:11:26 Europe/Berlin] First query failed: SQLSTATE[42S22]: Column not found: 1054 Unknown column 'b.booking_status' in 'where clause'
[26-Nov-2025 17:11:26 Europe/Berlin] First query failed: SQLSTATE[42S22]: Column not found: 1054 Unknown column 'b.booking_status' in 'where clause'
[26-Nov-2025 17:11:29 Europe/Berlin] First query failed: SQLSTATE[42S22]: Column not found: 1054 Unknown column 'b.booking_status' in 'where clause'
[26-Nov-2025 17:11:29 Europe/Berlin] First query failed: SQLSTATE[42S22]: Column not found: 1054 Unknown column 'b.booking_status' in 'where clause'
[27-Nov-2025 12:00:54 Europe/Berlin] First query failed: SQLSTATE[42S22]: Column not found: 1054 Unknown column 'b.booking_status' in 'where clause'
[27-Nov-2025 12:00:54 Europe/Berlin] First query failed: SQLSTATE[42S22]: Column not found: 1054 Unknown column 'b.booking_status' in 'where clause'
[27-Nov-2025 12:00:57 Europe/Berlin] First query failed: SQLSTATE[42S22]: Column not found: 1054 Unknown column 'b.booking_status' in 'where clause'
[27-Nov-2025 12:00:57 Europe/Berlin] First query failed: SQLSTATE[42S22]: Column not found: 1054 Unknown column 'b.booking_status' in 'where clause'
[27-Nov-2025 12:04:17 Europe/Berlin] First query failed: SQLSTATE[42S22]: Column not found: 1054 Unknown column 'b.booking_status' in 'where clause'
[27-Nov-2025 12:04:56 Europe/Berlin] First query failed: SQLSTATE[42S22]: Column not found: 1054 Unknown column 'b.booking_status' in 'where clause'
[27-Nov-2025 12:04:58 Europe/Berlin] First query failed: SQLSTATE[42S22]: Column not found: 1054 Unknown column 'b.booking_status' in 'where clause'
[27-Nov-2025 12:17:37 Europe/Berlin] First query failed: SQLSTATE[42S22]: Column not found: 1054 Unknown column 'b.booking_status' in 'where clause'
[27-Nov-2025 12:17:37 Europe/Berlin] First query failed: SQLSTATE[42S22]: Column not found: 1054 Unknown column 'b.booking_status' in 'where clause'
[27-Nov-2025 12:17:40 Europe/Berlin] First query failed: SQLSTATE[42S22]: Column not found: 1054 Unknown column 'b.booking_status' in 'where clause'
[27-Nov-2025 12:17:40 Europe/Berlin] First query failed: SQLSTATE[42S22]: Column not found: 1054 Unknown column 'b.booking_status' in 'where clause'
[27-Nov-2025 12:17:42 Europe/Berlin] First query failed: SQLSTATE[42S22]: Column not found: 1054 Unknown column 'b.booking_status' in 'where clause'
[27-Nov-2025 12:17:42 Europe/Berlin] First query failed: SQLSTATE[42S22]: Column not found: 1054 Unknown column 'b.booking_status' in 'where clause'
[27-Nov-2025 13:02:38 Europe/Berlin] First query failed: SQLSTATE[42S22]: Column not found: 1054 Unknown column 'b.booking_status' in 'where clause'
[27-Nov-2025 13:02:38 Europe/Berlin] First query failed: SQLSTATE[42S22]: Column not found: 1054 Unknown column 'b.booking_status' in 'where clause'
[27-Nov-2025 13:02:42 Europe/Berlin] First query failed: SQLSTATE[42S22]: Column not found: 1054 Unknown column 'b.booking_status' in 'where clause'
[27-Nov-2025 13:02:42 Europe/Berlin] First query failed: SQLSTATE[42S22]: Column not found: 1054 Unknown column 'b.booking_status' in 'where clause'
[27-Nov-2025 13:02:46 Europe/Berlin] First query failed: SQLSTATE[42S22]: Column not found: 1054 Unknown column 'b.booking_status' in 'where clause'
[27-Nov-2025 13:02:46 Europe/Berlin] First query failed: SQLSTATE[42S22]: Column not found: 1054 Unknown column 'b.booking_status' in 'where clause'
[27-Nov-2025 13:02:53 Europe/Berlin] First query failed: SQLSTATE[42S22]: Column not found: 1054 Unknown column 'b.booking_status' in 'where clause'
[27-Nov-2025 13:02:53 Europe/Berlin] First query failed: SQLSTATE[42S22]: Column not found: 1054 Unknown column 'b.booking_status' in 'where clause'
[27-Nov-2025 13:02:56 Europe/Berlin] First query failed: SQLSTATE[42S22]: Column not found: 1054 Unknown column 'b.booking_status' in 'where clause'
[27-Nov-2025 13:02:56 Europe/Berlin] First query failed: SQLSTATE[42S22]: Column not found: 1054 Unknown column 'b.booking_status' in 'where clause'
[27-Nov-2025 15:19:51 Europe/Berlin] First query failed: SQLSTATE[42S22]: Column not found: 1054 Unknown column 'b.booking_status' in 'where clause'
[27-Nov-2025 15:19:53 Europe/Berlin] First query failed: SQLSTATE[42S22]: Column not found: 1054 Unknown column 'b.booking_status' in 'where clause'
[27-Nov-2025 15:19:56 Europe/Berlin] First query failed: SQLSTATE[42S22]: Column not found: 1054 Unknown column 'b.booking_status' in 'where clause'
[27-Nov-2025 15:38:57 Europe/Berlin] First query failed: SQLSTATE[42S22]: Column not found: 1054 Unknown column 'b.booking_status' in 'where clause'
[27-Nov-2025 15:39:01 Europe/Berlin] First query failed: SQLSTATE[42S22]: Column not found: 1054 Unknown column 'b.booking_status' in 'where clause'
[27-Nov-2025 16:07:12 Europe/Berlin] First query failed: SQLSTATE[42S22]: Column not found: 1054 Unknown column 'b.booking_status' in 'where clause'
[27-Nov-2025 16:07:12 Europe/Berlin] First query failed: SQLSTATE[42S22]: Column not found: 1054 Unknown column 'b.booking_status' in 'where clause'
[27-Nov-2025 16:07:15 Europe/Berlin] First query failed: SQLSTATE[42S22]: Column not found: 1054 Unknown column 'b.booking_status' in 'where clause'
[27-Nov-2025 16:07:15 Europe/Berlin] First query failed: SQLSTATE[42S22]: Column not found: 1054 Unknown column 'b.booking_status' in 'where clause'
[27-Nov-2025 16:07:20 Europe/Berlin] First query failed: SQLSTATE[42S22]: Column not found: 1054 Unknown column 'b.booking_status' in 'where clause'
[27-Nov-2025 16:07:20 Europe/Berlin] First query failed: SQLSTATE[42S22]: Column not found: 1054 Unknown column 'b.booking_status' in 'where clause'
[27-Nov-2025 16:07:23 Europe/Berlin] First query failed: SQLSTATE[42S22]: Column not found: 1054 Unknown column 'b.booking_status' in 'where clause'
[27-Nov-2025 16:07:23 Europe/Berlin] First query failed: SQLSTATE[42S22]: Column not found: 1054 Unknown column 'b.booking_status' in 'where clause'
[27-Nov-2025 16:19:19 Europe/Berlin] First query failed: SQLSTATE[42S22]: Column not found: 1054 Unknown column 'b.booking_status' in 'where clause'
[27-Nov-2025 16:19:19 Europe/Berlin] First query failed: SQLSTATE[42S22]: Column not found: 1054 Unknown column 'b.booking_status' in 'where clause'
[27-Nov-2025 16:19:22 Europe/Berlin] First query failed: SQLSTATE[42S22]: Column not found: 1054 Unknown column 'b.booking_status' in 'where clause'
[27-Nov-2025 16:19:22 Europe/Berlin] First query failed: SQLSTATE[42S22]: Column not found: 1054 Unknown column 'b.booking_status' in 'where clause'
[27-Nov-2025 16:19:26 Europe/Berlin] First query failed: SQLSTATE[42S22]: Column not found: 1054 Unknown column 'b.booking_status' in 'where clause'
[27-Nov-2025 16:19:26 Europe/Berlin] First query failed: SQLSTATE[42S22]: Column not found: 1054 Unknown column 'b.booking_status' in 'where clause'
[27-Nov-2025 16:19:29 Europe/Berlin] First query failed: SQLSTATE[42S22]: Column not found: 1054 Unknown column 'b.booking_status' in 'where clause'
[27-Nov-2025 16:19:29 Europe/Berlin] First query failed: SQLSTATE[42S22]: Column not found: 1054 Unknown column 'b.booking_status' in 'where clause'
[27-Nov-2025 16:25:31 Europe/Berlin] First query failed: SQLSTATE[42S22]: Column not found: 1054 Unknown column 'b.booking_status' in 'where clause'
[27-Nov-2025 16:25:31 Europe/Berlin] First query failed: SQLSTATE[42S22]: Column not found: 1054 Unknown column 'b.booking_status' in 'where clause'
[27-Nov-2025 16:25:34 Europe/Berlin] First query failed: SQLSTATE[42S22]: Column not found: 1054 Unknown column 'b.booking_status' in 'where clause'
[27-Nov-2025 16:25:34 Europe/Berlin] First query failed: SQLSTATE[42S22]: Column not found: 1054 Unknown column 'b.booking_status' in 'where clause'
[27-Nov-2025 16:46:13 Europe/Berlin] First query failed: SQLSTATE[42S22]: Column not found: 1054 Unknown column 'b.booking_status' in 'where clause'
[27-Nov-2025 16:46:13 Europe/Berlin] First query failed: SQLSTATE[42S22]: Column not found: 1054 Unknown column 'b.booking_status' in 'where clause'
[27-Nov-2025 16:46:16 Europe/Berlin] First query failed: SQLSTATE[42S22]: Column not found: 1054 Unknown column 'b.booking_status' in 'where clause'
[27-Nov-2025 16:46:16 Europe/Berlin] First query failed: SQLSTATE[42S22]: Column not found: 1054 Unknown column 'b.booking_status' in 'where clause'
[27-Nov-2025 16:47:39 Europe/Berlin] First query failed: SQLSTATE[42S22]: Column not found: 1054 Unknown column 'b.booking_status' in 'where clause'
[27-Nov-2025 16:47:42 Europe/Berlin] First query failed: SQLSTATE[42S22]: Column not found: 1054 Unknown column 'b.booking_status' in 'where clause'
[27-Nov-2025 16:54:21 Europe/Berlin] First query failed: SQLSTATE[42S22]: Column not found: 1054 Unknown column 'b.booking_status' in 'where clause'
[27-Nov-2025 16:54:21 Europe/Berlin] First query failed: SQLSTATE[42S22]: Column not found: 1054 Unknown column 'b.booking_status' in 'where clause'
[27-Nov-2025 16:54:33 Europe/Berlin] First query failed: SQLSTATE[42S22]: Column not found: 1054 Unknown column 'b.booking_status' in 'where clause'
[27-Nov-2025 16:54:33 Europe/Berlin] First query failed: SQLSTATE[42S22]: Column not found: 1054 Unknown column 'b.booking_status' in 'where clause'
[27-Nov-2025 16:54:43 Europe/Berlin] First query failed: SQLSTATE[42S22]: Column not found: 1054 Unknown column 'b.booking_status' in 'where clause'
[27-Nov-2025 16:54:43 Europe/Berlin] First query failed: SQLSTATE[42S22]: Column not found: 1054 Unknown column 'b.booking_status' in 'where clause'
[27-Nov-2025 16:54:47 Europe/Berlin] First query failed: SQLSTATE[42S22]: Column not found: 1054 Unknown column 'b.booking_status' in 'where clause'
[27-Nov-2025 16:54:47 Europe/Berlin] First query failed: SQLSTATE[42S22]: Column not found: 1054 Unknown column 'b.booking_status' in 'where clause'
[27-Nov-2025 16:54:55 Europe/Berlin] First query failed: SQLSTATE[42S22]: Column not found: 1054 Unknown column 'b.booking_status' in 'where clause'
[27-Nov-2025 16:54:55 Europe/Berlin] First query failed: SQLSTATE[42S22]: Column not found: 1054 Unknown column 'b.booking_status' in 'where clause'
[27-Nov-2025 16:54:58 Europe/Berlin] First query failed: SQLSTATE[42S22]: Column not found: 1054 Unknown column 'b.booking_status' in 'where clause'
[27-Nov-2025 16:54:58 Europe/Berlin] First query failed: SQLSTATE[42S22]: Column not found: 1054 Unknown column 'b.booking_status' in 'where clause'
[27-Nov-2025 16:57:13 Europe/Berlin] First query failed: SQLSTATE[42S22]: Column not found: 1054 Unknown column 'b.booking_status' in 'where clause'
[27-Nov-2025 16:57:13 Europe/Berlin] First query failed: SQLSTATE[42S22]: Column not found: 1054 Unknown column 'b.booking_status' in 'where clause'
[27-Nov-2025 16:57:19 Europe/Berlin] First query failed: SQLSTATE[42S22]: Column not found: 1054 Unknown column 'b.booking_status' in 'where clause'
[27-Nov-2025 16:57:19 Europe/Berlin] First query failed: SQLSTATE[42S22]: Column not found: 1054 Unknown column 'b.booking_status' in 'where clause'
[27-Nov-2025 16:57:31 Europe/Berlin] First query failed: SQLSTATE[42S22]: Column not found: 1054 Unknown column 'b.booking_status' in 'where clause'
[27-Nov-2025 16:57:31 Europe/Berlin] First query failed: SQLSTATE[42S22]: Column not found: 1054 Unknown column 'b.booking_status' in 'where clause'
[27-Nov-2025 16:57:47 Europe/Berlin] First query failed: SQLSTATE[42S22]: Column not found: 1054 Unknown column 'b.booking_status' in 'where clause'
[27-Nov-2025 16:57:47 Europe/Berlin] First query failed: SQLSTATE[42S22]: Column not found: 1054 Unknown column 'b.booking_status' in 'where clause'
[27-Nov-2025 16:57:50 Europe/Berlin] First query failed: SQLSTATE[42S22]: Column not found: 1054 Unknown column 'b.booking_status' in 'where clause'
[27-Nov-2025 16:57:50 Europe/Berlin] First query failed: SQLSTATE[42S22]: Column not found: 1054 Unknown column 'b.booking_status' in 'where clause'
[27-Nov-2025 16:57:52 Europe/Berlin] First query failed: SQLSTATE[42S22]: Column not found: 1054 Unknown column 'b.booking_status' in 'where clause'
[27-Nov-2025 16:57:52 Europe/Berlin] First query failed: SQLSTATE[42S22]: Column not found: 1054 Unknown column 'b.booking_status' in 'where clause'
[27-Nov-2025 17:35:38 Europe/Berlin] First query failed: SQLSTATE[42S22]: Column not found: 1054 Unknown column 'b.booking_status' in 'where clause'
[27-Nov-2025 17:35:38 Europe/Berlin] First query failed: SQLSTATE[42S22]: Column not found: 1054 Unknown column 'b.booking_status' in 'where clause'
[27-Nov-2025 17:35:42 Europe/Berlin] First query failed: SQLSTATE[42S22]: Column not found: 1054 Unknown column 'b.booking_status' in 'where clause'
[27-Nov-2025 17:35:42 Europe/Berlin] First query failed: SQLSTATE[42S22]: Column not found: 1054 Unknown column 'b.booking_status' in 'where clause'
[27-Nov-2025 17:36:00 Europe/Berlin] First query failed: SQLSTATE[42S22]: Column not found: 1054 Unknown column 'b.booking_status' in 'where clause'
[27-Nov-2025 17:36:00 Europe/Berlin] First query failed: SQLSTATE[42S22]: Column not found: 1054 Unknown column 'b.booking_status' in 'where clause'
[27-Nov-2025 17:36:10 Europe/Berlin] First query failed: SQLSTATE[42S22]: Column not found: 1054 Unknown column 'b.booking_status' in 'where clause'
[27-Nov-2025 17:36:10 Europe/Berlin] First query failed: SQLSTATE[42S22]: Column not found: 1054 Unknown column 'b.booking_status' in 'where clause'
[27-Nov-2025 17:36:13 Europe/Berlin] First query failed: SQLSTATE[42S22]: Column not found: 1054 Unknown column 'b.booking_status' in 'where clause'
[27-Nov-2025 17:36:13 Europe/Berlin] First query failed: SQLSTATE[42S22]: Column not found: 1054 Unknown column 'b.booking_status' in 'where clause'
[27-Nov-2025 17:47:34 Europe/Berlin] First query failed: SQLSTATE[42S22]: Column not found: 1054 Unknown column 'b.booking_status' in 'where clause'
[27-Nov-2025 17:47:34 Europe/Berlin] First query failed: SQLSTATE[42S22]: Column not found: 1054 Unknown column 'b.booking_status' in 'where clause'
[27-Nov-2025 17:47:37 Europe/Berlin] First query failed: SQLSTATE[42S22]: Column not found: 1054 Unknown column 'b.booking_status' in 'where clause'
[27-Nov-2025 17:47:37 Europe/Berlin] First query failed: SQLSTATE[42S22]: Column not found: 1054 Unknown column 'b.booking_status' in 'where clause'
[27-Nov-2025 18:00:17 Europe/Berlin] First query failed: SQLSTATE[42S22]: Column not found: 1054 Unknown column 'b.booking_status' in 'where clause'
[27-Nov-2025 18:00:17 Europe/Berlin] First query failed: SQLSTATE[42S22]: Column not found: 1054 Unknown column 'b.booking_status' in 'where clause'
[27-Nov-2025 18:00:20 Europe/Berlin] First query failed: SQLSTATE[42S22]: Column not found: 1054 Unknown column 'b.booking_status' in 'where clause'
[27-Nov-2025 18:00:20 Europe/Berlin] First query failed: SQLSTATE[42S22]: Column not found: 1054 Unknown column 'b.booking_status' in 'where clause'
[27-Nov-2025 18:00:22 Europe/Berlin] First query failed: SQLSTATE[42S22]: Column not found: 1054 Unknown column 'b.booking_status' in 'where clause'
[27-Nov-2025 18:00:22 Europe/Berlin] First query failed: SQLSTATE[42S22]: Column not found: 1054 Unknown column 'b.booking_status' in 'where clause'
[27-Nov-2025 18:00:48 Europe/Berlin] First query failed: SQLSTATE[42S22]: Column not found: 1054 Unknown column 'b.booking_status' in 'where clause'
[27-Nov-2025 18:00:48 Europe/Berlin] First query failed: SQLSTATE[42S22]: Column not found: 1054 Unknown column 'b.booking_status' in 'where clause'
[27-Nov-2025 18:00:51 Europe/Berlin] First query failed: SQLSTATE[42S22]: Column not found: 1054 Unknown column 'b.booking_status' in 'where clause'
[27-Nov-2025 18:00:51 Europe/Berlin] First query failed: SQLSTATE[42S22]: Column not found: 1054 Unknown column 'b.booking_status' in 'where clause'
[27-Nov-2025 18:00:54 Europe/Berlin] First query failed: SQLSTATE[42S22]: Column not found: 1054 Unknown column 'b.booking_status' in 'where clause'
[27-Nov-2025 18:00:54 Europe/Berlin] First query failed: SQLSTATE[42S22]: Column not found: 1054 Unknown column 'b.booking_status' in 'where clause'
[27-Nov-2025 18:08:35 Europe/Berlin] First query failed: SQLSTATE[42S22]: Column not found: 1054 Unknown column 'b.booking_status' in 'where clause'
[27-Nov-2025 18:08:35 Europe/Berlin] First query failed: SQLSTATE[42S22]: Column not found: 1054 Unknown column 'b.booking_status' in 'where clause'
[27-Nov-2025 18:08:41 Europe/Berlin] First query failed: SQLSTATE[42S22]: Column not found: 1054 Unknown column 'b.booking_status' in 'where clause'
[27-Nov-2025 18:08:41 Europe/Berlin] First query failed: SQLSTATE[42S22]: Column not found: 1054 Unknown column 'b.booking_status' in 'where clause'
[27-Nov-2025 18:08:43 Europe/Berlin] First query failed: SQLSTATE[42S22]: Column not found: 1054 Unknown column 'b.booking_status' in 'where clause'
[27-Nov-2025 18:08:43 Europe/Berlin] First query failed: SQLSTATE[42S22]: Column not found: 1054 Unknown column 'b.booking_status' in 'where clause'
[28-Nov-2025 15:50:23 Europe/Berlin] First query failed: SQLSTATE[42S22]: Column not found: 1054 Unknown column 'b.booking_status' in 'where clause'
[28-Nov-2025 15:50:23 Europe/Berlin] First query failed: SQLSTATE[42S22]: Column not found: 1054 Unknown column 'b.booking_status' in 'where clause'
[28-Nov-2025 15:50:26 Europe/Berlin] First query failed: SQLSTATE[42S22]: Column not found: 1054 Unknown column 'b.booking_status' in 'where clause'
[28-Nov-2025 15:50:26 Europe/Berlin] First query failed: SQLSTATE[42S22]: Column not found: 1054 Unknown column 'b.booking_status' in 'where clause'
[28-Nov-2025 15:50:29 Europe/Berlin] First query failed: SQLSTATE[42S22]: Column not found: 1054 Unknown column 'b.booking_status' in 'where clause'
[28-Nov-2025 15:50:29 Europe/Berlin] First query failed: SQLSTATE[42S22]: Column not found: 1054 Unknown column 'b.booking_status' in 'where clause'
[28-Nov-2025 15:50:32 Europe/Berlin] First query failed: SQLSTATE[42S22]: Column not found: 1054 Unknown column 'b.booking_status' in 'where clause'
[28-Nov-2025 15:50:32 Europe/Berlin] First query failed: SQLSTATE[42S22]: Column not found: 1054 Unknown column 'b.booking_status' in 'where clause'
[28-Nov-2025 15:50:34 Europe/Berlin] First query failed: SQLSTATE[42S22]: Column not found: 1054 Unknown column 'b.booking_status' in 'where clause'
[28-Nov-2025 15:50:34 Europe/Berlin] First query failed: SQLSTATE[42S22]: Column not found: 1054 Unknown column 'b.booking_status' in 'where clause'
[28-Nov-2025 15:55:37 Europe/Berlin] First query failed: SQLSTATE[42S22]: Column not found: 1054 Unknown column 'b.booking_status' in 'where clause'
[28-Nov-2025 15:55:37 Europe/Berlin] First query failed: SQLSTATE[42S22]: Column not found: 1054 Unknown column 'b.booking_status' in 'where clause'
[28-Nov-2025 15:55:41 Europe/Berlin] First query failed: SQLSTATE[42S22]: Column not found: 1054 Unknown column 'b.booking_status' in 'where clause'
[28-Nov-2025 15:55:41 Europe/Berlin] First query failed: SQLSTATE[42S22]: Column not found: 1054 Unknown column 'b.booking_status' in 'where clause'
[28-Nov-2025 15:55:43 Europe/Berlin] First query failed: SQLSTATE[42S22]: Column not found: 1054 Unknown column 'b.booking_status' in 'where clause'
[28-Nov-2025 15:55:43 Europe/Berlin] First query failed: SQLSTATE[42S22]: Column not found: 1054 Unknown column 'b.booking_status' in 'where clause'
[28-Nov-2025 16:04:12 Europe/Berlin] First query failed: SQLSTATE[42S22]: Column not found: 1054 Unknown column 'b.booking_status' in 'where clause'
[28-Nov-2025 16:04:12 Europe/Berlin] First query failed: SQLSTATE[42S22]: Column not found: 1054 Unknown column 'b.booking_status' in 'where clause'
[28-Nov-2025 16:04:15 Europe/Berlin] First query failed: SQLSTATE[42S22]: Column not found: 1054 Unknown column 'b.booking_status' in 'where clause'
[28-Nov-2025 16:04:15 Europe/Berlin] First query failed: SQLSTATE[42S22]: Column not found: 1054 Unknown column 'b.booking_status' in 'where clause'
[28-Nov-2025 16:04:18 Europe/Berlin] First query failed: SQLSTATE[42S22]: Column not found: 1054 Unknown column 'b.booking_status' in 'where clause'
[28-Nov-2025 16:04:18 Europe/Berlin] First query failed: SQLSTATE[42S22]: Column not found: 1054 Unknown column 'b.booking_status' in 'where clause'
[28-Nov-2025 16:05:07 Europe/Berlin] First query failed: SQLSTATE[42S22]: Column not found: 1054 Unknown column 'b.booking_status' in 'where clause'
[28-Nov-2025 16:05:07 Europe/Berlin] First query failed: SQLSTATE[42S22]: Column not found: 1054 Unknown column 'b.booking_status' in 'where clause'
[28-Nov-2025 16:05:12 Europe/Berlin] First query failed: SQLSTATE[42S22]: Column not found: 1054 Unknown column 'b.booking_status' in 'where clause'
[28-Nov-2025 16:05:12 Europe/Berlin] First query failed: SQLSTATE[42S22]: Column not found: 1054 Unknown column 'b.booking_status' in 'where clause'
[28-Nov-2025 16:05:14 Europe/Berlin] First query failed: SQLSTATE[42S22]: Column not found: 1054 Unknown column 'b.booking_status' in 'where clause'
[28-Nov-2025 16:05:14 Europe/Berlin] First query failed: SQLSTATE[42S22]: Column not found: 1054 Unknown column 'b.booking_status' in 'where clause'
[28-Nov-2025 16:11:04 Europe/Berlin] First query failed: SQLSTATE[42S22]: Column not found: 1054 Unknown column 'b.booking_status' in 'where clause'
[28-Nov-2025 16:11:04 Europe/Berlin] First query failed: SQLSTATE[42S22]: Column not found: 1054 Unknown column 'b.booking_status' in 'where clause'
[28-Nov-2025 16:11:08 Europe/Berlin] First query failed: SQLSTATE[42S22]: Column not found: 1054 Unknown column 'b.booking_status' in 'where clause'
[28-Nov-2025 16:11:08 Europe/Berlin] First query failed: SQLSTATE[42S22]: Column not found: 1054 Unknown column 'b.booking_status' in 'where clause'
[28-Nov-2025 16:11:10 Europe/Berlin] First query failed: SQLSTATE[42S22]: Column not found: 1054 Unknown column 'b.booking_status' in 'where clause'
[28-Nov-2025 16:11:10 Europe/Berlin] First query failed: SQLSTATE[42S22]: Column not found: 1054 Unknown column 'b.booking_status' in 'where clause'
[28-Nov-2025 16:33:24 Europe/Berlin] First query failed: SQLSTATE[42S22]: Column not found: 1054 Unknown column 'b.booking_status' in 'where clause'
[28-Nov-2025 16:33:24 Europe/Berlin] First query failed: SQLSTATE[42S22]: Column not found: 1054 Unknown column 'b.booking_status' in 'where clause'
[28-Nov-2025 16:33:27 Europe/Berlin] First query failed: SQLSTATE[42S22]: Column not found: 1054 Unknown column 'b.booking_status' in 'where clause'
[28-Nov-2025 16:33:27 Europe/Berlin] First query failed: SQLSTATE[42S22]: Column not found: 1054 Unknown column 'b.booking_status' in 'where clause'
[28-Nov-2025 16:33:42 Europe/Berlin] First query failed: SQLSTATE[42S22]: Column not found: 1054 Unknown column 'b.booking_status' in 'where clause'
[28-Nov-2025 16:33:42 Europe/Berlin] First query failed: SQLSTATE[42S22]: Column not found: 1054 Unknown column 'b.booking_status' in 'where clause'
[28-Nov-2025 16:34:28 Europe/Berlin] First query failed: SQLSTATE[42S22]: Column not found: 1054 Unknown column 'b.booking_status' in 'where clause'
[28-Nov-2025 16:34:28 Europe/Berlin] First query failed: SQLSTATE[42S22]: Column not found: 1054 Unknown column 'b.booking_status' in 'where clause'
[28-Nov-2025 16:34:32 Europe/Berlin] First query failed: SQLSTATE[42S22]: Column not found: 1054 Unknown column 'b.booking_status' in 'where clause'
[28-Nov-2025 16:34:32 Europe/Berlin] First query failed: SQLSTATE[42S22]: Column not found: 1054 Unknown column 'b.booking_status' in 'where clause'
[28-Nov-2025 16:34:34 Europe/Berlin] First query failed: SQLSTATE[42S22]: Column not found: 1054 Unknown column 'b.booking_status' in 'where clause'
[28-Nov-2025 16:34:34 Europe/Berlin] First query failed: SQLSTATE[42S22]: Column not found: 1054 Unknown column 'b.booking_status' in 'where clause'
[28-Nov-2025 16:39:37 Europe/Berlin] First query failed: SQLSTATE[42S22]: Column not found: 1054 Unknown column 'b.booking_status' in 'where clause'
[28-Nov-2025 16:39:37 Europe/Berlin] First query failed: SQLSTATE[42S22]: Column not found: 1054 Unknown column 'b.booking_status' in 'where clause'
[28-Nov-2025 16:39:39 Europe/Berlin] First query failed: SQLSTATE[42S22]: Column not found: 1054 Unknown column 'b.booking_status' in 'where clause'
[28-Nov-2025 16:39:39 Europe/Berlin] First query failed: SQLSTATE[42S22]: Column not found: 1054 Unknown column 'b.booking_status' in 'where clause'
[28-Nov-2025 16:59:38 Europe/Berlin] First query failed: SQLSTATE[42S22]: Column not found: 1054 Unknown column 'b.booking_status' in 'where clause'
[28-Nov-2025 16:59:38 Europe/Berlin] First query failed: SQLSTATE[42S22]: Column not found: 1054 Unknown column 'b.booking_status' in 'where clause'
[28-Nov-2025 16:59:40 Europe/Berlin] First query failed: SQLSTATE[42S22]: Column not found: 1054 Unknown column 'b.booking_status' in 'where clause'
[28-Nov-2025 16:59:40 Europe/Berlin] First query failed: SQLSTATE[42S22]: Column not found: 1054 Unknown column 'b.booking_status' in 'where clause'
[28-Nov-2025 17:03:13 Europe/Berlin] First query failed: SQLSTATE[42S22]: Column not found: 1054 Unknown column 'b.booking_status' in 'where clause'
[28-Nov-2025 17:03:15 Europe/Berlin] First query failed: SQLSTATE[42S22]: Column not found: 1054 Unknown column 'b.booking_status' in 'where clause'
[28-Nov-2025 17:07:52 Europe/Berlin] First query failed: SQLSTATE[42S22]: Column not found: 1054 Unknown column 'b.booking_status' in 'where clause'
[28-Nov-2025 17:08:15 Europe/Berlin] First query failed: SQLSTATE[42S22]: Column not found: 1054 Unknown column 'b.booking_status' in 'where clause'
[28-Nov-2025 17:08:15 Europe/Berlin] First query failed: SQLSTATE[42S22]: Column not found: 1054 Unknown column 'b.booking_status' in 'where clause'
[28-Nov-2025 17:08:17 Europe/Berlin] First query failed: SQLSTATE[42S22]: Column not found: 1054 Unknown column 'b.booking_status' in 'where clause'
[28-Nov-2025 17:08:17 Europe/Berlin] First query failed: SQLSTATE[42S22]: Column not found: 1054 Unknown column 'b.booking_status' in 'where clause'
[28-Nov-2025 17:16:18 Europe/Berlin] First query failed: SQLSTATE[42S22]: Column not found: 1054 Unknown column 'b.booking_status' in 'where clause'
[28-Nov-2025 17:16:18 Europe/Berlin] First query failed: SQLSTATE[42S22]: Column not found: 1054 Unknown column 'b.booking_status' in 'where clause'
[28-Nov-2025 17:16:21 Europe/Berlin] First query failed: SQLSTATE[42S22]: Column not found: 1054 Unknown column 'b.booking_status' in 'where clause'
[28-Nov-2025 17:16:21 Europe/Berlin] First query failed: SQLSTATE[42S22]: Column not found: 1054 Unknown column 'b.booking_status' in 'where clause'
[28-Nov-2025 17:32:45 Europe/Berlin] First query failed: SQLSTATE[42S22]: Column not found: 1054 Unknown column 'b.booking_status' in 'where clause'
[28-Nov-2025 17:32:45 Europe/Berlin] First query failed: SQLSTATE[42S22]: Column not found: 1054 Unknown column 'b.booking_status' in 'where clause'
[28-Nov-2025 17:32:46 Europe/Berlin] First query failed: SQLSTATE[42S22]: Column not found: 1054 Unknown column 'b.booking_status' in 'where clause'
[28-Nov-2025 17:32:46 Europe/Berlin] First query failed: SQLSTATE[42S22]: Column not found: 1054 Unknown column 'b.booking_status' in 'where clause'
[28-Nov-2025 18:11:44 Europe/Berlin] First query failed: SQLSTATE[42S22]: Column not found: 1054 Unknown column 'b.booking_status' in 'where clause'
[28-Nov-2025 18:11:44 Europe/Berlin] First query failed: SQLSTATE[42S22]: Column not found: 1054 Unknown column 'b.booking_status' in 'where clause'
[28-Nov-2025 18:11:48 Europe/Berlin] First query failed: SQLSTATE[42S22]: Column not found: 1054 Unknown column 'b.booking_status' in 'where clause'
[28-Nov-2025 18:11:48 Europe/Berlin] First query failed: SQLSTATE[42S22]: Column not found: 1054 Unknown column 'b.booking_status' in 'where clause'
[28-Nov-2025 18:18:01 Europe/Berlin] First query failed: SQLSTATE[42S22]: Column not found: 1054 Unknown column 'b.booking_status' in 'where clause'
[28-Nov-2025 18:18:01 Europe/Berlin] First query failed: SQLSTATE[42S22]: Column not found: 1054 Unknown column 'b.booking_status' in 'where clause'
[28-Nov-2025 18:23:18 Europe/Berlin] First query failed: SQLSTATE[42S22]: Column not found: 1054 Unknown column 'b.booking_status' in 'where clause'
[28-Nov-2025 18:23:18 Europe/Berlin] First query failed: SQLSTATE[42S22]: Column not found: 1054 Unknown column 'b.booking_status' in 'where clause'
[28-Nov-2025 18:23:21 Europe/Berlin] First query failed: SQLSTATE[42S22]: Column not found: 1054 Unknown column 'b.booking_status' in 'where clause'
[28-Nov-2025 18:23:21 Europe/Berlin] First query failed: SQLSTATE[42S22]: Column not found: 1054 Unknown column 'b.booking_status' in 'where clause'
[28-Nov-2025 18:23:25 Europe/Berlin] First query failed: SQLSTATE[42S22]: Column not found: 1054 Unknown column 'b.booking_status' in 'where clause'
[28-Nov-2025 18:23:25 Europe/Berlin] First query failed: SQLSTATE[42S22]: Column not found: 1054 Unknown column 'b.booking_status' in 'where clause'
[28-Nov-2025 18:28:04 Europe/Berlin] First query failed: SQLSTATE[42S22]: Column not found: 1054 Unknown column 'b.booking_status' in 'where clause'
[28-Nov-2025 18:28:04 Europe/Berlin] First query failed: SQLSTATE[42S22]: Column not found: 1054 Unknown column 'b.booking_status' in 'where clause'
[28-Nov-2025 18:28:07 Europe/Berlin] First query failed: SQLSTATE[42S22]: Column not found: 1054 Unknown column 'b.booking_status' in 'where clause'
[28-Nov-2025 18:28:07 Europe/Berlin] First query failed: SQLSTATE[42S22]: Column not found: 1054 Unknown column 'b.booking_status' in 'where clause'
[28-Nov-2025 18:28:11 Europe/Berlin] First query failed: SQLSTATE[42S22]: Column not found: 1054 Unknown column 'b.booking_status' in 'where clause'
[28-Nov-2025 18:28:11 Europe/Berlin] First query failed: SQLSTATE[42S22]: Column not found: 1054 Unknown column 'b.booking_status' in 'where clause'
[28-Nov-2025 18:29:25 Europe/Berlin] First query failed: SQLSTATE[42S22]: Column not found: 1054 Unknown column 'b.booking_status' in 'where clause'
[28-Nov-2025 18:29:25 Europe/Berlin] First query failed: SQLSTATE[42S22]: Column not found: 1054 Unknown column 'b.booking_status' in 'where clause'
[28-Nov-2025 18:29:27 Europe/Berlin] First query failed: SQLSTATE[42S22]: Column not found: 1054 Unknown column 'b.booking_status' in 'where clause'
[28-Nov-2025 18:29:27 Europe/Berlin] First query failed: SQLSTATE[42S22]: Column not found: 1054 Unknown column 'b.booking_status' in 'where clause'
[28-Nov-2025 18:29:30 Europe/Berlin] First query failed: SQLSTATE[42S22]: Column not found: 1054 Unknown column 'b.booking_status' in 'where clause'
[28-Nov-2025 18:29:30 Europe/Berlin] First query failed: SQLSTATE[42S22]: Column not found: 1054 Unknown column 'b.booking_status' in 'where clause'
[28-Nov-2025 18:43:17 Europe/Berlin] First query failed: SQLSTATE[42S22]: Column not found: 1054 Unknown column 'b.booking_status' in 'where clause'
[28-Nov-2025 18:43:17 Europe/Berlin] First query failed: SQLSTATE[42S22]: Column not found: 1054 Unknown column 'b.booking_status' in 'where clause'
[28-Nov-2025 18:43:20 Europe/Berlin] First query failed: SQLSTATE[42S22]: Column not found: 1054 Unknown column 'b.booking_status' in 'where clause'
[28-Nov-2025 18:43:21 Europe/Berlin] First query failed: SQLSTATE[42S22]: Column not found: 1054 Unknown column 'b.booking_status' in 'where clause'
[28-Nov-2025 18:43:23 Europe/Berlin] First query failed: SQLSTATE[42S22]: Column not found: 1054 Unknown column 'b.booking_status' in 'where clause'
[28-Nov-2025 18:43:23 Europe/Berlin] First query failed: SQLSTATE[42S22]: Column not found: 1054 Unknown column 'b.booking_status' in 'where clause'
[28-Nov-2025 18:47:44 Europe/Berlin] First query failed: SQLSTATE[42S22]: Column not found: 1054 Unknown column 'b.booking_status' in 'where clause'
[28-Nov-2025 18:47:44 Europe/Berlin] First query failed: SQLSTATE[42S22]: Column not found: 1054 Unknown column 'b.booking_status' in 'where clause'
[29-Nov-2025 03:05:06 Europe/Berlin] First query failed: SQLSTATE[42S22]: Column not found: 1054 Unknown column 'b.booking_status' in 'where clause'
[29-Nov-2025 03:05:06 Europe/Berlin] First query failed: SQLSTATE[42S22]: Column not found: 1054 Unknown column 'b.booking_status' in 'where clause'
[29-Nov-2025 03:32:19 Europe/Berlin] First query failed: SQLSTATE[42S22]: Column not found: 1054 Unknown column 'b.booking_status' in 'where clause'
[29-Nov-2025 03:32:26 Europe/Berlin] First query failed: SQLSTATE[42S22]: Column not found: 1054 Unknown column 'b.booking_status' in 'where clause'
[29-Nov-2025 03:34:01 Europe/Berlin] First query failed: SQLSTATE[42S22]: Column not found: 1054 Unknown column 'b.booking_status' in 'where clause'
[29-Nov-2025 03:34:01 Europe/Berlin] First query failed: SQLSTATE[42S22]: Column not found: 1054 Unknown column 'b.booking_status' in 'where clause'
[29-Nov-2025 03:34:05 Europe/Berlin] First query failed: SQLSTATE[42S22]: Column not found: 1054 Unknown column 'b.booking_status' in 'where clause'
[29-Nov-2025 03:34:05 Europe/Berlin] First query failed: SQLSTATE[42S22]: Column not found: 1054 Unknown column 'b.booking_status' in 'where clause'
[29-Nov-2025 03:34:08 Europe/Berlin] First query failed: SQLSTATE[42S22]: Column not found: 1054 Unknown column 'b.booking_status' in 'where clause'
[29-Nov-2025 03:34:08 Europe/Berlin] First query failed: SQLSTATE[42S22]: Column not found: 1054 Unknown column 'b.booking_status' in 'where clause'
[29-Nov-2025 03:37:37 Europe/Berlin] First query failed: SQLSTATE[42S22]: Column not found: 1054 Unknown column 'b.booking_status' in 'where clause'
[29-Nov-2025 03:37:37 Europe/Berlin] First query failed: SQLSTATE[42S22]: Column not found: 1054 Unknown column 'b.booking_status' in 'where clause'
[29-Nov-2025 03:37:41 Europe/Berlin] First query failed: SQLSTATE[42S22]: Column not found: 1054 Unknown column 'b.booking_status' in 'where clause'
[29-Nov-2025 03:37:41 Europe/Berlin] First query failed: SQLSTATE[42S22]: Column not found: 1054 Unknown column 'b.booking_status' in 'where clause'
[29-Nov-2025 03:37:45 Europe/Berlin] First query failed: SQLSTATE[42S22]: Column not found: 1054 Unknown column 'b.booking_status' in 'where clause'
[29-Nov-2025 03:37:45 Europe/Berlin] First query failed: SQLSTATE[42S22]: Column not found: 1054 Unknown column 'b.booking_status' in 'where clause'
[29-Nov-2025 03:37:52 Europe/Berlin] First query failed: SQLSTATE[42S22]: Column not found: 1054 Unknown column 'b.booking_status' in 'where clause'
[29-Nov-2025 03:37:52 Europe/Berlin] First query failed: SQLSTATE[42S22]: Column not found: 1054 Unknown column 'b.booking_status' in 'where clause'
[29-Nov-2025 03:39:19 Europe/Berlin] First query failed: SQLSTATE[42S22]: Column not found: 1054 Unknown column 'b.booking_status' in 'where clause'
[29-Nov-2025 03:39:19 Europe/Berlin] First query failed: SQLSTATE[42S22]: Column not found: 1054 Unknown column 'b.booking_status' in 'where clause'
[29-Nov-2025 03:39:23 Europe/Berlin] First query failed: SQLSTATE[42S22]: Column not found: 1054 Unknown column 'b.booking_status' in 'where clause'
[29-Nov-2025 03:39:23 Europe/Berlin] First query failed: SQLSTATE[42S22]: Column not found: 1054 Unknown column 'b.booking_status' in 'where clause'
[29-Nov-2025 03:39:26 Europe/Berlin] First query failed: SQLSTATE[42S22]: Column not found: 1054 Unknown column 'b.booking_status' in 'where clause'
[29-Nov-2025 03:39:26 Europe/Berlin] First query failed: SQLSTATE[42S22]: Column not found: 1054 Unknown column 'b.booking_status' in 'where clause'
[29-Nov-2025 03:39:29 Europe/Berlin] First query failed: SQLSTATE[42S22]: Column not found: 1054 Unknown column 'b.booking_status' in 'where clause'
[29-Nov-2025 03:39:29 Europe/Berlin] First query failed: SQLSTATE[42S22]: Column not found: 1054 Unknown column 'b.booking_status' in 'where clause'
[29-Nov-2025 03:42:10 Europe/Berlin] First query failed: SQLSTATE[42S22]: Column not found: 1054 Unknown column 'b.booking_status' in 'where clause'
[29-Nov-2025 03:42:10 Europe/Berlin] First query failed: SQLSTATE[42S22]: Column not found: 1054 Unknown column 'b.booking_status' in 'where clause'
[29-Nov-2025 03:42:13 Europe/Berlin] First query failed: SQLSTATE[42S22]: Column not found: 1054 Unknown column 'b.booking_status' in 'where clause'
[29-Nov-2025 03:42:13 Europe/Berlin] First query failed: SQLSTATE[42S22]: Column not found: 1054 Unknown column 'b.booking_status' in 'where clause'
[29-Nov-2025 03:42:15 Europe/Berlin] First query failed: SQLSTATE[42S22]: Column not found: 1054 Unknown column 'b.booking_status' in 'where clause'
[29-Nov-2025 03:42:15 Europe/Berlin] First query failed: SQLSTATE[42S22]: Column not found: 1054 Unknown column 'b.booking_status' in 'where clause'
[29-Nov-2025 04:15:24 Europe/Berlin] First query failed: SQLSTATE[42S22]: Column not found: 1054 Unknown column 'b.booking_status' in 'where clause'
[29-Nov-2025 04:15:24 Europe/Berlin] First query failed: SQLSTATE[42S22]: Column not found: 1054 Unknown column 'b.booking_status' in 'where clause'
[29-Nov-2025 04:16:23 Europe/Berlin] First query failed: SQLSTATE[42S22]: Column not found: 1054 Unknown column 'b.booking_status' in 'where clause'
[29-Nov-2025 04:16:23 Europe/Berlin] First query failed: SQLSTATE[42S22]: Column not found: 1054 Unknown column 'b.booking_status' in 'where clause'
[29-Nov-2025 04:16:26 Europe/Berlin] First query failed: SQLSTATE[42S22]: Column not found: 1054 Unknown column 'b.booking_status' in 'where clause'
[29-Nov-2025 04:16:26 Europe/Berlin] First query failed: SQLSTATE[42S22]: Column not found: 1054 Unknown column 'b.booking_status' in 'where clause'
[29-Nov-2025 04:16:28 Europe/Berlin] First query failed: SQLSTATE[42S22]: Column not found: 1054 Unknown column 'b.booking_status' in 'where clause'
[29-Nov-2025 04:16:28 Europe/Berlin] First query failed: SQLSTATE[42S22]: Column not found: 1054 Unknown column 'b.booking_status' in 'where clause'
[29-Nov-2025 04:18:13 Europe/Berlin] First query failed: SQLSTATE[42S22]: Column not found: 1054 Unknown column 'b.booking_status' in 'where clause'
[29-Nov-2025 04:18:13 Europe/Berlin] First query failed: SQLSTATE[42S22]: Column not found: 1054 Unknown column 'b.booking_status' in 'where clause'
[29-Nov-2025 04:18:15 Europe/Berlin] First query failed: SQLSTATE[42S22]: Column not found: 1054 Unknown column 'b.booking_status' in 'where clause'
[29-Nov-2025 04:18:15 Europe/Berlin] First query failed: SQLSTATE[42S22]: Column not found: 1054 Unknown column 'b.booking_status' in 'where clause'
[29-Nov-2025 04:36:01 Europe/Berlin] First query failed: SQLSTATE[42S22]: Column not found: 1054 Unknown column 'b.booking_status' in 'where clause'
[29-Nov-2025 04:36:01 Europe/Berlin] First query failed: SQLSTATE[42S22]: Column not found: 1054 Unknown column 'b.booking_status' in 'where clause'
[29-Nov-2025 04:36:03 Europe/Berlin] First query failed: SQLSTATE[42S22]: Column not found: 1054 Unknown column 'b.booking_status' in 'where clause'
[29-Nov-2025 04:36:03 Europe/Berlin] First query failed: SQLSTATE[42S22]: Column not found: 1054 Unknown column 'b.booking_status' in 'where clause'
[29-Nov-2025 04:36:05 Europe/Berlin] First query failed: SQLSTATE[42S22]: Column not found: 1054 Unknown column 'b.booking_status' in 'where clause'
[29-Nov-2025 04:36:05 Europe/Berlin] First query failed: SQLSTATE[42S22]: Column not found: 1054 Unknown column 'b.booking_status' in 'where clause'
[29-Nov-2025 05:21:24 Europe/Berlin] First query failed: SQLSTATE[42S22]: Column not found: 1054 Unknown column 'b.booking_status' in 'where clause'
[29-Nov-2025 05:21:24 Europe/Berlin] First query failed: SQLSTATE[42S22]: Column not found: 1054 Unknown column 'b.booking_status' in 'where clause'
[29-Nov-2025 05:21:27 Europe/Berlin] First query failed: SQLSTATE[42S22]: Column not found: 1054 Unknown column 'b.booking_status' in 'where clause'
[29-Nov-2025 05:21:27 Europe/Berlin] First query failed: SQLSTATE[42S22]: Column not found: 1054 Unknown column 'b.booking_status' in 'where clause'
[29-Nov-2025 05:21:29 Europe/Berlin] First query failed: SQLSTATE[42S22]: Column not found: 1054 Unknown column 'b.booking_status' in 'where clause'
[29-Nov-2025 05:21:29 Europe/Berlin] First query failed: SQLSTATE[42S22]: Column not found: 1054 Unknown column 'b.booking_status' in 'where clause'
[29-Nov-2025 05:22:10 Europe/Berlin] First query failed: SQLSTATE[42S22]: Column not found: 1054 Unknown column 'b.booking_status' in 'where clause'
[29-Nov-2025 05:22:10 Europe/Berlin] First query failed: SQLSTATE[42S22]: Column not found: 1054 Unknown column 'b.booking_status' in 'where clause'
[29-Nov-2025 05:22:11 Europe/Berlin] First query failed: SQLSTATE[42S22]: Column not found: 1054 Unknown column 'b.booking_status' in 'where clause'
[29-Nov-2025 05:22:11 Europe/Berlin] First query failed: SQLSTATE[42S22]: Column not found: 1054 Unknown column 'b.booking_status' in 'where clause'
[29-Nov-2025 05:22:38 Europe/Berlin] First query failed: SQLSTATE[42S22]: Column not found: 1054 Unknown column 'b.booking_status' in 'where clause'
[29-Nov-2025 05:22:38 Europe/Berlin] First query failed: SQLSTATE[42S22]: Column not found: 1054 Unknown column 'b.booking_status' in 'where clause'
[29-Nov-2025 05:22:39 Europe/Berlin] First query failed: SQLSTATE[42S22]: Column not found: 1054 Unknown column 'b.booking_status' in 'where clause'
[29-Nov-2025 05:22:39 Europe/Berlin] First query failed: SQLSTATE[42S22]: Column not found: 1054 Unknown column 'b.booking_status' in 'where clause'
[29-Nov-2025 05:23:31 Europe/Berlin] First query failed: SQLSTATE[42S22]: Column not found: 1054 Unknown column 'b.booking_status' in 'where clause'
[29-Nov-2025 05:23:31 Europe/Berlin] First query failed: SQLSTATE[42S22]: Column not found: 1054 Unknown column 'b.booking_status' in 'where clause'
[29-Nov-2025 05:23:34 Europe/Berlin] First query failed: SQLSTATE[42S22]: Column not found: 1054 Unknown column 'b.booking_status' in 'where clause'
[29-Nov-2025 05:23:34 Europe/Berlin] First query failed: SQLSTATE[42S22]: Column not found: 1054 Unknown column 'b.booking_status' in 'where clause'
[29-Nov-2025 06:36:54 Europe/Berlin] First query failed: SQLSTATE[42S22]: Column not found: 1054 Unknown column 'b.booking_status' in 'where clause'
[29-Nov-2025 06:36:54 Europe/Berlin] First query failed: SQLSTATE[42S22]: Column not found: 1054 Unknown column 'b.booking_status' in 'where clause'
[29-Nov-2025 06:36:57 Europe/Berlin] First query failed: SQLSTATE[42S22]: Column not found: 1054 Unknown column 'b.booking_status' in 'where clause'
[29-Nov-2025 06:36:57 Europe/Berlin] First query failed: SQLSTATE[42S22]: Column not found: 1054 Unknown column 'b.booking_status' in 'where clause'
[29-Nov-2025 06:37:01 Europe/Berlin] First query failed: SQLSTATE[42S22]: Column not found: 1054 Unknown column 'b.booking_status' in 'where clause'
[29-Nov-2025 06:37:01 Europe/Berlin] First query failed: SQLSTATE[42S22]: Column not found: 1054 Unknown column 'b.booking_status' in 'where clause'
[29-Nov-2025 06:37:03 Europe/Berlin] First query failed: SQLSTATE[42S22]: Column not found: 1054 Unknown column 'b.booking_status' in 'where clause'
[29-Nov-2025 06:37:03 Europe/Berlin] First query failed: SQLSTATE[42S22]: Column not found: 1054 Unknown column 'b.booking_status' in 'where clause'
[29-Nov-2025 07:31:48 Europe/Berlin] First query failed: SQLSTATE[42S22]: Column not found: 1054 Unknown column 'b.booking_status' in 'where clause'
[29-Nov-2025 07:31:48 Europe/Berlin] First query failed: SQLSTATE[42S22]: Column not found: 1054 Unknown column 'b.booking_status' in 'where clause'
[29-Nov-2025 07:31:48 Europe/Berlin] First query failed: SQLSTATE[42S22]: Column not found: 1054 Unknown column 'b.booking_status' in 'where clause'
[29-Nov-2025 07:31:48 Europe/Berlin] First query failed: SQLSTATE[42S22]: Column not found: 1054 Unknown column 'b.booking_status' in 'where clause'
[29-Nov-2025 07:48:44 Europe/Berlin] First query failed: SQLSTATE[42S22]: Column not found: 1054 Unknown column 'b.booking_status' in 'where clause'
[29-Nov-2025 07:48:44 Europe/Berlin] First query failed: SQLSTATE[42S22]: Column not found: 1054 Unknown column 'b.booking_status' in 'where clause'
[29-Nov-2025 07:48:51 Europe/Berlin] First query failed: SQLSTATE[42S22]: Column not found: 1054 Unknown column 'b.booking_status' in 'where clause'
[29-Nov-2025 07:48:51 Europe/Berlin] First query failed: SQLSTATE[42S22]: Column not found: 1054 Unknown column 'b.booking_status' in 'where clause'
[29-Nov-2025 07:48:51 Europe/Berlin] First query failed: SQLSTATE[42S22]: Column not found: 1054 Unknown column 'b.booking_status' in 'where clause'
[29-Nov-2025 07:48:51 Europe/Berlin] First query failed: SQLSTATE[42S22]: Column not found: 1054 Unknown column 'b.booking_status' in 'where clause'
[29-Nov-2025 07:48:54 Europe/Berlin] First query failed: SQLSTATE[42S22]: Column not found: 1054 Unknown column 'b.booking_status' in 'where clause'
[29-Nov-2025 07:48:54 Europe/Berlin] First query failed: SQLSTATE[42S22]: Column not found: 1054 Unknown column 'b.booking_status' in 'where clause'
[29-Nov-2025 08:18:10 Europe/Berlin] First query failed: SQLSTATE[42S22]: Column not found: 1054 Unknown column 'b.booking_status' in 'where clause'
[29-Nov-2025 08:18:10 Europe/Berlin] First query failed: SQLSTATE[42S22]: Column not found: 1054 Unknown column 'b.booking_status' in 'where clause'
[29-Nov-2025 08:18:12 Europe/Berlin] First query failed: SQLSTATE[42S22]: Column not found: 1054 Unknown column 'b.booking_status' in 'where clause'
[29-Nov-2025 08:18:12 Europe/Berlin] First query failed: SQLSTATE[42S22]: Column not found: 1054 Unknown column 'b.booking_status' in 'where clause'
[29-Nov-2025 08:20:41 Europe/Berlin] First query failed: SQLSTATE[42S22]: Column not found: 1054 Unknown column 'b.booking_status' in 'where clause'
[29-Nov-2025 08:20:41 Europe/Berlin] First query failed: SQLSTATE[42S22]: Column not found: 1054 Unknown column 'b.booking_status' in 'where clause'
[29-Nov-2025 08:20:44 Europe/Berlin] First query failed: SQLSTATE[42S22]: Column not found: 1054 Unknown column 'b.booking_status' in 'where clause'
[29-Nov-2025 08:20:44 Europe/Berlin] First query failed: SQLSTATE[42S22]: Column not found: 1054 Unknown column 'b.booking_status' in 'where clause'
[29-Nov-2025 08:50:55 Europe/Berlin] First query failed: SQLSTATE[42S22]: Column not found: 1054 Unknown column 'b.booking_status' in 'where clause'
[29-Nov-2025 08:50:55 Europe/Berlin] First query failed: SQLSTATE[42S22]: Column not found: 1054 Unknown column 'b.booking_status' in 'where clause'
[29-Nov-2025 08:51:04 Europe/Berlin] First query failed: SQLSTATE[42S22]: Column not found: 1054 Unknown column 'b.booking_status' in 'where clause'
[29-Nov-2025 08:51:04 Europe/Berlin] First query failed: SQLSTATE[42S22]: Column not found: 1054 Unknown column 'b.booking_status' in 'where clause'
[29-Nov-2025 08:51:06 Europe/Berlin] First query failed: SQLSTATE[42S22]: Column not found: 1054 Unknown column 'b.booking_status' in 'where clause'
[29-Nov-2025 08:51:06 Europe/Berlin] First query failed: SQLSTATE[42S22]: Column not found: 1054 Unknown column 'b.booking_status' in 'where clause'
[29-Nov-2025 13:54:31 Europe/Berlin] PHP Notice:  session_start(): Ignoring session_start() because a session is already active in D:\casaaa\htdocs\Admin\Customer\aa\room_availability.php on line 9
[29-Nov-2025 13:54:31 Europe/Berlin] PHP Warning:  Cannot modify header information - headers already sent by (output started at D:\casaaa\htdocs\Admin\Customer\aa\room_cards.php:24) in D:\casaaa\htdocs\Admin\Customer\aa\room_availability.php on line 14
[29-Nov-2025 13:57:21 Europe/Berlin] PHP Notice:  session_start(): Ignoring session_start() because a session is already active in D:\casaaa\htdocs\Admin\Customer\aa\room_availability.php on line 9
[29-Nov-2025 13:57:21 Europe/Berlin] PHP Warning:  Cannot modify header information - headers already sent by (output started at D:\casaaa\htdocs\Admin\Customer\aa\room_cards.php:25) in D:\casaaa\htdocs\Admin\Customer\aa\room_availability.php on line 14
[29-Nov-2025 13:57:23 Europe/Berlin] PHP Notice:  session_start(): Ignoring session_start() because a session is already active in D:\casaaa\htdocs\Admin\Customer\aa\room_availability.php on line 9
[29-Nov-2025 13:57:23 Europe/Berlin] PHP Warning:  Cannot modify header information - headers already sent by (output started at D:\casaaa\htdocs\Admin\Customer\aa\room_cards.php:25) in D:\casaaa\htdocs\Admin\Customer\aa\room_availability.php on line 14
[29-Nov-2025 13:57:24 Europe/Berlin] PHP Notice:  session_start(): Ignoring session_start() because a session is already active in D:\casaaa\htdocs\Admin\Customer\aa\room_availability.php on line 9
[29-Nov-2025 13:57:24 Europe/Berlin] PHP Warning:  Cannot modify header information - headers already sent by (output started at D:\casaaa\htdocs\Admin\Customer\aa\room_cards.php:25) in D:\casaaa\htdocs\Admin\Customer\aa\room_availability.php on line 14
[29-Nov-2025 14:02:16 Europe/Berlin] PHP Notice:  session_start(): Ignoring session_start() because a session is already active in D:\casaaa\htdocs\Admin\Customer\aa\room_availability.php on line 9
[29-Nov-2025 14:02:16 Europe/Berlin] PHP Warning:  Cannot modify header information - headers already sent by (output started at D:\casaaa\htdocs\Admin\Customer\aa\room_cards.php:25) in D:\casaaa\htdocs\Admin\Customer\aa\room_availability.php on line 14
[29-Nov-2025 14:11:43 Europe/Berlin] PHP Notice:  session_start(): Ignoring session_start() because a session is already active in D:\casaaa\htdocs\Admin\Customer\aa\room_availability.php on line 9
[29-Nov-2025 14:11:43 Europe/Berlin] PHP Warning:  Cannot modify header information - headers already sent by (output started at D:\casaaa\htdocs\Admin\Customer\aa\room_cards.php:56) in D:\casaaa\htdocs\Admin\Customer\aa\room_availability.php on line 14
[29-Nov-2025 14:26:40 Europe/Berlin] PHP Notice:  session_start(): Ignoring session_start() because a session is already active in D:\casaaa\htdocs\Admin\Customer\aa\room_availability.php on line 9
[29-Nov-2025 14:26:40 Europe/Berlin] PHP Warning:  Cannot modify header information - headers already sent by (output started at D:\casaaa\htdocs\Admin\Customer\aa\room_cards.php:53) in D:\casaaa\htdocs\Admin\Customer\aa\room_availability.php on line 14
[29-Nov-2025 14:27:07 Europe/Berlin] PHP Notice:  session_start(): Ignoring session_start() because a session is already active in D:\casaaa\htdocs\Admin\Customer\aa\room_availability.php on line 9
[29-Nov-2025 14:27:07 Europe/Berlin] PHP Warning:  Cannot modify header information - headers already sent by (output started at D:\casaaa\htdocs\Admin\Customer\aa\room_cards.php:53) in D:\casaaa\htdocs\Admin\Customer\aa\room_availability.php on line 14
[29-Nov-2025 14:29:36 Europe/Berlin] PHP Notice:  session_start(): Ignoring session_start() because a session is already active in D:\casaaa\htdocs\Admin\Customer\aa\room_availability.php on line 9
[29-Nov-2025 14:29:37 Europe/Berlin] PHP Warning:  Cannot modify header information - headers already sent by (output started at D:\casaaa\htdocs\Admin\Customer\aa\room_cards.php:53) in D:\casaaa\htdocs\Admin\Customer\aa\room_availability.php on line 14
[29-Nov-2025 14:30:44 Europe/Berlin] PHP Notice:  session_start(): Ignoring session_start() because a session is already active in D:\casaaa\htdocs\Admin\Customer\aa\room_availability.php on line 9
[29-Nov-2025 14:30:44 Europe/Berlin] PHP Warning:  Cannot modify header information - headers already sent by (output started at D:\casaaa\htdocs\Admin\Customer\aa\room_cards.php:53) in D:\casaaa\htdocs\Admin\Customer\aa\room_availability.php on line 14
[29-Nov-2025 14:32:11 Europe/Berlin] PHP Notice:  session_start(): Ignoring session_start() because a session is already active in D:\casaaa\htdocs\Admin\Customer\aa\room_availability.php on line 9
[29-Nov-2025 14:32:11 Europe/Berlin] PHP Warning:  Cannot modify header information - headers already sent by (output started at D:\casaaa\htdocs\Admin\Customer\aa\room_cards.php:53) in D:\casaaa\htdocs\Admin\Customer\aa\room_availability.php on line 14
[29-Nov-2025 14:37:49 Europe/Berlin] PHP Notice:  session_start(): Ignoring session_start() because a session is already active in D:\casaaa\htdocs\Admin\Customer\aa\room_availability.php on line 9
[29-Nov-2025 14:37:49 Europe/Berlin] PHP Warning:  Cannot modify header information - headers already sent by (output started at D:\casaaa\htdocs\Admin\Customer\aa\room_cards.php:82) in D:\casaaa\htdocs\Admin\Customer\aa\room_availability.php on line 14
[29-Nov-2025 14:39:01 Europe/Berlin] PHP Notice:  session_start(): Ignoring session_start() because a session is already active in D:\casaaa\htdocs\Admin\Customer\aa\room_availability.php on line 9
[29-Nov-2025 14:39:01 Europe/Berlin] PHP Warning:  Cannot modify header information - headers already sent by (output started at D:\casaaa\htdocs\Admin\Customer\aa\nav.php:89) in D:\casaaa\htdocs\Admin\Customer\aa\room_availability.php on line 14
[29-Nov-2025 14:40:59 Europe/Berlin] PHP Notice:  session_start(): Ignoring session_start() because a session is already active in D:\casaaa\htdocs\Admin\Customer\aa\room_availability.php on line 9
[29-Nov-2025 14:40:59 Europe/Berlin] PHP Warning:  Cannot modify header information - headers already sent by (output started at D:\casaaa\htdocs\Admin\Customer\aa\nav.php:89) in D:\casaaa\htdocs\Admin\Customer\aa\room_availability.php on line 14
[29-Nov-2025 14:42:58 Europe/Berlin] PHP Warning:  Cannot modify header information - headers already sent by (output started at D:\casaaa\htdocs\Admin\Customer\aa\nav.php:89) in D:\casaaa\htdocs\Admin\Customer\aa\room_availability.php on line 13
[29-Nov-2025 15:06:01 Europe/Berlin] PHP Warning:  session_start(): Session cannot be started after headers have already been sent in D:\casaaa\htdocs\Admin\Customer\aa\db_con.php on line 4
[29-Nov-2025 15:06:01 Europe/Berlin] Database error: SQLSTATE[42S02]: Base table or view not found: 1146 Table 'hotelms.booking_rooms' doesn't exist
[29-Nov-2025 15:06:09 Europe/Berlin] PHP Warning:  session_start(): Session cannot be started after headers have already been sent in D:\casaaa\htdocs\Admin\Customer\aa\db_con.php on line 4
[29-Nov-2025 15:06:09 Europe/Berlin] Database error: SQLSTATE[42S02]: Base table or view not found: 1146 Table 'hotelms.booking_rooms' doesn't exist
[29-Nov-2025 15:06:09 Europe/Berlin] PHP Warning:  session_start(): Session cannot be started after headers have already been sent in D:\casaaa\htdocs\Admin\Customer\aa\db_con.php on line 4
[29-Nov-2025 15:06:09 Europe/Berlin] Database error: SQLSTATE[42S02]: Base table or view not found: 1146 Table 'hotelms.booking_rooms' doesn't exist
[29-Nov-2025 15:16:44 Europe/Berlin] PHP Warning:  session_start(): Session cannot be started after headers have already been sent in D:\casaaa\htdocs\Admin\Customer\aa\db_con.php on line 4
[29-Nov-2025 15:16:44 Europe/Berlin] Database error: SQLSTATE[42S02]: Base table or view not found: 1146 Table 'hotelms.booking_rooms' doesn't exist
[29-Nov-2025 15:16:51 Europe/Berlin] PHP Warning:  session_start(): Session cannot be started after headers have already been sent in D:\casaaa\htdocs\Admin\Customer\aa\db_con.php on line 4
[29-Nov-2025 15:16:51 Europe/Berlin] Database error: SQLSTATE[42S02]: Base table or view not found: 1146 Table 'hotelms.booking_rooms' doesn't exist
[29-Nov-2025 15:16:58 Europe/Berlin] PHP Warning:  session_start(): Session cannot be started after headers have already been sent in D:\casaaa\htdocs\Admin\Customer\aa\db_con.php on line 4
[29-Nov-2025 15:16:58 Europe/Berlin] Database error: SQLSTATE[42S02]: Base table or view not found: 1146 Table 'hotelms.booking_rooms' doesn't exist
[29-Nov-2025 15:58:30 Europe/Berlin] PHP Warning:  session_start(): Session cannot be started after headers have already been sent in D:\casaaa\htdocs\Admin\Customer\aa\db_con.php on line 4
[29-Nov-2025 15:58:30 Europe/Berlin] Database error: SQLSTATE[42S02]: Base table or view not found: 1146 Table 'hotelms.booking_rooms' doesn't exist
[14-Dec-2025 15:59:57 Europe/Berlin] PHP Warning:  session_start(): Session cannot be started after headers have already been sent in D:\casaaa\htdocs\Admin\Customer\aa\db_con.php on line 4
[14-Dec-2025 15:59:57 Europe/Berlin] Database error: SQLSTATE[42S02]: Base table or view not found: 1146 Table 'hotelms.booking_rooms' doesn't exist
[14-Dec-2025 16:00:04 Europe/Berlin] PHP Warning:  session_start(): Session cannot be started after headers have already been sent in D:\casaaa\htdocs\Admin\Customer\aa\db_con.php on line 4
[14-Dec-2025 16:00:04 Europe/Berlin] Database error: SQLSTATE[42S02]: Base table or view not found: 1146 Table 'hotelms.booking_rooms' doesn't exist
[14-Dec-2025 16:01:04 Europe/Berlin] PHP Warning:  session_start(): Session cannot be started after headers have already been sent in D:\casaaa\htdocs\Admin\Customer\aa\db_con.php on line 4
[14-Dec-2025 16:01:04 Europe/Berlin] Database error: SQLSTATE[42S02]: Base table or view not found: 1146 Table 'hotelms.booking_rooms' doesn't exist
[14-Dec-2025 16:01:09 Europe/Berlin] PHP Warning:  session_start(): Session cannot be started after headers have already been sent in D:\casaaa\htdocs\Admin\Customer\aa\db_con.php on line 4
[14-Dec-2025 16:01:09 Europe/Berlin] Database error: SQLSTATE[42S02]: Base table or view not found: 1146 Table 'hotelms.booking_rooms' doesn't exist
[14-Dec-2025 16:01:32 Europe/Berlin] PHP Warning:  session_start(): Session cannot be started after headers have already been sent in D:\casaaa\htdocs\Admin\Customer\aa\db_con.php on line 4
[14-Dec-2025 16:01:32 Europe/Berlin] Database error: SQLSTATE[42S02]: Base table or view not found: 1146 Table 'hotelms.booking_rooms' doesn't exist
[14-Dec-2025 16:02:47 Europe/Berlin] PHP Warning:  session_start(): Session cannot be started after headers have already been sent in D:\casaaa\htdocs\Admin\Customer\aa\db_con.php on line 4
[14-Dec-2025 16:02:47 Europe/Berlin] Database error: SQLSTATE[42S02]: Base table or view not found: 1146 Table 'hotelms.booking_rooms' doesn't exist
[14-Dec-2025 16:06:08 Europe/Berlin] PHP Warning:  session_start(): Session cannot be started after headers have already been sent in D:\casaaa\htdocs\Admin\Customer\aa\db_con.php on line 4
[14-Dec-2025 16:06:08 Europe/Berlin] Database error: SQLSTATE[42S02]: Base table or view not found: 1146 Table 'hotelms.booking_rooms' doesn't exist
[14-Dec-2025 16:10:03 Europe/Berlin] PHP Warning:  session_start(): Session cannot be started after headers have already been sent in D:\casaaa\htdocs\Admin\Customer\aa\db_con.php on line 4
[14-Dec-2025 16:10:03 Europe/Berlin] Database error: SQLSTATE[42S02]: Base table or view not found: 1146 Table 'hotelms.booking_rooms' doesn't exist
[14-Dec-2025 16:16:37 Europe/Berlin] 
--- New Availability Check ---
[14-Dec-2025 16:16:37 Europe/Berlin] Request: Array
(
    [check_in] => 2025-12-14
    [check_out] => 2025-12-15
)

[14-Dec-2025 16:16:37 Europe/Berlin] PHP Warning:  session_start(): Session cannot be started after headers have already been sent in D:\casaaa\htdocs\Admin\Customer\aa\db_con.php on line 4
[14-Dec-2025 16:16:37 Europe/Berlin] Validating dates - Check-in: 2025-12-14, Check-out: 2025-12-15
[14-Dec-2025 16:16:37 Europe/Berlin] Fetching room types with SQL: 
            SELECT rt.room_type_id, rt.room_type, COUNT(rn.room_number_id) as total_rooms
            FROM room_types rt
            LEFT JOIN room_numbers rn ON rt.room_type_id = rn.room_type_id AND rn.status = 'active'
            WHERE rt.status = 'active'
         GROUP BY rt.room_type_id, rt.room_type
[14-Dec-2025 16:16:37 Europe/Berlin] Parameters: Array
(
)

[14-Dec-2025 16:16:37 Europe/Berlin] Found 3 room types to check
[14-Dec-2025 16:16:37 Europe/Berlin] Checking availability for room type: Triple Occupancy (ID: 3)
[14-Dec-2025 16:16:37 Europe/Berlin] Checking availability with SQL:                  SELECT COUNT(*) as available_rooms                 FROM room_numbers rn                 WHERE rn.room_type_id = ?                 AND rn.status = 'active'                 AND NOT EXISTS (                     SELECT 1                      FROM booking_rooms br                     JOIN bookings b ON br.booking_id = b.booking_id                     WHERE br.room_number_id = rn.room_number_id                     AND b.status IN ('confirmed', 'checked_in')                     AND (                         (b.check_in < ? AND b.check_out > ?)  -- Booking overlaps with requested dates                         OR (b.check_in >= ? AND b.check_in < ?)  -- Booking starts during stay                         OR (b.check_out > ? AND b.check_out <= ?)  -- Booking ends during stay                     )                 )             
[14-Dec-2025 16:16:37 Europe/Berlin] Parameters: Array
(
    [0] => 3
    [1] => 2025-12-15
    [2] => 2025-12-14
    [3] => 2025-12-14
    [4] => 2025-12-15
    [5] => 2025-12-14
    [6] => 2025-12-15
)

[14-Dec-2025 16:16:37 Europe/Berlin] Error: SQLSTATE[42S02]: Base table or view not found: 1146 Table 'hotelms.booking_rooms' doesn't exist
[14-Dec-2025 16:16:37 Europe/Berlin] Stack trace: #0 D:\casaaa\htdocs\Admin\Customer\aa\room_availability.php(498): PDO->prepare('\n              ...')
#1 {main}
[14-Dec-2025 16:16:41 Europe/Berlin] 
--- New Availability Check ---
[14-Dec-2025 16:16:41 Europe/Berlin] Request: Array
(
    [check_in] => 2025-12-14
    [check_out] => 2025-12-15
)

[14-Dec-2025 16:16:41 Europe/Berlin] PHP Warning:  session_start(): Session cannot be started after headers have already been sent in D:\casaaa\htdocs\Admin\Customer\aa\db_con.php on line 4
[14-Dec-2025 16:16:41 Europe/Berlin] Validating dates - Check-in: 2025-12-14, Check-out: 2025-12-15
[14-Dec-2025 16:16:41 Europe/Berlin] Fetching room types with SQL: 
            SELECT rt.room_type_id, rt.room_type, COUNT(rn.room_number_id) as total_rooms
            FROM room_types rt
            LEFT JOIN room_numbers rn ON rt.room_type_id = rn.room_type_id AND rn.status = 'active'
            WHERE rt.status = 'active'
         GROUP BY rt.room_type_id, rt.room_type
[14-Dec-2025 16:16:41 Europe/Berlin] Parameters: Array
(
)

[14-Dec-2025 16:16:41 Europe/Berlin] Found 3 room types to check
[14-Dec-2025 16:16:41 Europe/Berlin] Checking availability for room type: Triple Occupancy (ID: 3)
[14-Dec-2025 16:16:41 Europe/Berlin] Checking availability with SQL:                  SELECT COUNT(*) as available_rooms                 FROM room_numbers rn                 WHERE rn.room_type_id = ?                 AND rn.status = 'active'                 AND NOT EXISTS (                     SELECT 1                      FROM booking_rooms br                     JOIN bookings b ON br.booking_id = b.booking_id                     WHERE br.room_number_id = rn.room_number_id                     AND b.status IN ('confirmed', 'checked_in')                     AND (                         (b.check_in < ? AND b.check_out > ?)  -- Booking overlaps with requested dates                         OR (b.check_in >= ? AND b.check_in < ?)  -- Booking starts during stay                         OR (b.check_out > ? AND b.check_out <= ?)  -- Booking ends during stay                     )                 )             
[14-Dec-2025 16:16:41 Europe/Berlin] Parameters: Array
(
    [0] => 3
    [1] => 2025-12-15
    [2] => 2025-12-14
    [3] => 2025-12-14
    [4] => 2025-12-15
    [5] => 2025-12-14
    [6] => 2025-12-15
)

[14-Dec-2025 16:16:41 Europe/Berlin] Error: SQLSTATE[42S02]: Base table or view not found: 1146 Table 'hotelms.booking_rooms' doesn't exist
[14-Dec-2025 16:16:41 Europe/Berlin] Stack trace: #0 D:\casaaa\htdocs\Admin\Customer\aa\room_availability.php(498): PDO->prepare('\n              ...')
#1 {main}
[14-Dec-2025 16:16:43 Europe/Berlin] 
--- New Availability Check ---
[14-Dec-2025 16:16:43 Europe/Berlin] Request: Array
(
    [check_in] => 2025-12-14
    [check_out] => 2025-12-15
)

[14-Dec-2025 16:16:43 Europe/Berlin] PHP Warning:  session_start(): Session cannot be started after headers have already been sent in D:\casaaa\htdocs\Admin\Customer\aa\db_con.php on line 4
[14-Dec-2025 16:16:43 Europe/Berlin] Validating dates - Check-in: 2025-12-14, Check-out: 2025-12-15
[14-Dec-2025 16:16:43 Europe/Berlin] Fetching room types with SQL: 
            SELECT rt.room_type_id, rt.room_type, COUNT(rn.room_number_id) as total_rooms
            FROM room_types rt
            LEFT JOIN room_numbers rn ON rt.room_type_id = rn.room_type_id AND rn.status = 'active'
            WHERE rt.status = 'active'
         GROUP BY rt.room_type_id, rt.room_type
[14-Dec-2025 16:16:43 Europe/Berlin] Parameters: Array
(
)

[14-Dec-2025 16:16:43 Europe/Berlin] Found 3 room types to check
[14-Dec-2025 16:16:43 Europe/Berlin] Checking availability for room type: Triple Occupancy (ID: 3)
[14-Dec-2025 16:16:43 Europe/Berlin] Checking availability with SQL:                  SELECT COUNT(*) as available_rooms                 FROM room_numbers rn                 WHERE rn.room_type_id = ?                 AND rn.status = 'active'                 AND NOT EXISTS (                     SELECT 1                      FROM booking_rooms br                     JOIN bookings b ON br.booking_id = b.booking_id                     WHERE br.room_number_id = rn.room_number_id                     AND b.status IN ('confirmed', 'checked_in')                     AND (                         (b.check_in < ? AND b.check_out > ?)  -- Booking overlaps with requested dates                         OR (b.check_in >= ? AND b.check_in < ?)  -- Booking starts during stay                         OR (b.check_out > ? AND b.check_out <= ?)  -- Booking ends during stay                     )                 )             
[14-Dec-2025 16:16:43 Europe/Berlin] Parameters: Array
(
    [0] => 3
    [1] => 2025-12-15
    [2] => 2025-12-14
    [3] => 2025-12-14
    [4] => 2025-12-15
    [5] => 2025-12-14
    [6] => 2025-12-15
)

[14-Dec-2025 16:16:43 Europe/Berlin] Error: SQLSTATE[42S02]: Base table or view not found: 1146 Table 'hotelms.booking_rooms' doesn't exist
[14-Dec-2025 16:16:43 Europe/Berlin] Stack trace: #0 D:\casaaa\htdocs\Admin\Customer\aa\room_availability.php(498): PDO->prepare('\n              ...')
#1 {main}
[14-Dec-2025 16:16:45 Europe/Berlin] 
--- New Availability Check ---
[14-Dec-2025 16:16:45 Europe/Berlin] Request: Array
(
    [check_in] => 2025-12-14
    [check_out] => 2025-12-15
)

[14-Dec-2025 16:16:45 Europe/Berlin] PHP Warning:  session_start(): Session cannot be started after headers have already been sent in D:\casaaa\htdocs\Admin\Customer\aa\db_con.php on line 4
[14-Dec-2025 16:16:45 Europe/Berlin] Validating dates - Check-in: 2025-12-14, Check-out: 2025-12-15
[14-Dec-2025 16:16:45 Europe/Berlin] Fetching room types with SQL: 
            SELECT rt.room_type_id, rt.room_type, COUNT(rn.room_number_id) as total_rooms
            FROM room_types rt
            LEFT JOIN room_numbers rn ON rt.room_type_id = rn.room_type_id AND rn.status = 'active'
            WHERE rt.status = 'active'
         GROUP BY rt.room_type_id, rt.room_type
[14-Dec-2025 16:16:45 Europe/Berlin] Parameters: Array
(
)

[14-Dec-2025 16:16:45 Europe/Berlin] Found 3 room types to check
[14-Dec-2025 16:16:45 Europe/Berlin] Checking availability for room type: Triple Occupancy (ID: 3)
[14-Dec-2025 16:16:45 Europe/Berlin] Checking availability with SQL:                  SELECT COUNT(*) as available_rooms                 FROM room_numbers rn                 WHERE rn.room_type_id = ?                 AND rn.status = 'active'                 AND NOT EXISTS (                     SELECT 1                      FROM booking_rooms br                     JOIN bookings b ON br.booking_id = b.booking_id                     WHERE br.room_number_id = rn.room_number_id                     AND b.status IN ('confirmed', 'checked_in')                     AND (                         (b.check_in < ? AND b.check_out > ?)  -- Booking overlaps with requested dates                         OR (b.check_in >= ? AND b.check_in < ?)  -- Booking starts during stay                         OR (b.check_out > ? AND b.check_out <= ?)  -- Booking ends during stay                     )                 )             
[14-Dec-2025 16:16:45 Europe/Berlin] Parameters: Array
(
    [0] => 3
    [1] => 2025-12-15
    [2] => 2025-12-14
    [3] => 2025-12-14
    [4] => 2025-12-15
    [5] => 2025-12-14
    [6] => 2025-12-15
)

[14-Dec-2025 16:16:45 Europe/Berlin] Error: SQLSTATE[42S02]: Base table or view not found: 1146 Table 'hotelms.booking_rooms' doesn't exist
[14-Dec-2025 16:16:45 Europe/Berlin] Stack trace: #0 D:\casaaa\htdocs\Admin\Customer\aa\room_availability.php(498): PDO->prepare('\n              ...')
#1 {main}
[14-Dec-2025 16:16:47 Europe/Berlin] 
--- New Availability Check ---
[14-Dec-2025 16:16:47 Europe/Berlin] Request: Array
(
    [check_in] => 2025-12-14
    [check_out] => 2025-12-15
)

[14-Dec-2025 16:16:47 Europe/Berlin] PHP Warning:  session_start(): Session cannot be started after headers have already been sent in D:\casaaa\htdocs\Admin\Customer\aa\db_con.php on line 4
[14-Dec-2025 16:16:47 Europe/Berlin] Validating dates - Check-in: 2025-12-14, Check-out: 2025-12-15
[14-Dec-2025 16:16:47 Europe/Berlin] Fetching room types with SQL: 
            SELECT rt.room_type_id, rt.room_type, COUNT(rn.room_number_id) as total_rooms
            FROM room_types rt
            LEFT JOIN room_numbers rn ON rt.room_type_id = rn.room_type_id AND rn.status = 'active'
            WHERE rt.status = 'active'
         GROUP BY rt.room_type_id, rt.room_type
[14-Dec-2025 16:16:47 Europe/Berlin] Parameters: Array
(
)

[14-Dec-2025 16:16:47 Europe/Berlin] Found 3 room types to check
[14-Dec-2025 16:16:47 Europe/Berlin] Checking availability for room type: Triple Occupancy (ID: 3)
[14-Dec-2025 16:16:47 Europe/Berlin] Checking availability with SQL:                  SELECT COUNT(*) as available_rooms                 FROM room_numbers rn                 WHERE rn.room_type_id = ?                 AND rn.status = 'active'                 AND NOT EXISTS (                     SELECT 1                      FROM booking_rooms br                     JOIN bookings b ON br.booking_id = b.booking_id                     WHERE br.room_number_id = rn.room_number_id                     AND b.status IN ('confirmed', 'checked_in')                     AND (                         (b.check_in < ? AND b.check_out > ?)  -- Booking overlaps with requested dates                         OR (b.check_in >= ? AND b.check_in < ?)  -- Booking starts during stay                         OR (b.check_out > ? AND b.check_out <= ?)  -- Booking ends during stay                     )                 )             
[14-Dec-2025 16:16:47 Europe/Berlin] Parameters: Array
(
    [0] => 3
    [1] => 2025-12-15
    [2] => 2025-12-14
    [3] => 2025-12-14
    [4] => 2025-12-15
    [5] => 2025-12-14
    [6] => 2025-12-15
)

[14-Dec-2025 16:16:47 Europe/Berlin] Error: SQLSTATE[42S02]: Base table or view not found: 1146 Table 'hotelms.booking_rooms' doesn't exist
[14-Dec-2025 16:16:47 Europe/Berlin] Stack trace: #0 D:\casaaa\htdocs\Admin\Customer\aa\room_availability.php(498): PDO->prepare('\n              ...')
#1 {main}
[15-Dec-2025 13:42:57 Europe/Berlin] PHP Warning:  Cannot modify header information - headers already sent by (output started at D:\casaaa\htdocs\Admin\Customer\aa\room_availability.php:36) in D:\casaaa\htdocs\Admin\Customer\aa\room_availability.php on line 423
[15-Dec-2025 13:42:57 Europe/Berlin] PHP Warning:  session_start(): Session cannot be started after headers have already been sent in D:\casaaa\htdocs\Admin\Customer\aa\db_con.php on line 4
[2025-12-15 13:42:57] Availability check request
Data: Array
(
    [check_in] => 2025-12-15
    [check_out] => 2025-12-16
    [get_params] => Array
        (
            [check_in_date] => 2025-12-15
            [check_out_date] => 2025-12-16
        )

)

[15-Dec-2025 13:42:57 Europe/Berlin] PHP Warning:  Undefined variable $room_type_ids in D:\casaaa\htdocs\Admin\Customer\aa\room_availability.php on line 490
[15-Dec-2025 13:42:57 Europe/Berlin] PHP Warning:  Undefined variable $room_type_ids in D:\casaaa\htdocs\Admin\Customer\aa\room_availability.php on line 503
[15-Dec-2025 13:42:57 Europe/Berlin] Database error: SQLSTATE[42S02]: Base table or view not found: 1146 Table 'hotelms.booking_rooms' doesn't exist
[15-Dec-2025 15:21:08 Europe/Berlin] Database error: SQLSTATE[42S02]: Base table or view not found: 1146 Table 'hotelms.booking_rooms' doesn't exist
[15-Dec-2025 15:26:39 Europe/Berlin] Database error: SQLSTATE[42S02]: Base table or view not found: 1146 Table 'hotelms.booking_rooms' doesn't exist
[15-Dec-2025 15:26:39 Europe/Berlin] Database error: SQLSTATE[42S02]: Base table or view not found: 1146 Table 'hotelms.booking_rooms' doesn't exist
[15-Dec-2025 15:26:40 Europe/Berlin] Database error: SQLSTATE[42S02]: Base table or view not found: 1146 Table 'hotelms.booking_rooms' doesn't exist
